1FDL_Name,1FDL_LON,1FDL_LAT,1FDL_RA,1FDL_DEC,1FDL_Flux1000,1FDL_68Conf_Radius,1FDL_95Conf_Radius,matched_DR2,DR2_Source_Name,DR2_GLON,DR2_GLAT,DR2_CLASS1,DR2_Flux1000,DR2_ASSOC1
1FDL J1923.0+1409,49.0970997704416,-0.414847558164929,290.766385152722,14.1505878384103,4.137994451509635e-08,0.027802538,0.045079667,True,4FGL J1923.2+1408e,49.1157989501953,-0.461601912975311,SNR,3.704373696677976e-08,W 51C
1FDL J0616.8+2233,189.019131735618,2.9409939578028,94.2071824378185,22.5613889074187,1.2938531872729635e-07,0.040463008,0.065607645,True,4FGL J0617.2+2234e,189.047653198242,3.03345084190369,SNR,5.600849206643944e-08,IC 443
1FDL J1635.9-4731,337.035440654883,-0.0848729140919074,248.996089777126,-47.5280376145617,2.229641914607344e-08,0.039568805,0.06415776,True,4FGL J1636.3-4731e,337.076843261719,-0.122873343527317,SNR,1.1220434359415776e-08,SNR G337.0-00.1
1FDL J1800.6-2352,6.06623182796445,-0.336192185134936,270.171647714531,-23.8820290320429,6.22520360100181e-09,0.096560910956417,0.156566071684332,True,4FGL J1759.7-2354,5.94540739059448,-0.167941257357597,,3.6377023615585805e-09,
1FDL J1856.3+0114,34.6030044830849,-0.531241544642574,284.09450115082,1.24482966878783,6.057419900343512e-08,0.07673081,0.12441309,True,4FGL J1855.9+0121e,34.6533584594727,-0.388004153966904,SNR,6.462779111870988e-08,W 44
1FDL J1801.5-2322,6.59978395364263,-0.264840231730634,270.392532886644,-23.3832187221616,4.366421009650515e-08,0.05403235,0.087609285,True,4FGL J1801.3-2326e,6.52657604217529,-0.251051634550095,SNR,2.8084572889497398e-08,W 28
1FDL J1843.5-0347,28.6484316244225,0.0259949306550668,280.880214717579,-3.79963871964423,1.522995709965825e-08,0.0766338710785252,0.124255916847967,True,4FGL J1844.4-0345,28.7940502166748,-0.166164040565491,PSR,8.435514509130826e-09,PSR J1844-0346
1FDL J1855.6+0141,34.9120424817164,-0.062344290200435,283.907193335453,1.68814081977504,7.59567573309479e-09,0.0940535220977982,0.152500519541219,True,4FGL J1854.7+0153,34.9980621337891,0.119989909231663,,4.916002716015555e-09,
1FDL J1745.3-2904,359.848158357975,-0.023764585347194,266.337673918912,-29.0781457821272,4.132120178088718e-08,0.02594162,0.042062335,True,4FGL J1745.6-2859,359.952514648438,-0.0389374345541,spp,5.1910099330143566e-08,Galactic Centre
1FDL J1639.4-4647,337.977624603186,-0.0267600506105926,249.860417834958,-46.7893224772736,1.005387682108972e-08,0.0711979567012419,0.115442002675644,True,4FGL J1638.5-4657c,337.760192871094,-0.0250708796083927,spp,6.1635603287868435e-09,SNR G337.8-00.1
1FDL J1839.1-0542,26.4599972406539,0.115994867260008,279.794797706363,-5.70421269777397,2.3018395934603715e-08,0.03832594,0.062142555,True,4FGL J1838.9-0537,26.5148296356201,0.199044287204742,PSR,1.613943112488414e-08,PSR J1838-0537
1FDL J1418.7-6058,313.329658533574,0.125893466485153,214.693736960205,-60.970408741636,3.297606329267912e-08,0.026787823,0.043434385,True,4FGL J1418.7-6057,313.330841064453,0.130788192152977,PSR,3.932625602942608e-08,PSR J1418-6058
1FDL J1805.7-2133,8.67343821954255,-0.209174301401658,271.443635089331,-21.5502648532434,1.960101567590671e-08,0.07537772,0.12221915,True,4FGL J1805.6-2136e,8.60377311706543,-0.210544422268868,SNR,8.273039142636662e-09,W 30
1FDL J2021.6+4029,78.2769059737919,2.09557507828938,305.406416231796,40.4922102762067,9.632101269474514e-08,0.0230923035,0.037442385,True,4FGL J2021.5+4026,78.228401184082,2.08178472518921,PSR,1.1255909981855441e-07,PSR J2021+4026
1FDL J1405.3-6119,311.683983027951,0.285016677128316,211.346344370765,-61.3238435900679,1.8592519943020476e-08,0.06755881,0.109541395,True,4FGL J1405.1-6119,311.659484863281,0.283607304096222,,9.656418775705332e-09,
1FDL J1745.9-2852,0.0893972500551496,-0.039640586444959,266.496823281706,-28.8804965311734,1.8300388942837618e-08,0.0308900235,0.05008579,True,4FGL J1746.4-2852,0.150241360068321,-0.115954145789146,pwn,1.5222072491383187e-08,PWN G0.13-0.11
1FDL J1640.4-4631,338.292285888727,0.016545553576317,250.11778459729,-46.5253462359696,1.8103486563035373e-08,0.051168865,0.08296637,True,4FGL J1641.0-4619,338.506530761719,0.0792637094855308,spp,6.935172880417895e-09,SNR G338.5+00.1
1FDL J1907.8+0602,40.1746675758456,-0.879548899780691,286.961876689768,6.03816972814199,3.3620666601175023e-08,0.023707362,0.0384396575,True,4FGL J1907.9+0602,40.1822891235352,-0.900932550430298,PSR,4.1119871951877946e-08,PSR J1907+0602
1FDL J1834.4-0844,23.2171634663898,-0.241841272460512,278.612921131278,-8.74881142603648,1.681433438738857e-08,0.069020325,0.11191112,True,4FGL J1834.5-0846e,23.2018013000488,-0.27995964884758,spp,9.454145022402828e-09,W 41
1FDL J2032.2+4126,80.2270675617112,1.0117918022772,308.074545835339,41.4498250070172,1.6465443764867014e-08,0.02572736,0.041714925,True,4FGL J2032.2+4127,80.229362487793,1.02414047718048,PSR,2.3086146327955248e-08,PSR J2032+4127
1FDL J1552.5-5611,326.228189699503,-1.73961896854044,238.129292486663,-56.1907875409316,1.6164850038077477e-08,0.03225291,0.05229561,True,4FGL J1552.9-5607e,326.318725585938,-1.73513329029083,SNR,5.961938498444397e-09,MSH 15-56
1FDL J1700.6-4236,343.596902170627,-0.242397583354433,255.159650737411,-42.6102930672152,4.7922333813513925e-09,0.11130337208785,0.18046980826884,True,4FGL J1700.2-4237c,343.538787841797,-0.197176605463028,,2.338383264799404e-09,
1FDL J1906.5+0721,41.2018935437157,0.0109027759743124,286.641549126951,7.35983789654094,1.4514829142021311e-08,0.0471731343738358,0.0764875897711609,True,4FGL J1906.4+0723,41.2222518920898,0.0550058186054229,PSR,9.874894679740011e-09,PSR J1906+0722
1FDL J1554.4-5320,328.263038628215,0.285164463718637,238.624674212321,-53.3346210009042,1.4355322447112946e-08,0.0997668011087066,0.161764171980339,True,4FGL J1553.8-5325e,328.127258300781,0.27877476811409,,1.943621086297753e-08,
1FDL J2232.4+1143,77.3837149736339,-38.5583393748607,338.102766945133,11.72171211751,4.459481842868133e-08,0.017897293,0.02901908,True,4FGL J2232.6+1143,77.4384841918945,-38.5831527709961,FSRQ,4.845441736733847e-08,CTA 102
1FDL J2021.0+3651,75.2234092744563,0.115697023456509,305.268770563291,36.8552030580953,6.60277593875422e-08,0.02357296,0.038221735,True,4FGL J2021.1+3651,75.2290649414063,0.10907893627882,PSR,7.234041987658203e-08,PSR J2021+3651
1FDL J1717.7-3728,349.666680008846,0.189261510396331,259.436604249517,-37.4787828163254,1.3075893057440636e-08,0.0262736400420791,0.0426006829034868,True,4FGL J1718.0-3726,349.722320556641,0.162285387516022,snr,5.28357979590055e-09,SNR G349.7+00.2
1FDL J2254.0+1609,86.1451357784418,-38.1927097620626,343.518942526226,16.1556778677011,8.072274466768837e-08,0.0175628885,0.02847687,True,4FGL J2253.9+1609,86.118522644043,-38.1848602294922,FSRQ,8.690198427530049e-08,3C 454.3
1FDL J1351.5-6223,309.831102736945,-0.332561531990108,207.884675934015,-62.3965263791878,1.2140819432459885e-08,0.0293024582698956,0.0475116739624599,True,4FGL J1350.6-6224,309.732513427734,-0.326588183641434,PSR,6.698186449938248e-09,PSR J1350-6225
1FDL J0634.0+1746,195.151031494141,4.292297,98.5085952374282,17.7670828618518,5.125359254192165e-07,0.019168824,0.03108077,True,4FGL J0633.9+1746,195.135223388672,4.27298355102539,PSR,7.082858815010695e-07,PSR J0633+1746
1FDL J1509.3-5850,319.963592432809,-0.600594186334635,227.329140297921,-58.8359159834469,1.1953310695041849e-08,0.0265969005735086,0.0431248242395553,True,4FGL J1509.4-5850,319.975799560547,-0.616043925285339,PSR,1.7319225165124408e-08,PSR J1509-5850
1FDL J1714.2-3832,348.397938601171,0.134520616066654,258.557572367905,-38.5432359054478,1.159789893626731e-08,0.0492055810489804,0.0797830583939789,True,4FGL J1714.4-3830,348.452392578125,0.120908334851265,PSR,1.0311252296446582e-08,PSR J1714-3830
1FDL J1045.0-5940,287.59491865959,-0.621600095471215,161.268803511287,-59.6765605978232,1.4520431420579523e-08,0.0254250095778875,0.0412246893917385,True,4FGL J1045.1-5940,287.601379394531,-0.624565601348877,BIN,2.0367819431044157e-08,Eta Carinae
1FDL J0811.3+0148,220.675125054542,18.571641547567,122.849697994632,1.8085286871635,1.11689493123719e-08,0.0251708287025978,0.0408125591968254,True,4FGL J0811.4+0146,220.711380004883,18.566104888916,bll,3.7814569253669106e-09,OJ 014
1FDL J1954.3+2837,65.2552987471074,0.387907924245095,298.575599991768,28.6168645986782,1.1130634450630215e-08,0.0258021437929979,0.0418361871597428,True,4FGL J1954.3+2836,65.2475051879883,0.373181521892548,PSR,1.4950437332572623e-08,PSR J1954+2836
1FDL J0633.3+0629,205.096358272516,-1.03009101621962,98.3479829080589,6.4949426082873,1.1124452346748969e-08,0.0233517458264941,0.0378630524390416,True,4FGL J0633.7+0632,205.092742919922,-0.928446710109711,PSR,1.493675227948188e-08,PSR J0633+0632
1FDL J0428.8-3755,240.694036343663,-43.587082644943,67.2070625831072,-37.9269628894744,2.214632474757277e-08,0.0221519617496384,0.0359176985225533,True,4FGL J0428.6-3756,240.710342407227,-43.6146545410156,bll,2.36849935220107e-08,PKS 0426-380
1FDL J0240.6+6113,135.692406998457,1.09156887637818,40.1690238879679,61.2273086340828,3.508060220516283e-08,0.023745429,0.038501382,True,4FGL J0240.5+6113,135.680221557617,1.0876452922821,HMB,4.675469256198994e-08,LSI +61 303
1FDL J0822.6-4251,260.33422088623,-3.2878428,125.660466317801,-42.8604520396565,1.1072480395176664e-08,0.0698025314193056,0.113179401270678,True,4FGL J0822.1-4253e,260.309051513672,-3.37426853179932,SNR,8.844663668128305e-09,Puppis A
1FDL J0835.5-4508,263.546173095703,-2.73054,128.895552876312,-45.1378255919892,1.1058354192012615e-06,0.019906828,0.032277385,True,4FGL J0835.3-4510,263.5537109375,-2.78772664070129,PSR,1.3516935268853558e-06,PSR J0835-4510
1FDL J1747.1-3000,359.250194317004,-0.846208508316836,266.787986080991,-30.0164891613585,1.0787251196110866e-08,0.0452609675046851,0.0733871643095341,True,4FGL J1747.2-2957,359.310150146484,-0.845443725585938,PSR,1.8737138063329443e-08,PSR J1747-2958
1FDL J1732.3-3129,356.298531937777,1.06366240424544,263.078487522232,-31.4996441274623,3.206139391478349e-08,0.021549221,0.034940403,True,4FGL J1732.5-3131,356.314697265625,1.00632047653198,PSR,3.4666221893076e-08,PSR J1732-3131
1FDL J0616.9+5705,157.336964704533,18.0841334847627,94.245464696412,57.0944594253608,2.0665507734193504e-09,0.0322723359910719,0.052327106594819,True,4FGL J0617.2+5701,157.419998168945,18.0934429168701,bll,1.167211327590678e-09,87GB 061258.1+570222
1FDL J1826.3-1259,18.528723733262,-0.436799950968592,276.576592990952,-12.9939971982465,5.13267701282205e-08,0.0232375135,0.037677835,True,4FGL J1826.1-1256,18.5563468933105,-0.376634061336517,PSR,5.4473677124633475e-08,PSR J1826-1256
1FDL J1622.8-5005,333.693648595007,-0.288128168229435,245.721642628498,-50.089866748598,1.0232432678391307e-08,0.0323299970076667,0.0524206000769733,True,4FGL J1623.0-5004,333.717224121094,-0.291623950004578,PSR,9.456891270076541e-09,PSR J1623-5005
1FDL J1111.9-6036,291.021120985939,-0.0607232637995567,167.988820425025,-60.6111669481474,1.0185045183890945e-08,0.0255507683888876,0.0414285980476372,True,4FGL J1111.8-6039,291.027008056641,-0.109926760196686,PSR,8.648323834847815e-09,PSR J1111-6039
1FDL J1709.9-4425,343.161616204038,-2.68175301303311,257.476448282629,-44.4319913867692,1.5910409587779636e-07,0.019882912,0.032238605,True,4FGL J1709.7-4429,343.098785400391,-2.68665456771851,PSR,1.9928080519093785e-07,PSR J1709-4429
1FDL J0522.0+2115,183.603444839137,-8.62255360953051,80.5177111774466,21.2624159383401,9.95816376266981e-09,0.0246635039043505,0.0399899691791446,True,4FGL J0521.7+2112,183.606719970703,-8.70668792724609,bll,1.162157037271072e-08,TXS 0518+211
1FDL J1836.3+5926,88.9025519045458,24.9822780125439,279.09959668134,59.445793689268,7.88024282096933e-08,0.018535834,0.030054425,True,4FGL J1836.2+5925,88.8782653808594,25.000617980957,PSR,1.0378730053162145e-07,PSR J1836+5925
1FDL J1911.2+0903,43.2333828304155,-0.230088923479142,287.803876088631,9.05147165865866,9.47222487820354e-09,0.0234674851322508,0.0380507179548211,True,4FGL J1911.0+0905,43.2515029907227,-0.176113933324814,snr,1.7717896483304685e-08,W 49B
1FDL J1848.0-0135,31.1303240077612,0.0346854725039378,282.006884044453,-1.58752622016313,9.400344289202926e-09,0.126625328571488,0.205313192452892,True,4FGL J1848.7-0129,31.2961578369141,-0.0956621468067169,glc,7.310100524904328e-09,GLIMPSE C01
1FDL J0534.5+2159,184.584143475492,-5.78919963982053,83.6439987584933,21.9894817689431,1.475188506349731e-07,0.021196788,0.03436896,True,4FGL J0534.5+2200,184.55891418457,-5.78131341934204,PSR,1.553893014261121e-07,PSR J0534+2200
1FDL J1427.7-4205,321.424802116046,17.2893323090515,216.948128505202,-42.0962582515595,2.9076802059238314e-08,0.023663215,0.03836808,True,4FGL J1427.9-4206,321.448547363281,17.269458770752,FSRQ,3.9366859994061094e-08,PKS 1424-41
1FDL J1800.4+7829,110.058501816335,29.0768466765501,270.120849114734,78.4845506310004,9.188409877363282e-09,0.0268870652676232,0.0435953047476519,True,4FGL J1800.6+7828,110.037628173828,29.0684757232666,bll,5.165034178133965e-09,S5 1803+784
1FDL J1028.6-5817,285.074202860487,-0.46776945452586,157.159102636768,-58.2991933120579,2.8783892232711185e-08,0.023352692,0.037864585,True,4FGL J1028.5-5819,285.070617675781,-0.491832762956619,PSR,3.3484877093314935e-08,PSR J1028-5819
1FDL J0224.5+6200,133.62595962437,1.09297371135963,36.1493670398316,62.0148897092056,9.04109831733178e-09,0.0551873295493854,0.0894819966606975,True,4FGL J0222.4+6156e,133.418853759766,0.936178624629974,snr,1.2519015157863578e-08,W 3
1FDL J1724.8+1158,34.1920488208894,24.5627482235919,261.214477404086,11.9670274119853,8.825572359291946e-09,0.0228304289594748,0.0370177817844699,True,4FGL J1725.0+1152,34.1252746582031,24.4738311767578,bll,3.985132224215704e-09,1H 1720+117
1FDL J1748.1-2814,0.876482950939299,-0.106384727888596,267.026436973861,-28.242072250374,8.783509593967675e-09,0.0591407548938854,0.0958921712868043,False,,,,,,
1FDL J0538.2-6914,279.636031667344,-31.6969223907099,84.5595054622354,-69.2424704868917,3.484248485991394e-09,0.0614664624339661,0.0996631273852755,True,4FGL J0540.3-6920,279.722930908203,-31.5001316070557,PSR,2.407283705707641e-09,PSR J0540-6919
1FDL J1813.3-1245,17.2456366088058,2.47037961033376,273.326428699207,-12.752986409021,2.7344960224879434e-08,0.026287006749936,0.0426223567477857,True,4FGL J1813.4-1246,17.2440547943115,2.44247221946716,PSR,2.8099934823444528e-08,PSR J1813-1246
1FDL J1813.6-1752,12.8554178943326,0.0632905157260056,273.420997548468,-17.8806268723719,8.523034374265522e-09,0.0695809562586366,0.112820152909148,True,4FGL J1813.1-1737e,12.9544105529785,0.171084940433502,spp,1.68481371076723e-08,HESS J1813-178
1FDL J1542.7+6128,95.3834211453122,45.4221221743474,235.690297209952,61.478083108708,8.377554542247516e-09,0.0270188265366638,0.043808945117818,True,4FGL J1543.0+6130,95.3921051025391,45.3827209472656,bll,6.350233672236527e-09,GB6 J1542+6129
1FDL J1512.7-0906,351.250667056849,40.1542833922722,228.177866479477,-9.10832576542034,3.260445070936751e-08,0.0231672265,0.03756387,True,4FGL J1512.8-0906,351.287536621094,40.1312217712402,FSRQ,3.4685626815189614e-08,PKS 1510-089
1FDL J1844.3-0340,28.9101939028586,0.0955641169238506,281.085535738285,-3.6668160934391,2.0109479974096435e-09,0.101614525612968,0.164760125653866,True,4FGL J1843.7-0326,28.9943256378174,0.146283149719238,,1.988530895502549e-09,
1FDL J2028.4+3335,73.4184057167562,-2.99467710274768,307.110005911861,33.5888990339703,7.994536174548239e-09,0.026391957188122,0.042792524093672,True,4FGL J2028.3+3331,73.3594284057617,-3.0110559463501,PSR,1.0419144658158077e-08,PSR J2028+3332
1FDL J1803.1-2150,8.13113514018396,0.174480549180079,270.797503795297,-21.8345818604618,7.899719667093651e-09,0.0390137874395592,0.06325784165572,True,4FGL J1803.1-2148,8.14688873291016,0.198980212211609,PSR,1.2308008834338581e-08,PSR J1803-2149
1FDL J1048.5+7143,135.444878877811,42.2936787339597,162.131671074057,71.720411262402,7.77573479858302e-09,0.0280893228645204,0.0455446672616616,True,4FGL J1048.4+7143,135.445495605469,42.2815361022949,FSRQ,8.846328114486823e-09,S5 1044+71
1FDL J1826.2-1453,16.8347190798415,-1.30534967832453,276.554921595468,-14.8973809793404,1.9221255869899517e-08,0.0390476880073514,0.0633128136379894,True,4FGL J1826.2-1450,16.8809547424316,-1.29059278964996,HMB,2.0532384681359872e-08,LS 5039
1FDL J2015.5+3709,74.8552621246732,1.19564770800442,303.891290780951,37.1582162352332,7.615879501142692e-09,0.0343912851361637,0.0557628165923463,True,4FGL J2015.5+3710,74.8705215454102,1.20481050014496,FSRQ,8.054763966924838e-09,MG2 J201534+3710
1FDL J1018.8-5855,284.337982693127,-1.68161243121274,154.718253006644,-58.9314354804323,1.8968239475221074e-08,0.0362702142473619,0.0588093559116114,True,4FGL J1018.9-5856,284.354614257813,-1.68487203121185,HMB,2.4509812845963097e-08,1FGL J1018.6-5856
1FDL J0700.8-6610,276.765029843157,-23.7293553471916,105.20075823174,-66.1688893652435,7.548831996305606e-09,0.0290329249670281,0.0470746463535605,True,4FGL J0700.5-6610,276.769653320313,-23.760103225708,bll,4.763399452656358e-09,PKS 0700-661
1FDL J2017.3+0603,48.6110465940345,-16.0127958312801,304.328116167031,6.0503724795144,7.483433780128431e-09,0.0286358636666964,0.046430846923768,True,4FGL J2017.4+0602,48.6224212646484,-16.0336818695068,PSR,6.198694002534921e-09,PSR J2017+0603
1FDL J1213.8-6238,298.632385797075,-0.0896360279029063,183.468579050362,-62.6473854848318,7.417749449385386e-09,0.0608427999819198,0.0986518973055143,True,4FGL J1213.3-6240e,298.582824707031,-0.126889109611511,snr,8.400829365484697e-09,SNR G298.6-00.0
1FDL J0211.3+1052,152.614381720391,-47.3382292937116,32.840771502303,10.8747629468621,7.3857985167244466e-09,0.0293004349890245,0.0475083956122528,True,4FGL J0211.2+1051,152.585159301758,-47.3681488037109,BLL,5.264618518907582e-09,MG1 J021114+1051
1FDL J1555.6+1111,21.882843789732,43.9866029771793,238.900271971001,11.1836033247108,7.289753045489049e-09,0.0287641860944664,0.0466389086924818,True,4FGL J1555.7+1111,21.9080200195313,43.9616851806641,BLL,1.4377574686363914e-08,PG 1553+113
1FDL J1514.1-4945,325.234435607228,6.83833020046319,228.535015812234,-49.7524366510771,7.2535785759708255e-09,0.0292036066763178,0.047351395626785,True,4FGL J1514.3-4946,325.247161865234,6.80868053436279,PSR,6.675915820153477e-09,PSR J1514-4946
1FDL J2347.1+5137,112.880979679708,-9.98469463184021,356.785135154478,51.6278966488506,7.2390197249532176e-09,0.0262926226255015,0.0426314541798256,True,4FGL J2347.0+5141,112.886703491211,-9.91519260406494,bll,2.8548265973427082e-09,1ES 2344+514
1FDL J0957.5+5524,158.585905361665,47.9045304604405,149.377113263979,55.4001112706015,7.1524666255371e-09,0.0275409039263754,0.0446554471492132,True,4FGL J0957.6+5523,158.594680786133,47.9313926696777,fsrq,1.0250811754985989e-08,4C +55.17
1FDL J1809.7-2331,7.38473764282436,-1.97247594404729,272.434678752599,-23.5330789456512,7.131606169320086e-08,0.02393142,0.038802948,True,4FGL J1809.8-2332,7.39093112945557,-1.99702835083008,PSR,6.308419386868992e-08,PSR J1809-2332
1FDL J1952.9+3252,68.7562751501385,2.81982525600357,298.240843136273,32.8685594009208,1.3956568131259852e-08,0.0259246749063396,0.0420348598559792,True,4FGL J1952.9+3252,68.7714691162109,2.82255792617798,PSR,2.0124836908053112e-08,PSR J1952+3252
1FDL J1907.0+0712,41.1166854334959,-0.169460344613481,286.763508390196,7.20123120939049,6.931025872379773e-09,0.0439131549514703,0.0712017965786153,True,4FGL J1906.9+0712,41.1228370666504,-0.148156195878983,,7.176876426484568e-09,
1FDL J2229.5+6116,106.714048526091,2.96045732291662,337.377533832744,61.2804182874553,2.7256861035503607e-08,0.021322785,0.03457325,True,4FGL J2229.0+6114,106.648445129395,2.94866323471069,PSR,3.0598872768905494e-08,PSR J2229+6114
1FDL J1047.9-5827,287.357759409868,0.632112315744383,161.985028097903,-58.4548687544943,2.1543371965871593e-08,0.0200581,0.03252266,True,4FGL J1048.2-5832,287.430114746094,0.573992192745209,PSR,2.542306098973768e-08,PSR J1048-5832
1FDL J0006.5+7306,119.637816780289,10.5237639565534,1.64810198952648,73.1080515617865,5.400062570247914e-08,0.021761905,0.035285253,True,4FGL J0007.0+7303,119.662628173828,10.4616804122925,PSR,6.66292834239357e-08,PSR J0007+7303
1FDL J1620.6-4929,333.866563733521,0.392665060053875,245.165697338529,-49.4860820471413,1.7007597134480615e-08,0.021972593,0.035626865,True,4FGL J1620.7-4927,333.891815185547,0.404478847980499,PSR,2.2252452325233207e-08,PSR J1620-4927
1FDL J1801.5-2453,5.28496780643764,-1.008545353543,270.388045991934,-24.8937101298257,6.645757345944653e-09,0.0376989079319552,0.0611258640738238,True,4FGL J1801.2-2450,5.29290676116943,-0.932140529155731,PSR,3.777581802921759e-09,PSR J1801-2451
1FDL J1311.9-3428,307.723853112848,28.2046591278205,197.983044320742,-34.4763290254924,6.632620180914013e-09,0.0305221607900901,0.0494893268289964,True,4FGL J1311.7-3430,307.688171386719,28.1739902496338,PSR,7.567811266540048e-09,PSR J1311-3430
1FDL J1615.9-5054,332.328137146155,-0.102051929178761,243.985923040155,-50.914839259955,6.579492436291964e-09,0.121240924351284,0.196582813770994,True,4FGL J1616.2-5054e,332.365142822266,-0.130940616130829,PWN,1.037795804847974e-08,HESS J1616-508
1FDL J1022.8-5745,284.140295440404,-0.406189433562488,155.723198439758,-57.7534405290836,1.3057310870894658e-08,0.0361640211264731,0.0586371649861515,True,4FGL J1023.0-5745,284.167663574219,-0.397838771343231,PSR,1.83624671024063e-08,PSR J1023-5746
1FDL J1429.8-5912,315.234755594294,1.28695443077155,217.454728617683,-59.21444147111,6.508876750616072e-09,0.0349354566334774,0.0566451511618136,True,4FGL J1429.9-5911,315.261688232422,1.30380833148956,PSR,1.3054304304205289e-08,PSR J1429-5911
1FDL J1521.7-5737,321.989089874445,-0.428948826974067,230.436877887396,-57.6291999016809,6.470472563149342e-09,0.0440802860142872,0.071472784938122,True,4FGL J1521.9-5735,322.036010742188,-0.411772042512894,PSR,1.0138191619546433e-08,PSR J1522-5735
1FDL J1634.2-4745,336.664652844581,-0.0327067917919506,248.567105550604,-47.7661170120159,2.091525750945824e-08,0.11449661,0.185647415,True,4FGL J1633.0-4746e,336.521148681641,0.116647228598595,spp,2.5967203498566963e-08,HESS J1632-478
1FDL J1710.8-3934,347.168031865969,0.0609715745279912,257.701666383885,-39.5807556139464,6.337350976801856e-09,0.0917658926433374,0.148791321294958,True,4FGL J1710.3-3943,347.005126953125,0.043479386717081,bcu,3.878179999361464e-09,GPSR 347.050+0.041
1FDL J2341.3+8016,119.869708674042,17.8235254040194,355.335982351447,80.2759211817978,3.1692475261568e-09,0.0340841881199547,0.0552648841886063,True,4FGL J2340.8+8015,119.843246459961,17.8143424987793,bll,1.9585657540233115e-09,1RXS J234051.4+801513
1FDL J1753.9-2538,3.77637983319322,0.0944495072099057,268.497097687393,-25.6475551139948,6.300942551834726e-09,0.0373720319176736,0.0605958668776527,True,4FGL J1753.8-2538,3.76581120491028,0.126933887600899,,8.430990128260873e-09,
1FDL J0112.0+2246,129.129190539355,-39.845677740198,18.0169267491458,22.7776991087766,6.296055678425544e-09,0.0302506866683844,0.0490491518797236,True,4FGL J0112.1+2245,129.147644042969,-39.8705368041992,BLL,7.982969840725218e-09,S2 0109+22
1FDL J1221.8+2812,201.892196641839,83.3664334020193,185.467474132767,28.2043897323115,6.2371553321903255e-09,0.0292643822350298,0.0474499365714044,True,4FGL J1221.5+2814,201.694152832031,83.2841262817383,bll,3.281504845631389e-09,W Comae
1FDL J1653.4-4349,341.824829224099,0.0181812972447038,253.362638198191,-43.8324309446537,6.2370209092417506e-09,0.0734783989484224,0.119139561907395,True,4FGL J1653.2-4349,341.803039550781,0.0577076375484466,,5.947649928117471e-09,
1FDL J1903.6+0519,39.0635452428608,-0.284370803813887,285.917757171029,5.32458403807739,6.219734407138442e-09,0.0737135504138614,0.11952083749197,True,4FGL J1903.8+0531,39.2643966674805,-0.244645655155182,spp,3.1703371039526473e-09,SNR G039.2-00.3
1FDL J1441.9-6003,316.317465092621,-0.0879752671221288,220.491016255692,-60.0555858062624,6.208282289606616e-09,0.076288420356824,0.123695783146399,True,4FGL J1442.2-6005,316.335327148438,-0.134422123432159,spp,3.451025243350614e-09,SNR G316.3-00.0
1FDL J0449.6-4349,248.788138184392,-39.8794851102299,72.406972336137,-43.8218585469837,6.143951348043002e-09,0.0295341049778202,0.0478872722751369,True,4FGL J0449.4-4350,248.804275512695,-39.9149436950684,bll,1.1330731020109397e-08,PKS 0447-439
1FDL J1823.0-1342,17.5268330248966,-0.0790396267307904,275.770063175787,-13.7123077100143,6.138029339379018e-09,0.0476536167880369,0.0772666691420694,True,4FGL J1823.3-1340,17.5964889526367,-0.114914298057556,,1.0302239950021884e-08,
1FDL J1223.8+8039,124.319555162184,36.4005191988931,185.966473678764,80.6533279580976,1.5404137976857594e-09,0.0399559750957684,0.0647855337033135,True,4FGL J1223.8+8039,124.31763458252,36.3941955566406,bll,1.071702948607367e-09,S5 1221+80
1FDL J0538.7-4403,250.049818094456,-31.0962063722481,84.6946425921592,-44.0589681768755,1.5269395636582466e-08,0.0220589372437672,0.0357668664083564,True,4FGL J0538.8-4405,250.083099365234,-31.0903759002686,BLL,1.7471711188932204e-08,PKS 0537-441
1FDL J2236.0+2830,90.0735380389504,-25.583693666067,339.015607437836,28.5155431084478,6.026694817164638e-09,0.0307166369649605,0.0498046626767704,True,4FGL J2236.3+2828,90.1194763183594,-25.6496162414551,fsrq,4.733951453061991e-09,B2 2234+28A
1FDL J2029.9+3640,76.1021318408518,-1.44035402012537,307.487836485705,36.6729955828855,5.992425563012153e-09,0.0383229637786329,0.062137725984595,True,4FGL J2030.0+3641,76.123405456543,-1.4454824924469,PSR,7.78757147656961e-09,PSR J2030+3641
1FDL J0614.0-3330,240.502250305835,-21.8441468522931,93.5243143604992,-33.5048261844802,1.1824748703664567e-08,0.0249334655307918,0.0404276954084743,True,4FGL J0614.1-3329,240.500076293945,-21.8276977539063,PSR,1.8419099134803222e-08,PSR J0614-3329
1FDL J1118.7-6125,292.087174793781,-0.519141552790297,169.696887583106,-61.4246721141834,5.91958078787363e-09,0.0275360295377216,0.0446475498173899,True,4FGL J1119.1-6127,292.133117675781,-0.534480154514313,PSR,4.980651446828688e-09,PSR J1119-6127
1FDL J0826.0-2228,243.960621050589,8.9439596071194,126.500922365961,-22.4756394914999,5.866698369923602e-09,0.0307296878760541,0.0498258145030261,True,4FGL J0825.9-2230,243.984603881836,8.92570686340332,bll,4.656717678130917e-09,PKS 0823-223
1FDL J0738.1+1741,201.873176184312,18.0789099115822,114.549461103662,17.6853336953284,5.844983910282864e-09,0.0309769272534258,0.050226700563396,True,4FGL J0738.1+1742,201.848358154297,18.0780010223389,bll,6.291652532297576e-09,PKS 0735+17
1FDL J1224.6+2439,233.726744546401,83.4930957622822,186.165133261152,24.6604779718989,1.8132843780546878e-09,0.0362750571677123,0.0588172061035801,True,4FGL J1224.4+2436,233.940322875977,83.4336242675781,bll,1.2361968115826014e-09,MS 1221.8+2452
1FDL J2323.6+5850,111.771404487927,-2.12212315059521,350.911917547479,58.8342274876765,5.733133833439344e-09,0.028149557316025,0.0456423381534516,True,4FGL J2323.4+5849,111.741027832031,-2.1293523311615,snr,6.5839773633058485e-09,Cas A
1FDL J1810.3-1930,10.9755123100299,-0.165174757099764,272.596705074467,-19.5166454824737,5.72365489102426e-09,0.102477331661424,0.166159083868688,True,4FGL J1810.3-1925e,11.0483312606812,-0.117804974317551,spp,7.079246522323501e-09,HESS J1809-193
1FDL J2202.7+4217,92.5971929023254,-10.427676489568,330.677341890874,42.293026743032,1.789845730098994e-08,0.024978994337036,0.0405015147968804,True,4FGL J2202.7+4216,92.6007461547852,-10.4441118240356,BLL,2.313856128921543e-08,BL Lac
1FDL J1819.2-1531,15.483979102714,-0.109376215587342,274.803632018552,-15.5288345676949,5.598608046574245e-09,0.0960442359719143,0.155728322364148,True,4FGL J1818.6-1533,15.3887767791748,-0.0011248644441366,spp,6.2273670664581005e-09,SNR G015.4+00.1
1FDL J1917.6-1922,18.2052938652707,-14.3022762630616,289.405410147081,-19.382595818563,5.554074028155825e-09,0.0330629341266138,0.0536089996207255,True,4FGL J1917.7-1921,18.2370681762695,-14.3225727081299,bll,3.456896546794041e-09,1H 1914-194
1FDL J1044.3-5737,286.553500119537,1.15106045206163,161.091872233326,-57.6227098264446,5.52125848900197e-09,0.0334179847825105,0.0541846826987286,True,4FGL J1044.4-5737,286.570037841797,1.15633928775787,PSR,1.3328977033211233e-08,PSR J1044-5737
1FDL J2143.5+1742,72.0946360357823,-26.0993974616906,325.895949834458,17.7062973064969,5.503996841434606e-09,0.0306194090594634,0.0496470147546614,True,4FGL J2143.5+1743,72.1129455566406,-26.0814323425293,fsrq,4.835052802576456e-09,OX 169
1FDL J1834.7-0705,24.7206119131291,0.466217039979743,278.677612225908,-7.08822081884553,5.487874561841999e-09,0.136402028713781,0.221165358136342,True,4FGL J1834.1-0706e,24.6342468261719,0.585318505764008,SNR,6.681939002106674e-09,SNR G024.7+00.6
1FDL J1345.7+4451,94.9871127039404,69.2156920606975,206.425879502265,44.8536880605179,5.461736300174107e-09,0.0303288579226485,0.0491759005024911,True,4FGL J1345.5+4453,95.0894546508789,69.2041091918945,fsrq,8.39830072152381e-09,B3 1343+451
1FDL J0334.2-3725,240.154675116582,-54.3805132788582,53.5647322639895,-37.4291867189386,5.4519970980557985e-09,0.0285416863843789,0.0462781459426421,True,4FGL J0334.2-3725,240.161773681641,-54.3874092102051,bll,2.949396282758698e-09,PMN J0334-3725
1FDL J0051.0-6243,303.004296035228,-54.4066760639912,12.7675721531423,-62.7215246929631,5.412670525878184e-09,0.0285865007228926,0.0463507997819813,True,4FGL J0051.2-6242,302.959655761719,-54.4245452880859,bll,1.8131997014947385e-09,1RXS J005117.7-624154
1FDL J1517.6-2421,340.671302434817,27.5990937417616,229.403110883071,-24.3601430758667,5.36736576787825e-09,0.0310224409057585,0.0503004957709112,True,4FGL J1517.7-2422,340.680969238281,27.5766487121582,bll,6.453587442223352e-09,AP Librae
1FDL J0222.6+4303,140.131508512634,-16.7480152719162,35.6603592111891,43.057086699585,6.7008296292607194e-09,0.0288738348704177,0.046816701927852,True,4FGL J0222.6+4302,140.146118164063,-16.7655353546143,BLL,1.497237889225289e-08,3C 66A
1FDL J2345.1-1555,65.6470361889619,-70.9714858933008,356.285387204061,-15.9167891753278,5.320919885335951e-09,0.029974146449592,0.0486007693742089,True,4FGL J2345.2-1555,65.6762619018555,-70.9855575561523,FSRQ,1.0247177328892576e-08,PMN J2345-1555
1FDL J2250.8-2805,23.7834109167198,-63.3277118431849,342.701476272333,-28.0979750328386,5.267210270196234e-09,0.0331009310937871,0.0536706060122422,True,4FGL J2250.7-2806,23.751672744751,-63.3190765380859,bll,2.62194599365273e-09,PMN J2250-2806
1FDL J1059.0-1138,264.124014062061,42.6074124922174,164.763500765234,-11.6394714034264,5.257697070342819e-09,0.0293157362118509,0.0475332014052432,True,4FGL J1059.2-1134,264.118621826172,42.6867485046387,bll,3.2043239173162874e-09,PKS B1056-113
1FDL J2236.5-1433,47.864681765925,-56.2118768525218,339.136568386718,-14.5620595233376,5.254037013898906e-09,0.0308482056838865,0.0500179837146392,True,4FGL J2236.5-1433,47.8810882568359,-56.215690612793,BLL,5.919344570060048e-09,PKS 2233-148
1FDL J1104.5+3811,179.864344389026,65.057772644395,166.140016940957,38.187454488462,5.2507076715072565e-08,0.021137875,0.03427343,True,4FGL J1104.4+3812,179.832916259766,65.0357055664063,BLL,3.5663205721903075e-08,Mkn 421
1FDL J1958.6+2847,65.901335362816,-0.336810186751662,299.664288075641,28.7922306589139,8.308821862781906e-09,0.0279223039095077,0.0452738614727082,True,4FGL J1958.7+2846,65.8881454467773,-0.35705891251564,PSR,1.5464113545249347e-08,PSR J1958+2846
1FDL J0136.5+3906,132.425029316021,-22.9357111852956,24.1468157785913,39.1023463168079,5.2423778502562105e-09,0.0315235875668236,0.0511130635172571,True,4FGL J0136.5+3906,132.421768188477,-22.9386787414551,bll,4.533685871166426e-09,B3 0133+388
1FDL J1459.2-6054,317.850115314473,-1.78928298092336,224.808129243304,-60.904299698736,1.0394149523241858e-08,0.0279354044100809,0.0452951035825591,True,4FGL J1459.5-6053,317.885925292969,-1.79152762889862,PSR,1.3277868582406429e-08,PSR J1459-6053
1FDL J1811.4-1848,11.7159007345506,-0.0531672063864517,272.870685567304,-18.8139757567834,5.203151411114884e-09,0.0835571862570041,0.135481533052274,True,4FGL J1811.5-1844,11.7851285934448,-0.0398929007351398,spp,3.277224935871459e-09,SNR G012.0-00.1
1FDL J1054.4+2211,216.994549583663,63.0348851993895,163.616272984277,22.1986745266679,1.3038009105279039e-09,0.0447517829582179,0.0725615652890995,True,4FGL J1054.5+2211,217.016876220703,63.0431098937988,bll,1.184837672418837e-09,87GB 105148.6+222705
1FDL J1728.1+5014,77.0941609996973,33.5654667372487,262.035051708992,50.2432464068127,5.1762591117726795e-09,0.0328367335879104,0.053242232621364,True,4FGL J1728.3+5013,77.0762557983398,33.5371398925781,bll,1.6854206918992531e-09,I Zw 187
1FDL J0532.1-4827,255.017471096424,-32.7850793090193,83.0305561113392,-48.4516886166661,5.169371784193354e-09,0.0317603303515206,0.0514969216368307,True,4FGL J0532.0-4827,255.026107788086,-32.8046264648438,BLL,3.959546912568612e-09,PMN J0531-4827
1FDL J1037.8+5711,151.773565254817,51.7981803258244,159.455656154541,57.1880864952745,5.137757477562928e-09,0.0317462514545234,0.0514740968970727,True,4FGL J1037.7+5711,151.782684326172,51.7844314575195,bll,3.646847934746233e-09,GB6 J1037+5711
1FDL J2025.6-0735,36.9009780868111,-24.3764208408167,306.411022678161,-7.59019827897637,5.054090892699743e-09,0.0314004687876638,0.0509134373262706,True,4FGL J2025.6-0735,36.9020500183106,-24.3880767822266,fsrq,8.743446855419279e-09,PKS 2023-07
1FDL J1443.1-5949,316.750460513355,0.0586631668854354,220.792815199808,-59.8255043932874,5.020539542575547e-09,0.0953554541709899,0.154611503289606,True,4FGL J1444.9-5939,316.82861328125,0.114394463598728,,3.988901653428911e-09,
1FDL J1903.1+5540,85.9695454044525,20.5480051063538,285.786262929575,55.6830190799283,4.984442151231399e-09,0.0328051094700036,0.0531909556041606,True,4FGL J1903.2+5540,85.9678039550781,20.5347328186035,bll,4.4350172423435205e-09,TXS 1902+556
1FDL J0340.4+4130,153.786764095938,-11.0196052909906,55.102392436735,41.5123374468487,4.954234051639448e-09,0.0336685675415583,0.0545909855288053,True,4FGL J0340.3+4130,153.786712646484,-11.0237226486206,PSR,3.4226055323216542e-09,PSR J0340+4130
1FDL J1139.0-6246,294.762999793009,-1.05092847898052,174.771133681541,-62.769487573873,4.953271987047872e-09,0.0287403361019253,0.0466002374052277,True,4FGL J1139.2-6247,294.790161132813,-1.06602919101715,,3.020398597897156e-09,
1FDL J1649.3-4609,339.571664099121,-0.895853851661384,252.328461066894,-46.1513087113205,4.93735097000116e-09,0.109479830471507,0.177513078023608,True,4FGL J1650.3-4600,339.795379638672,-0.953200459480286,PSR,8.593511680032861e-09,PSR J1650-4601
1FDL J1653.8+3950,63.7145292585201,38.8653048518887,253.470133173709,39.849507361328,4.898123825788635e-09,0.0268353580491357,0.0435114579332948,True,4FGL J1653.8+3945,63.599739074707,38.8543281555176,BLL,1.0698633978734053e-08,Mkn 501
1FDL J2244.2+4059,98.5170370839373,-15.7709377124744,341.056048079346,40.992666122622,4.865624168159036e-09,0.0320948917844483,0.0520393895918586,True,4FGL J2244.2+4057,98.5039978027344,-15.8016929626465,fsrq,7.302906723793967e-09,TXS 2241+406
1FDL J1103.3-5356,287.345439501656,5.62889878853018,165.841613874361,-53.9399833734585,4.849594650930621e-09,0.0322063542063119,0.0522201158911413,True,4FGL J1103.9-5357,287.427978515625,5.63828563690186,bll,3.6602818553888032e-09,PKS 1101-536
1FDL J1614.1-5139,331.704513191862,-0.496620889926833,243.529691405268,-51.6638012714716,4.809397928633532e-09,0.0911786485638048,0.147839147603906,True,4FGL J1615.3-5136,331.774261474609,-0.53891932964325,PSR,6.878810410171354e-09,PSR J1615-5137
1FDL J1831.1-0214,28.6203409779277,3.68490745615993,277.788855638392,-2.23903705818403,4.7768200382882434e-09,0.0677662083108646,0.10987768684874,True,4FGL J1830.1-0212c,28.5227031707764,3.73000907897949,,1.664341775509115e-09,
1FDL J0136.9+4752,130.786030419278,-14.2994038427001,24.2457717475347,47.8765739231246,4.745125246297644e-09,0.0335099515170704,0.0543338002820207,True,4FGL J0137.0+4751,130.798324584961,-14.3102970123291,fsrq,3.637137924172862e-09,OC 457
1FDL J2138.9-4233,358.36418127817,-48.249629732045,324.743031904768,-42.5657063122569,4.7354650973393695e-09,0.0305415026040415,0.0495206855547907,True,4FGL J2139.4-4235,358.316223144531,-48.3289833068848,bll,5.6190003761003035e-09,MH 2136-428
1FDL J1444.0-3908,325.669297801747,18.7053662353672,221.024726855596,-39.1411645896011,4.723991635914172e-09,0.032046242193974,0.0519605086540551,True,4FGL J1443.9-3908,325.641143798828,18.7108154296875,bll,3.860460395799237e-09,PKS 1440-389
1FDL J1814.4-1729,13.4202185372214,-0.0445478587215238,273.622004703934,-17.4898228638776,1.8662672716714306e-09,0.171998316629052,0.278882002544343,True,4FGL J1814.1-1710,13.4512071609497,0.179974809288979,spp,1.124941251262612e-09,SNR G013.5+00.2
1FDL J1422.4-6138,313.513952880908,-0.654471802765209,215.603716576131,-61.6427755929025,4.678834461487689e-09,0.0364360042607543,0.0590781680183792,True,4FGL J1422.5-6137,313.529602050781,-0.647774457931519,PSR,9.545582990710956e-09,PSR J1422-6138
1FDL J1824.2-0621,24.1541619956814,3.10934020467578,276.054702419532,-6.36610319356742,4.663431479589955e-09,0.0334776771579615,0.0542814722838455,True,4FGL J1824.2-0621,24.1678047180176,3.10169339179993,,1.8435856175003094e-09,
1FDL J1058.9+5629,149.514770572056,54.4379172304454,164.731161657951,56.4934881888914,4.5992951458220655e-09,0.0329070701031431,0.0533562743963316,True,4FGL J1058.6+5627,149.595443725586,54.4324188232422,BLL,3.2105524905290395e-09,TXS 1055+567
1FDL J1653.7-4330,342.103985004878,0.177307446107507,253.436104134441,-43.5155313650776,4.5635406144160205e-09,0.132908410468694,0.215500738497657,False,,,,,,
1FDL J1624.1-4045,340.510822508261,6.1072536179191,246.037113255017,-40.7540336635787,4.561311794192438e-09,0.0315264146529591,0.0511176458438376,True,4FGL J1624.1-4042,340.545959472656,6.13834238052368,PSR,4.271043074766112e-09,PSR J1624-4041
1FDL J2238.3+5901,106.533239887201,0.454765558570648,339.594936968579,59.0232291683618,4.551099389707977e-09,0.0345980649747415,0.0560980941362145,True,4FGL J2238.5+5903,106.564079284668,0.47540694475174,PSR,8.189193323460131e-09,PSR J2238+5903
1FDL J1833.4-1033,21.4973680829048,-0.85986879179152,278.36523108075,-10.5598146202243,4.541149085685499e-09,0.0333475021115057,0.0540704026593136,True,4FGL J1833.5-1033,21.5081806182861,-0.874150693416596,PSR,8.883778157553479e-09,PSR J1833-1034
1FDL J0153.7+0826,148.118588819575,-51.3531618913032,28.4456887287471,8.44398461800992,4.532121247557414e-09,0.0309807899450236,0.0502329602726707,True,4FGL J0153.9+0823,148.225219726563,-51.3806076049805,bll,1.616737077547725e-09,GB6 J0154+0823
1FDL J0222.4+6202,133.379357683203,1.03614758398832,35.6143464886636,62.0474521332492,4.510877569533034e-09,0.0914905054411001,0.14834478107636,False,,,,,,
1FDL J1802.6-3939,352.456935946707,-8.4159490224748,270.67067558112,-39.659340492645,4.500918198838008e-09,0.0318262866149996,0.0516038705993474,True,4FGL J1802.6-3940,352.448760986328,-8.42068958282471,fsrq,4.8391948226367284e-09,PMN J1802-3940
1FDL J1256.2-0547,305.122544249107,57.060804516033,194.056528747729,-5.79057545496202,3.555747881828614e-08,0.0223675575,0.03626727,True,4FGL J1256.1-0547,305.095153808594,57.0631866455078,FSRQ,4.196525082988956e-08,3C 279
1FDL J2116.2+3338,79.8056853120985,-10.6590506209742,319.058400429433,33.6424480877899,4.443388022311919e-09,0.0334783731658776,0.0542825991629711,True,4FGL J2116.2+3339,79.8174896240234,-10.650598526001,bll,3.432508943745915e-09,B2 2114+33
1FDL J1413.2-6203,312.356889729284,-0.701504115044854,213.318939775292,-62.0663857634415,2.226478778270794e-08,0.027476243313028,0.0445506150995092,True,4FGL J1413.5-6205,312.377502441406,-0.733426630496979,PSR,2.7375394395789957e-08,PSR J1413-6205
1FDL J1559.0+5620,87.4723019268998,45.7748313114721,239.753918049334,56.343499055632,1.1099555829787546e-09,0.039460215390127,0.0639816891234382,True,4FGL J1558.8+5625,87.5939178466797,45.7630424499512,bll,9.931706568266918e-10,TXS 1557+565
1FDL J1514.5-5910,320.367703624895,-1.23989879224845,228.638951265045,-59.1781094964112,4.406312352912694e-09,0.0570017144901429,0.0924238839546916,True,4FGL J1514.2-5909e,320.345794677734,-1.20888125896454,PWN,4.416019550035344e-09,MSH 15-52
1FDL J1911.2-2005,16.9020443764055,-13.219005394498,287.803544565991,-20.0914627286927,4.387759346518988e-09,0.0326226112194288,0.0528950423381812,True,4FGL J1911.2-2006,16.8829250335693,-13.2318210601807,fsrq,4.200895187267406e-09,PKS B1908-201
1FDL J1504.5+1027,11.3636227850632,54.5332438070688,226.138785929785,10.4596982543232,1.3867158515444261e-08,0.0217463240119163,0.0352599880126943,True,4FGL J1504.4+1029,11.3864402770996,54.5831871032715,FSRQ,2.0168196002146036e-08,PKS 1502+106
1FDL J1841.3-0457,27.3661772206352,-0.0209243252512172,280.333921451747,-4.9614014980914,4.380420875652318e-09,0.115932545288004,0.187975674051037,True,4FGL J1840.8-0453e,27.3731346130371,0.121532060205936,spp,9.494874220195015e-09,Kes 73
1FDL J1427.6-6049,314.394449513603,-0.117522981026436,216.920886411844,-60.8292036432374,4.3700640271615716e-09,0.0713017251035056,0.115610263234729,True,4FGL J1427.8-6051,314.401275634766,-0.147653385996819,,4.742420678383041e-09,
1FDL J0515.7+1526,187.708810827219,-13.0826889817779,78.9462360215496,15.4385178009901,2.1900970489742563e-09,0.0368916725511697,0.0598170039541863,True,4FGL J0515.8+1527,187.692855834961,-13.0646648406982,bll,1.3556937794589883e-09,GB6 J0515+1527
1FDL J1532.7-1319,352.145281505585,33.7246839116645,233.18565304908,-13.3193594482211,4.366533536094377e-09,0.0330952276921219,0.0536613623578687,True,4FGL J1532.7-1319,352.1494140625,33.712043762207,bcu,4.589493673989864e-09,TXS 1530-131
1FDL J2041.0+4736,86.0898468555711,3.47539997092516,310.264019478111,47.6107200362349,4.363000673226435e-09,0.0314194339891835,0.0509441927236206,True,4FGL J2041.1+4736,86.0966796875,3.45376944541931,,3.44478623404143e-09,
1FDL J0245.6-4646,261.763282622831,-60.1905628432836,41.4038599317362,-46.7774044077172,4.3610473294724795e-09,0.0293875033659919,0.047649568870329,True,4FGL J0245.9-4650,261.815673828125,-60.1005935668945,fsrq,2.646590058219544e-09,PKS 0244-470
1FDL J1729.9-3354,354.00735399348,0.151657942743039,262.490343202301,-33.9153665110329,4.351580279988515e-09,0.0764580924727499,0.123970894837134,True,4FGL J1730.5-3352,354.106323242188,0.0656549483537674,PSR,3.9940664109394675e-09,PSR J1730-3350
1FDL J0612.9+4123,171.817484521087,10.9391117311974,93.2301613211133,41.3854488326641,4.346419895604921e-09,0.0342637600127707,0.055556041343685,True,4FGL J0612.8+4122,171.827117919922,10.9273319244385,bll,4.8135069263821614e-09,B3 0609+413
1FDL J2158.7-3014,17.691387306492,-52.2331223768156,329.699259144725,-30.2480020522076,2.1783492976888073e-08,0.0255325080641194,0.0413989909524672,True,4FGL J2158.8-3013,17.730842590332,-52.2433586120606,bll,2.049455183339433e-08,PKS 2155-304
1FDL J1521.0-0351,358.133177841644,42.4328453666935,230.264628313997,-3.85376549382903,1.0877576843415364e-09,0.0365114855002146,0.0592005602484459,True,4FGL J1520.8-0348,358.116577148438,42.5032463073731,bll,9.825950053610202e-10,NVSS J152048-034850
1FDL J1346.8-6028,309.714610162537,1.67121076994749,206.716953041709,-60.4685225896797,4.3093689684304435e-09,0.0309425256119024,0.0501709185251834,True,4FGL J1346.3-6026,309.658782958984,1.70617949962616,rdg,2.5470694442475406e-09,Cen B
1FDL J1553.6-3116,342.627624120641,17.2173324931189,238.405635240653,-31.2747579723609,2.159211178749293e-09,0.0384271334144893,0.062306629643033,True,4FGL J1553.5-3118,342.59326171875,17.1976203918457,bll,1.3563786760428798e-09,1RXS J155333.4-311841
1FDL J0630.7-2408,232.687893258284,-15.0495721633358,97.6886243452975,-24.1363460955948,4.303624785059826e-09,0.0293277837619636,0.047552735780315,True,4FGL J0630.9-2406,232.683609008789,-14.9953031539917,bll,4.819325383209616e-09,TXS 0628-240
1FDL J1748.1-2445,3.85668374324375,1.68656064475582,267.030219924828,-24.7644546486429,8.579337643350232e-09,0.0296887867010689,0.0481380785981767,True,4FGL J1748.0-2446,3.84510540962219,1.69191467761993,glc,1.2688582629039049e-08,Terzan 5
1FDL J1253.8+5300,122.099864687707,64.1140888681747,193.46322121498,53.0102618091568,4.2407082975954805e-09,0.0308365102712574,0.0499990288419413,True,4FGL J1253.2+5301,122.315795898438,64.1088104248047,bll,3.880360033292618e-09,S4 1250+53
1FDL J1058.2-5224,286.009854298588,6.69757753541349,164.56720933409,-52.416137075661,4.2374801811042266e-08,0.023628393,0.038311615,True,4FGL J1057.9-5227,285.986877441406,6.64634990692139,PSR,4.9814275371318224e-08,PSR J1057-5226
1FDL J1653.6-0201,16.5691406021441,24.8961265128497,253.420709185967,-2.03265190476589,4.237287384034448e-09,0.0346777426721786,0.0562272879530827,True,4FGL J1653.6-0158,16.6134586334229,24.9434928894043,PSR,4.527863861625292e-09,PSR J1653-0158
1FDL J2250.0+3824,98.2421075322533,-18.5820619977896,342.513511406729,38.4014309890491,1.3321828548470725e-09,0.0418831587199386,0.0679103081201609,True,4FGL J2250.0+3825,98.2542419433594,-18.5618324279785,bll,6.695977661230755e-10,B3 2247+381
1FDL J1732.8-1307,11.9648900554789,10.8367282809056,263.203721125677,-13.1238047289078,4.206381318833167e-09,0.0322079373643789,0.0522226827909806,True,4FGL J1733.0-1305,12.0286417007446,10.8070964813232,FSRQ,6.1524265682066925e-09,PKS 1730-13
1FDL J1718.4-3822,349.023258598668,-0.444937163302952,259.623568827147,-38.3700982228323,6.6495093343050344e-09,0.0562724245518751,0.0912413958739707,True,4FGL J1718.2-3825,348.945648193359,-0.441903382539749,PSR,1.1951978073909686e-08,PSR J1718-3825
1FDL J0120.1-2701,213.703867634017,-83.6070096087107,20.0397698968878,-27.0317001252175,4.1825259098130566e-09,0.0326339101174569,0.05291337180933,True,4FGL J0120.4-2701,213.654647827148,-83.5328216552734,bll,3.452381047708286e-09,PKS 0118-272
1FDL J2221.4-5224,340.400294149869,-52.3728365805708,335.3541880925,-52.4099202748639,1.3166077282686352e-09,0.0433411033413167,0.0702742626569029,True,4FGL J2221.5-5225,340.353179931641,-52.383113861084,bll,8.47840353479512e-10,PMN J2221-5224
1FDL J0334.0-4007,244.741800956194,-54.1097933256001,53.5143085848474,-40.122392625852,4.152973883472779e-09,0.031124758861953,0.0504663948876783,True,4FGL J0334.2-4008,244.771789550781,-54.0744819641113,bll,3.236684920082666e-09,PKS 0332-403
1FDL J1536.3-4951,328.174840781807,4.76064152787458,234.093198885971,-49.8519058515514,8.265601817708794e-09,0.0283230410851405,0.0459236210907617,True,4FGL J1536.4-4948,328.199523925781,4.78664875030518,PSR,1.1343909811500907e-08,PSR J1536-49
1FDL J2329.4-4955,331.949665701978,-62.3245632425799,352.370977552567,-49.9329758708063,8.104877963700098e-09,0.0271192413681745,0.0439717583432454,True,4FGL J2329.3-4955,331.993194580078,-62.3070259094238,FSRQ,1.1694217150193252e-08,PKS 2326-502
1FDL J1828.3-1118,20.1585279009087,-0.118996560049206,277.085298024234,-11.301125007463,4.042730583928082e-09,0.115691137624894,0.18758427589427,True,4FGL J1828.0-1133,19.9966926574707,-0.143747746944428,spp,4.601761638411972e-09,SNR G020.0-00.2
1FDL J1700.0+6829,99.5572778364987,35.2171359870942,255.005636913273,68.4938813523538,4.037100119645873e-09,0.0350504158919509,0.0568315479328919,True,4FGL J1700.0+6830,99.5675201416016,35.2087631225586,fsrq,2.758223205390209e-09,TXS 1700+685
1FDL J1132.7+0033,264.269855151009,57.4103864075844,173.195391747505,0.566142361716599,4.034848197796712e-09,0.0345075443496088,0.0559513239426067,True,4FGL J1132.7+0034,264.263122558594,57.4170608520508,bll,2.22098694990791e-09,PKS B1130+008
1FDL J1852.3+0037,33.5878342815265,0.0748933032549298,283.091915032568,0.617900059780346,4.034384438631497e-09,0.100703432715255,0.163282845018132,True,4FGL J1852.4+0037e,33.6022796630859,0.0732187330722808,spp,1.0067789268930484e-08,Kes 79
1FDL J0532.8+0728,196.929028439062,-13.7312464221711,83.21223363073,7.47588612284117,4.0317864412111505e-09,0.0293125610516129,0.0475280552569598,True,4FGL J0532.6+0732,196.843063354492,-13.7285375595093,FSRQ,5.344263698248142e-09,OG 050
1FDL J1833.8-2110,12.0853889523047,-5.80287218542424,278.464736187777,-21.173689816661,8.036307755922318e-09,0.0263876707608134,0.0427855764812114,True,4FGL J1833.6-2103,12.1664438247681,-5.70480871200562,FSRQ,1.429142315600984e-08,PKS 1830-211
1FDL J1959.7+6507,97.9715179983766,17.6818608102168,299.941130802321,65.1268731652707,3.977184699632832e-09,0.034345539449909,0.0556886473066544,True,4FGL J2000.0+6508,98.0051040649414,17.6651134490967,bll,9.59985513304673e-09,1ES 1959+650
1FDL J0817.9-0933,231.807391209038,14.337781660391,124.478320499709,-9.55737434482755,3.976441887769239e-09,0.0337735020034624,0.0547611309362979,True,4FGL J0817.8-0934,231.822692871094,14.3230600357056,bll,1.6259170676491406e-09,TXS 0815-094
1FDL J1809.0-1956,10.4446265751107,-0.0901006412160833,272.254129154732,-19.9450059528311,3.947093370738556e-09,0.134065864351142,0.217377453261668,True,4FGL J1808.8-1949c,10.5252847671509,0.0018198048928752,glc,1.483075995345473e-09,2MS-GC01
1FDL J1650.0-5041,336.155092324452,-3.90185726283167,252.514291791551,-50.69781364586,3.935442034367439e-09,0.0289451518086772,0.0469323303553796,True,4FGL J1650.3-5045,336.14404296875,-3.97271728515625,bll,3.355247191194621e-09,PMN J1650-5044
1FDL J1135.3-6053,293.804075510795,0.626840816117877,173.829904318732,-60.8887640829144,3.896301538748925e-09,0.0333486842971071,0.0540723230587535,True,4FGL J1135.2-6055,293.804046630859,0.58405464887619,PSR,5.732112562384373e-09,PSR J1135-6055
1FDL J2103.7-6229,332.773757224799,-38.9530943317638,315.925926043325,-62.4994792030291,3.884358271683929e-09,0.0342030058971391,0.0554575299835343,True,4FGL J2103.8-6233,332.698852539063,-38.9496994018555,bll,1.747741062985142e-09,PMN J2103-6232
1FDL J0844.1+5312,165.046983684512,38.0896978299896,131.042795755043,53.2157422888625,1.2278302249223688e-09,0.0475185842983206,0.0770477139212114,True,4FGL J0844.2+5312,165.048553466797,38.0946655273438,bll,7.861194473157694e-10,NVSS J084411+531250
1FDL J2005.3+7753,110.471304925028,22.7482105932322,301.330211584691,77.8898442586834,3.882070695842672e-09,0.0340990912230883,0.0552890485054525,True,4FGL J2005.5+7752,110.470169067383,22.7333526611328,bll,2.5611683884818603e-09,S5 2007+77
1FDL J1918.2-4111,356.78802784954,-22.2439103879985,289.572297203395,-41.1837860960652,3.8721826973060376e-09,0.0344258690296871,0.0558188832728101,True,4FGL J1918.2-4111,356.780395507813,-22.2397956848145,bll,3.049438479507671e-09,PMN J1918-4111
1FDL J1859.4+0050,34.5869129423743,-1.39426081780031,284.85516640124,0.836610566964906,3.860137724600598e-09,0.0734504896851624,0.119094298714912,True,4FGL J1859.3+0058,34.7042999267578,-1.30867409706116,,1.7241663652356463e-09,
1FDL J0237.8+2847,149.464210552918,-28.5369329922639,39.462442938571,28.7954639550173,7.698612845471204e-09,0.0293988220946638,0.0476679239724561,True,4FGL J0237.8+2848,149.469589233398,-28.5244960784912,FSRQ,1.0621417523282162e-08,4C +28.07
1FDL J1247.6+5818,123.890081538069,58.8154581897871,191.915164540601,58.3057664536069,3.842568338593004e-09,0.0290567522453174,0.0471132820287635,True,4FGL J1248.3+5820,123.716735839844,58.7803268432617,bll,5.050567075670642e-09,PG 1246+586
1FDL J0755.3+4824,170.549247569267,30.2406732643881,118.834769272992,48.411564186992,3.808695036965006e-09,0.0324351044185883,0.0525910166977357,True,4FGL J0754.7+4823,170.555114746094,30.1448440551758,bll,1.587013631620948e-09,GB1 0751+485
1FDL J1303.3-6241,304.297788125127,0.14949342723582,195.83759597814,-62.6906577607892,3.800144929440727e-09,0.0721504485283419,0.116986389698395,True,4FGL J1305.5-6241,304.553527832031,0.133399218320847,snr,3.41952244298227e-09,Kes 17
1FDL J2001.0+4353,79.066239904896,7.13918649798004,300.26799990818,43.8955997763374,3.7935530349250094e-09,0.0351655537939285,0.0570182331500202,True,4FGL J2001.2+4353,79.0708236694336,7.11347961425781,bll,4.075022985716714e-09,MG4 J200112+4352
1FDL J0007.9+4712,115.307569173961,-15.0261189039933,1.98832890850022,47.2008673918911,3.792394953556977e-09,0.0337394231254682,0.0547058713991909,True,4FGL J0008.0+4711,115.316253662109,-15.03355884552,bll,2.0532935351980086e-09,MG4 J000800+4712
1FDL J0112.8+3210,128.192257012284,-30.4857300418158,18.2148930743499,32.1671236647695,3.774641235680263e-09,0.0351689342514643,0.0570237090955184,True,4FGL J0112.8+3208,128.202926635742,-30.5121898651123,fsrq,2.759490635995121e-09,4C +31.03
1FDL J0043.6+3425,121.110216422815,-28.4144385770882,10.9168922165199,34.4298227566524,3.773601883456171e-09,0.0351083524790948,0.0569254888939692,True,4FGL J0043.8+3425,121.161643981934,-28.414192199707,fsrq,2.6462871893784264e-09,GB6 J0043+3426
1FDL J0719.0-4318,254.922294872622,-13.5931773258904,109.752879732722,-43.3062195546164,3.75341409026755e-09,0.0311490597201962,0.0505057970628622,True,4FGL J0718.6-4319,254.918075561523,-13.6561069488525,bll,2.303661927882672e-09,PMN J0718-4319
1FDL J1719.1+1749,39.5957698904778,28.1364594605112,259.790294592446,17.8245250988434,3.75309052694312e-09,0.0336648881607913,0.0545850202095988,True,4FGL J1719.2+1745,39.5271682739258,28.0959396362305,bll,2.2320874037973222e-09,PKS 1717+177
1FDL J1522.1+3144,50.156659886697,57.0356032387099,230.526279879203,31.7337838644999,3.7133352475840677e-09,0.0321561844473382,0.0521387669012159,True,4FGL J1522.1+3144,50.1681022644043,57.0195350646973,fsrq,1.1200375737985269e-08,B2 1520+31
1FDL J0209.6-5233,278.389666653811,-60.6807309895678,32.4064579340926,-52.5615798371212,3.694646399048477e-09,0.0343630783359268,0.0557170805792869,True,4FGL J0209.3-5228,278.344573974609,-60.7667236328125,bll,1.749813849372117e-09,PMN J0209-5229
1FDL J1225.0+2122,255.256455581288,81.6801222961734,186.262484372737,21.3751540991515,1.1559544468264854e-08,0.0245371947675664,0.0397851687551475,True,4FGL J1224.9+2122,255.067932128906,81.6616134643555,FSRQ,1.6709574168771724e-08,4C +21.35
1FDL J1924.9+1610,51.0867043009375,0.148216540949636,291.227575763176,16.169842452655,3.6544073860641296e-09,0.0638993119980022,0.103607809447149,True,4FGL J1925.4+1616,51.2408332824707,0.0855209380388259,,2.513439456564015e-09,
1FDL J0102.1+5831,124.331603862092,-4.32344122689378,15.5328420118961,58.5192419190884,3.6176980850888054e-09,0.0337172072977827,0.054669847258001,True,4FGL J0102.8+5824,124.424461364746,-4.42960596084595,fsrq,4.247920237787639e-09,TXS 0059+581
1FDL J0818.3+4219,178.294924576592,33.4130850996334,124.591996336964,42.3252995136466,3.610108378598071e-09,0.030352062208409,0.0492135284634983,True,4FGL J0818.2+4222,178.223510742188,33.3954200744629,bll,5.620686138740893e-09,S4 0814+42
1FDL J1614.2-2227,352.624852812142,20.2829697884456,243.572391323083,-22.454514771895,3.5660645487193894e-09,0.0329407830793222,0.0534109399714218,True,4FGL J1614.5-2230,352.631958007813,20.2022171020508,PSR,4.973891964965561e-09,PSR J1614-2230
1FDL J0050.7-0927,122.332325549389,-72.3337787169674,12.6750093659273,-9.46289018090707,3.555082471244912e-09,0.036068300157668,0.0584819673719806,True,4FGL J0050.7-0929,122.332298278809,-72.3644943237305,BLL,3.926845515422883e-09,PKS 0048-09
1FDL J1921.9-1604,21.7501555482922,-13.8751878607087,290.489304047774,-16.0753221933064,1.4039382291200134e-09,0.0393694382682062,0.0638345066910946,True,4FGL J1921.8-1607,21.6946830749512,-13.8724336624146,bll,9.833942549164476e-10,PMN J1921-1607
1FDL J0725.0+1425,203.611696348299,13.860899982181,111.261751244583,14.4287790986362,3.5094485511788156e-09,0.0317955357696331,0.0515540075928593,True,4FGL J0725.2+1425,203.644943237305,13.91237449646,FSRQ,4.074230730566342e-09,4C +14.23
1FDL J1218.3-0117,285.95420022656,60.4795433150483,184.585011569976,-1.2965969118301,3.501314481235782e-09,0.0328995694959151,0.0533441136866581,True,4FGL J1218.5-0119,286.075561523438,60.4641075134277,bll,1.8402914747639443e-09,PKS 1216-010
1FDL J1229.9+2523,231.54035857817,84.8890524466731,187.496861303765,25.3959541064449,3.496145029183218e-09,0.0319529344523071,0.0518092134824256,True,4FGL J1230.2+2517,232.797058105469,84.9060821533203,bll,3.854758734433972e-09,ON 246
1FDL J1310.5+3218,85.4154085637506,83.3710122052469,197.630626503628,32.3050191712554,3.485545208255813e-09,0.0328519128450532,0.0532668409388501,True,4FGL J1310.5+3221,85.6798858642578,83.3318634033203,fsrq,2.447402502880891e-09,OP 313
1FDL J1231.1-1413,295.521470027809,48.3518518305347,187.786518662855,-14.2277100332303,1.102025591696742e-08,0.025782379421012,0.0418041399148901,True,4FGL J1231.1-1412,295.533538818359,48.3793067932129,PSR,1.8433793158578737e-08,PSR J1231-1411
1FDL J0809.8+5219,166.239646519233,32.9224755264848,122.474314343005,52.3213380456923,3.479874006357862e-09,0.036363969249103,0.058961368325368,True,4FGL J0809.8+5218,166.247543334961,32.9144172668457,BLL,4.008486431672509e-09,1ES 0806+524
1FDL J0035.8+5951,120.975817066858,-2.94894309888826,8.96623055517548,59.8636441235739,3.477683061013787e-09,0.0330768144917611,0.0536314997880256,True,4FGL J0035.9+5950,120.982048034668,-2.97962045669556,bll,3.325982600443922e-09,1ES 0033+595
1FDL J0035.1+1513,117.099490527148,-47.4561097161062,8.77589152421759,15.2305736512798,3.4761926742589465e-09,0.0363506486558111,0.0589397731622095,True,4FGL J0035.2+1514,117.152572631836,-47.4495048522949,bll,1.1625527207570483e-09,RX J0035.2+1515
1FDL J0722.0+7119,143.994398523453,28.0277654015388,110.505992610737,71.3320464523193,2.1782858984618218e-08,0.023342818,0.03784858,True,4FGL J0721.9+7120,143.984573364258,28.0223979949951,BLL,2.2758166906555743e-08,S5 0716+71
1FDL J1418.1-0229,341.552436590468,53.7432602428558,214.543088639482,-2.4952318412239,3.4510982223212666e-09,0.0333875123441355,0.0541352781721788,True,4FGL J1418.4-0233,341.580078125,53.6550903320313,bll,2.828077549921204e-09,NVSS J141826-023336
1FDL J0730.3-1139,227.750794091737,3.16651059310919,112.594761948332,-11.6593147798822,1.0837726824566564e-08,0.0294277695166205,0.0477148620319728,True,4FGL J0730.3-1141,227.768692016602,3.1376576423645,fsrq,1.2712719765772816e-08,PKS 0727-11
1FDL J1806.3+6948,100.112902665395,29.2127550604076,271.578349898522,69.8081430754537,3.4210035117500873e-09,0.0373341345360229,0.0605344187109652,True,4FGL J1806.8+6949,100.134185791016,29.1669483184814,bll,3.333112896797274e-09,3C 371
1FDL J1610.1-6651,320.717689507977,-11.1201443157165,242.536717551855,-66.8508516827056,3.4186695205384157e-09,0.0321148314915807,0.0520717210372371,True,4FGL J1610.7-6648,320.7880859375,-11.136323928833,bll,2.902185158859538e-09,PMN J1610-6649
1FDL J1159.4+2915,199.362036356082,78.3623100821952,179.870510333429,29.257371820267,8.56305788898432e-09,0.0276576753563408,0.0448447887600262,True,4FGL J1159.5+2914,199.416351318359,78.3755950927734,fsrq,1.1965723523132963e-08,Ton 599
1FDL J2111.3+4606,88.2979412495134,-1.43703798679668,317.829666121936,46.1053620175668,3.399712875287748e-09,0.0349787869245687,0.0567154079462927,True,4FGL J2111.4+4606,88.3133392333984,-1.45427906513214,PSR,6.658904538880961e-09,PSR J2111+4606
1FDL J1510.7-5801,320.533812809256,0.0036175211047778,227.684627757123,-58.0262364432242,3.395969960657877e-09,0.0903040579616314,0.146421062643061,True,4FGL J1510.1-5750,320.562072753906,0.195319131016731,,2.157284573200968e-09,
1FDL J0137.7+5815,129.003513331378,-4.06066873204507,24.4303981170435,58.2644130885351,3.378077430368118e-09,0.0306116556968164,0.0496344372499318,True,4FGL J0137.9+5814,129.040084838867,-4.06927394866943,bll,1.4893044575359227e-09,TXS 0134+579
1FDL J1243.2+3626,132.97414027939,80.5269392933932,190.815032213136,36.4413179843091,3.373631165311371e-09,0.0368725666584267,0.0597860220128385,True,4FGL J1243.2+3627,132.970474243164,80.5095443725586,bll,2.308427005104363e-09,Ton 116
1FDL J1912.1-0803,28.061718529988,-8.23390935486728,288.025023644972,-8.05268553474715,3.3565314439038475e-09,0.0342751525504496,0.055574518248225,True,4FGL J1912.1-0803,28.0575885772705,-8.23966503143311,bcu,1.5042577183876915e-09,PMN J1912-0804
1FDL J1802.1-3043,0.262005806995129,-3.989631598533,270.525284121933,-30.7288277058153,3.3506288222985345e-09,0.0301320460137583,0.0488567855659984,True,4FGL J1802.4-3041,0.325647741556168,-4.04212474822998,,1.1916118092258896e-09,
1FDL J0217.9+0144,162.185359802979,-54.4025710222069,34.4817744154089,1.74101586732207,3.346106503182025e-09,0.0328676355542027,0.0532923340166827,True,4FGL J0217.8+0144,162.163635253906,-54.4189529418945,fsrq,2.841770374573116e-09,PKS 0215+015
1FDL J2053.8+2916,73.2791997737502,-9.91224058407407,313.460101433064,29.2815151374295,1.0574896366453606e-09,0.0363664246590942,0.0589653550229229,True,4FGL J2053.8+2922,73.3450317382813,-9.85284042358398,bll,8.123090533551646e-10,RX J2053.8+2923
1FDL J0303.6+4715,145.007035107474,-9.86451496896738,45.9228212449365,47.2593094435536,3.343615424374449e-09,0.0365175473111032,0.0592103828501198,True,4FGL J0303.6+4716,144.990921020508,-9.8544340133667,bll,2.6025410715391213e-09,4C +47.08
1FDL J1306.1-6042,304.730879856385,2.10675824958443,196.536436719989,-60.7136056231431,3.3359855438550613e-09,0.0364171038356196,0.0590475298402366,True,4FGL J1306.3-6043,304.75537109375,2.09904479980469,,4.57706450518458e-09,
1FDL J0319.9+4131,150.589052704714,-13.242443692491,49.9788459659333,41.5202481881885,2.6477742849178996e-08,0.024573643,0.039844265,True,4FGL J0319.8+4130,150.579971313477,-13.258059501648,RDG,3.5530021591512195e-08,NGC 1275
1FDL J1055.5-6017,289.040597076282,-0.58553094968217,163.883818795514,-60.2932502406167,3.3319218000802104e-09,0.0937449210706087,0.152000146967866,True,4FGL J1055.7-6028,289.140777587891,-0.7361079454422,PSR,2.7973774407996643e-09,PSR J1055-6028
1FDL J0650.8+2502,190.29792045182,11.0074728770414,102.712627035324,25.0411271188831,3.327695657678077e-09,0.0366638711095158,0.0594476386221174,True,4FGL J0650.7+2503,190.279815673828,11.0017166137695,bll,3.7815874875946065e-09,1ES 0647+250
1FDL J1649.8-4436,340.817997702677,0.0202150016059322,252.466057566999,-44.6075901200505,3.327297241804999e-09,0.0796856066142413,0.129204057196853,True,4FGL J1649.3-4441,340.687286376953,0.0338591299951076,,3.691342342904136e-09,
1FDL J0854.5-4503,265.568167279772,-0.0563581130380178,133.643513374585,-45.0569682992901,3.3113838015834948e-09,0.0338509089042861,0.0548866348720503,True,4FGL J0854.8-4504,265.607116699219,-0.0337953530251979,,3.986639907083145e-09,
1FDL J1503.8-5803,319.729129087569,0.422563973268011,225.971880454207,-58.0629069324937,3.3109556237029305e-09,0.051234601255825,0.0830729553788617,True,4FGL J1503.7-5801,319.723785400391,0.46329003572464,bcu,4.046803780966002e-09,WISE J150334.23-580119.2
1FDL J1722.6+1013,32.2125437476251,24.3197976037204,260.665372172146,10.2302902987233,3.3026172123848565e-09,0.037575667519241,0.060926045967463,True,4FGL J1722.7+1014,32.2263221740723,24.3032836914063,fsrq,1.2387341152830802e-09,TXS 1720+102
1FDL J0424.7+0036,193.574272350297,-31.7757657611035,66.1908061149819,0.611001292314888,3.2999214330546203e-09,0.0392073703696325,0.0635717273202972,True,4FGL J0424.7+0036,193.584732055664,-31.77712059021,bll,1.6738525010495662e-09,PKS 0422+00
1FDL J1656.0-4304,342.710786393361,0.125487178442701,254.015877583707,-43.0764017844185,3.2943392451207223e-09,0.0791278106180037,0.128299637168115,False,,,,,,
1FDL J2012.0+4628,82.3027730924754,6.85832941898864,303.016090408624,46.4743086675013,3.289987440215729e-09,0.036021091754661,0.0584054212549491,True,4FGL J2012.0+4629,82.3159866333008,6.86323022842407,bll,4.541100828703293e-09,7C 2010+4619
1FDL J1751.4+0936,34.8768022344826,17.6389478994582,267.874624640197,9.61085467538631,3.286550273830663e-09,0.0365697328548425,0.0592949968422416,True,4FGL J1751.5+0938,34.9110145568848,17.6512928009033,bll,5.053084173312072e-09,OT 081
1FDL J0505.4+0459,195.500955248876,-20.8475568717176,76.3677876692986,4.9836067926161,3.2747542919036925e-09,0.0363209761063821,0.0588916604127554,True,4FGL J0505.3+0459,195.472778320313,-20.8602600097656,fsrq,6.293372933896535e-09,PKS 0502+049
1FDL J2249.9-1250,53.5609006919731,-58.2049192091043,342.477615431767,-12.8471326012545,3.257617429735879e-09,0.0371966620461993,0.0603115169194811,True,4FGL J2250.0-1250,53.5849266052246,-58.2283515930176,bcu,7.540036150999185e-09,PKS 2247-131
1FDL J2039.2-5620,341.195353184927,-37.0965050183501,309.818611140138,-56.3463926305292,3.251818668580745e-09,0.0357653583031778,0.0579907692604944,True,4FGL J2039.5-5617,341.267944335938,-37.1465225219727,PSR,2.18347628866411e-09,PSR J2039-5617
1FDL J1329.0-5607,308.192943821678,6.36937218105613,202.267216610299,-56.1175005169565,3.229275666016159e-09,0.0353669141121449,0.0573447217255608,True,4FGL J1329.0-5607,308.192749023438,6.36828756332398,bll,3.953283922442097e-09,PMN J1329-5608
1FDL J0810.8-7527,288.240713052917,-21.4393772437606,122.716020543686,-75.4643135658057,3.224291660597686e-09,0.0374415861631806,0.0607086402169841,True,4FGL J0811.0-7529,288.277587890625,-21.4462490081787,bll,2.4534962950184536e-09,PMN J0810-7530
1FDL J0238.6+1638,156.765536282177,-39.0848997494192,39.6718693478446,16.6395865935877,1.0178540757370652e-08,0.0287233986112703,0.0465727740866671,True,4FGL J0238.6+1637,156.775894165039,-39.1053810119629,BLL,1.0899926294882787e-08,PKS 0235+164
1FDL J1058.5+0136,251.48880658642,52.8229737302157,164.647999956051,1.61069041987887,3.2123306389918817e-09,0.0373776347605425,0.0606049596184835,True,4FGL J1058.4+0133,251.513946533203,52.7728233337402,BLL,5.9906661853403875e-09,4C +01.28
1FDL J1824.0+5652,85.7650652465837,26.0943709775648,276.013759810056,56.8758646500917,3.2023228924017665e-09,0.0373660062376299,0.0605860946780933,True,4FGL J1824.1+5651,85.7488174438477,26.0775318145752,bll,2.068445414948883e-09,4C +56.27
1FDL J0952.9-0838,246.155987069222,33.9033170931061,148.248174222698,-8.64921917126501,3.1983377199483874e-09,0.0380456643038956,0.0616881068546564,True,4FGL J0953.0-0840,246.185836791992,33.9008560180664,bll,2.4972097723008342e-09,PMN J0953-0840
1FDL J2043.0+1707,61.8162316437099,-15.2850637663249,310.75328049134,17.1268178759629,3.1796508957999265e-09,0.0345569339836524,0.0560314016762072,True,4FGL J2043.3+1711,61.9149360656738,-15.3167123794556,PSR,4.486978788520446e-09,PSR J2043+1711
1FDL J0631.6+1035,201.267166137695,0.4768627,97.9115094904097,10.5871562355019,3.168887343895815e-09,0.0379114694991138,0.0614705243741871,True,4FGL J0631.5+1036,201.235778808594,0.454412549734116,PSR,5.136505443203987e-09,PSR J0631+1036
1FDL J2147.1-7536,315.801673619461,-36.5222768663626,326.78885673397,-75.6089904731827,3.1424160189821373e-09,0.0376970589788244,0.0611228735931978,True,4FGL J2147.3-7536,315.801116943359,-36.5337753295898,FSRQ,4.472272330247051e-09,PKS 2142-75
1FDL J1705.1-4033,345.742255730825,0.334830295861599,256.299328011889,-40.5586384941308,3.1356432063176564e-09,0.0605111333735102,0.0981141348724772,True,4FGL J1704.8-4030,345.743041992188,0.42582231760025,,3.802997472490688e-09,
1FDL J1923.7-2100,17.2632999869298,-16.2736502327622,290.93760851634,-21.0087104813317,3.1284579359850143e-09,0.0331035683048344,0.0536748838664606,True,4FGL J1923.5-2104,17.1800842285156,-16.2458324432373,fsrq,2.270737819998203e-09,TXS 1920-211
1FDL J1748.9+7004,100.499166289549,30.6901881492898,267.230624014026,70.0773870475657,3.113003435724408e-09,0.0337478270226083,0.0547195011728803,True,4FGL J1748.6+7005,100.524139404297,30.7132358551025,bll,4.593383007289731e-09,S4 1749+70
1FDL J0033.3-1920,93.9240035418658,-81.1677364445099,8.33372480344319,-19.3336399112554,3.1093155585159307e-09,0.0320846975162049,0.0520228616663714,True,4FGL J0033.5-1921,94.1859664916992,-81.2170867919922,bll,2.7879691888443862e-09,KUV 00311-1938
1FDL J0849.9+4856,170.429347950283,39.2649145872942,132.49761176216,48.9499342544309,3.1088539505679593e-09,0.0390786434736709,0.0633630045840019,True,4FGL J0850.0+4855,170.465393066406,39.2731056213379,bll,1.8973209670036795e-09,GB6 J0850+4855
1FDL J1625.7-2953,348.735191024156,13.3490656047862,246.434367827276,-29.8935524315258,3.102959591557968e-09,0.0344802738412019,0.0559071027258399,True,4FGL J1626.0-2950,348.817810058594,13.3279981613159,FSRQ,2.8354063541513597e-09,PKS B1622-297
1FDL J0915.6+2934,196.610736696624,42.8869770993061,138.908129343203,29.5757465558197,3.1026660958843207e-09,0.035521537260135,0.0575954304926196,True,4FGL J0915.9+2933,196.658706665039,42.9493789672852,bll,2.106921970224107e-09,Ton 0396
1FDL J0921.1+4442,175.676599295809,44.8479527877725,140.290925638898,44.7125382281867,3.1016260815965273e-09,0.0376126513749494,0.0609860115831405,True,4FGL J0920.9+4441,175.700531005859,44.8052177429199,fsrq,4.6726067459701426e-09,S4 0917+44
1FDL J1257.2-6338,303.579282179858,-0.778291073288756,194.317587867341,-63.6427073842105,3.0987529983575287e-09,0.0362032489084143,0.0587007777272756,True,4FGL J1257.0-6339,303.553649902344,-0.790916502475739,,1.8465982076776302e-09,
1FDL J2325.1+3957,105.478295889732,-19.9737232658049,351.283034884468,39.954960847796,3.0954748512583458e-09,0.0349391307063154,0.0566511039580886,True,4FGL J2325.2+3957,105.502754211426,-19.9830703735352,bll,1.6177428285857332e-09,B3 2322+396
1FDL J0739.3+0136,217.00530824283,11.3731940308526,114.825980656946,1.60112950617932,3.0935555577294338e-09,0.0360197369279294,0.0584032248966149,True,4FGL J0739.2+0137,216.983947753906,11.377290725708,fsrq,4.835124300939242e-09,PKS 0736+01
1FDL J2001.0-1750,23.9885839536803,-23.1377240071819,300.251427662598,-17.8425355620241,3.0930888825126675e-09,0.0362568067419554,0.0587876200736625,True,4FGL J2000.9-1748,24.0081424713135,-23.1129035949707,fsrq,1.605666155590768e-09,PKS 1958-179
1FDL J1317.3-6316,305.839144862527,-0.541686376308121,199.333099555025,-63.2671731683545,3.088130182022918e-09,0.0463234052469236,0.0751098280834112,True,4FGL J1317.5-6316,305.859161376953,-0.555196166038513,,3.186757968620668e-09,
1FDL J1418.5+3542,63.1676857149761,69.5914474043622,214.638076103933,35.7070438617966,3.0842058742703775e-09,0.0377539772688827,0.0612151627267866,True,4FGL J1418.4+3543,63.2120704650879,69.5992050170898,BCU,2.438410140470637e-09,87GB 141615.9+355650
1FDL J0456.8-2322,223.644356841242,-34.9382174397281,74.2022817703117,-23.3754038507299,9.751550630994723e-09,0.0222194361628343,0.036027102552337,True,4FGL J0457.0-2324,223.710144042969,-34.899055480957,FSRQ,1.8079189700870305e-08,PKS 0454-234
1FDL J0509.5+0543,195.401760984213,-19.5867245101411,77.3986511768823,5.72181113400295,3.083592921064152e-09,0.0357712109830029,0.0580002629376866,True,4FGL J0509.4+0542,195.398529052734,-19.6307792663574,bll,8.022981390354289e-09,TXS 0506+056
1FDL J2251.3-4928,340.676498670295,-57.9147565476824,342.830080350758,-49.4780937349691,1.2242420148427365e-09,0.0452726405074929,0.0734060983601196,True,4FGL J2251.5-4928,340.658111572266,-57.9462509155273,bll,5.456076146437282e-10,SUMSS J225128-492912
1FDL J1015.0+4924,165.579439774668,52.7263634359894,153.771360232085,49.4026408508085,3.0724334168373256e-09,0.0342580508030874,0.0555467858219121,True,4FGL J1015.0+4926,165.533432006836,52.7126808166504,bll,8.536891193955398e-09,1H 1013+498
1FDL J0654.8+4514,171.240006951759,19.450538545729,103.704251822084,45.2356935866448,3.0497533708546327e-09,0.0369078074236834,0.0598431577463587,True,4FGL J0654.4+4514,171.206802368164,19.388204574585,FSRQ,1.5421668386750296e-09,B3 0650+453
1FDL J0829.6-1141,235.269185221599,15.6604782818517,127.42471002226,-11.6892709035031,1.207058059035908e-09,0.042299186618982,0.068584867433526,True,4FGL J0829.6-1140,235.262969970703,15.6640787124634,bcu,5.57956403302029e-10,NVSS J082939-114103
1FDL J1124.6-5916,292.03592432752,1.7446082931113,171.153982856669,-59.2779800920178,3.025559373946483e-09,0.0414930800540698,0.0672778325783341,True,4FGL J1124.7-5915,292.041656494141,1.76448702812195,PSR,6.453474643564051e-09,PSR J1124-5916
1FDL J1927.1+6153,93.3089080406385,19.7016584198265,291.792314020548,61.8962709203769,3.017441089657027e-09,0.0362768705287296,0.0588201462631061,True,4FGL J1926.8+6154,93.3123321533203,19.7445430755615,bll,1.3076564275849023e-09,87GB 192614.4+614823
1FDL J1652.3-4402,341.539480032615,0.047131824395155,253.080429160573,-44.0348156323647,3.0160179365732575e-09,0.121142610372828,0.196423402160151,True,4FGL J1651.7-4359,341.505493164063,0.151950344443321,,3.485513877521384e-09,
1FDL J2215.2+5139,99.860958364093,-4.07657361283822,333.802855431251,51.6577966352099,3.0097770062619196e-09,0.0338670363948109,0.0549127818072112,True,4FGL J2215.6+5135,99.8723831176758,-4.16915369033814,PSR,2.4668831422047788e-09,PSR J2215+5135
1FDL J1205.0-6237,297.632054878795,-0.238390695959968,181.268199377378,-62.6320689163531,2.9944641635286817e-09,0.0615757539396321,0.0998403351458976,True,4FGL J1203.9-6242,297.517883300781,-0.338131427764893,,6.0535931822869316e-09,
1FDL J1844.7+1545,46.3178940543442,8.56913137423275,281.178898777263,15.7644727451559,2.976334099219618e-09,0.0328553585929413,0.0532724300740825,True,4FGL J1844.4+1547,46.3138961791992,8.63299942016602,bll,2.316655534073675e-09,NVSS J184425+154646
1FDL J1557.9-6430,321.377046024548,-8.54069246822973,239.488004211141,-64.5050770181389,2.969208122987867e-09,0.0318421690069695,0.0516296170178802,True,4FGL J1558.9-6432,321.435638427734,-8.63778114318848,bll,1.5694886501549375e-09,PMN J1558-6432
1FDL J0808.3-0751,229.053230637532,13.1710872925051,122.077676832468,-7.85829627411133,2.9679853983087275e-09,0.0383435924820305,0.0621711821276022,True,4FGL J0808.2-0751,229.044311523438,13.1616077423096,fsrq,6.203741964583287e-09,PKS 0805-07
1FDL J1852.8+4856,78.618809090557,19.895183817205,283.202702556756,48.9363214206343,2.9572513586984596e-09,0.03831723742056,0.0621284394222165,True,4FGL J1852.4+4856,78.5979461669922,19.9486751556397,fsrq,1.2881289368493751e-09,S4 1851+48
1FDL J0423.9+4150,159.695522623322,-5.37699777902728,65.978791146705,41.844631944973,2.940465985714924e-09,0.0356185309123688,0.057752702050168,True,4FGL J0423.9+4150,159.702651977539,-5.38466167449951,bll,3.018168381885289e-09,4C +41.11
1FDL J2339.6-0531,81.3630359939157,-62.4482009686286,354.900019232799,-5.52510794077341,2.935189600317298e-09,0.0366848942280573,0.0594817234377525,True,4FGL J2339.6-0533,81.3479995727539,-62.4753723144531,PSR,4.702051192850831e-09,PSR J2339-0533
1FDL J1846.4+0919,40.689581070949,5.33365273376594,281.614195937461,9.32297742654047,2.9330395555425935e-09,0.0372519735674892,0.0604011979669049,True,4FGL J1846.3+0919,40.689624786377,5.35410451889038,PSR,6.568331656353621e-09,PSR J1846+0919
1FDL J1058.6-8002,298.000593761175,-18.2744396488583,164.671820387443,-80.0490543345955,2.9226698537101298e-09,0.037787972150999,0.0612702780532786,True,4FGL J1058.6-8003,298.005615234375,-18.2887420654297,bll,1.9524462047115776e-09,PKS 1057-79
1FDL J1703.6-6212,328.125653421241,-12.4370829130523,255.920172259927,-62.2063031701386,2.910984144920294e-09,0.0364179129192063,0.0590488303660999,True,4FGL J1703.6-6213,328.110656738281,-12.4427318572998,fsrq,2.847190039290126e-09,MRC 1659-621
1FDL J2302.6+4442,103.376694107602,-13.996982792398,345.668267087408,44.7054933625464,2.9105659209517456e-09,0.0383082770848898,0.0621139094146293,True,4FGL J2302.7+4443,103.397819519043,-13.9924516677856,PSR,6.824109277658863e-09,PSR J2302+4442
1FDL J0210.9-5059,276.03270580464,-61.7832239831397,32.7272068958316,-50.9924296856395,2.910133819308499e-09,0.0369046451142907,0.0598380383923194,True,4FGL J0210.7-5101,276.105773925781,-61.7737464904785,FSRQ,5.289078064407704e-09,PKS 0208-512
1FDL J0814.7+6435,151.572263627962,33.2023627460875,123.678205865356,64.5912592925759,2.9086358991937714e-09,0.0366472661668046,0.0594207176706836,True,4FGL J0814.6+6430,151.67546081543,33.2061233520508,bll,1.6676845460139587e-09,GB6 J0814+6431
1FDL J2009.3-4851,350.348505341743,-32.5964201218949,302.346368409087,-48.8518200294126,2.9033192925806432e-09,0.0388833013443972,0.0630462777737819,True,4FGL J2009.4-4849,350.381378173828,-32.6025695800781,BLL,2.8884907798953922e-09,PKS 2005-489
1FDL J1740.5-3054,357.749779189132,-0.101089882562423,265.139380905809,-30.9035861636848,2.9023252488111065e-09,0.131483393807007,0.213190164129694,True,4FGL J1740.3-3058c,357.668884277344,-0.104776740074158,snr,4.341766501880784e-09,MSH 17-39
1FDL J0816.4-1311,234.798968478872,12.1234756164123,124.11549488038,-13.1982654058792,2.8955498087989335e-09,0.0377623114879593,0.0612286720006692,True,4FGL J0816.4-1311,234.796432495117,12.1213455200195,bll,1.7017567355281924e-09,PMN J0816-1311
1FDL J2243.8+2021,86.5701676888499,-33.3539935991844,340.973216298145,20.3617360690995,2.889537399866335e-09,0.0387959720050481,0.0629046740050581,True,4FGL J2243.9+2021,86.5817413330078,-33.3669128417969,bll,4.243747575571888e-09,RGB J2243+203
1FDL J1848.2+3214,61.9614525313977,14.7078407296567,282.050696107254,32.2418676033038,2.875338900749489e-09,0.0433646081942913,0.0703123611286825,True,4FGL J1848.4+3217,62.0305824279785,14.6864213943481,FSRQ,2.4251791685969684e-09,B2 1846+32A
1FDL J1506.6+0815,8.75262666766189,52.888984727198,226.652810277784,8.26126487177037,1.4403965749087569e-09,0.0446052551650716,0.0723239767646705,True,4FGL J1506.6+0813,8.7241153717041,52.8513069152832,bll,9.040450055231021e-10,PMN J1506+0814
1FDL J1723.4-7715,315.660972774058,-21.7901793773804,260.868252792043,-77.2526908895939,2.8731501322061152e-09,0.0390375375250539,0.0632963569190273,True,4FGL J1723.6-7714,315.681243896484,-21.7937927246094,bcu,2.9162880998967462e-09,PKS 1716-771
1FDL J1427.0+2351,29.6645053032577,68.2071455645859,216.769245215515,23.8637749737777,1.4380942836914045e-08,0.023371761917355,0.0378955121243278,True,4FGL J1427.0+2348,29.4931793212891,68.204231262207,BLL,1.1804242028290446e-08,PKS 1424+240
1FDL J0839.3+3539,187.086670246944,36.4312210280352,129.83734140469,35.6582396620217,1.1320687443911646e-09,0.0423475696367229,0.0686633189183013,True,4FGL J0839.7+3540,187.083999633789,36.5091743469238,bll,4.0916053878348175e-10,NVSS J083943+354001
1FDL J1848.4+3231,62.2550449026459,14.7761495410975,282.107877596164,32.5298769234653,2.8376215913112957e-09,0.0496196561070255,0.0804544346909096,True,4FGL J1848.5+3243,62.4592628479004,14.825478553772,fsrq,2.083034633670877e-09,B2 1846+32B
1FDL J1033.9+6050,147.778980489475,49.1212964129605,158.491865885776,60.8458781270645,2.8263639169538187e-09,0.0370579911016761,0.0600866745816041,True,4FGL J1033.9+6050,147.778289794922,49.1164970397949,FSRQ,4.620865468041302e-09,S4 1030+61
1FDL J0238.4-3117,229.46581359785,-66.331884635766,39.6237245274833,-31.2855417002372,2.8063469367939666e-09,0.0362753332606884,0.0588176570398586,True,4FGL J0238.4-3116,229.459335327148,-66.3344573974609,bll,9.479373952459014e-10,1RXS J023832.6-311658
1FDL J1821.5-1430,16.662058627304,-0.131400020235833,275.398905087354,-14.5003437706288,2.8034855373664263e-09,0.131794596818741,0.213694766586151,True,4FGL J1821.1-1422,16.724552154541,0.0252011995762586,spp,4.170341405540512e-09,SNR G016.7+00.1
1FDL J0856.7-1103,238.631467452533,21.5061084407573,134.185373039065,-11.064333227062,2.789656433245577e-09,0.0380586905434834,0.061709232621856,True,4FGL J0856.6-1105,238.652572631836,21.4733009338379,bll,2.429484613486465e-09,PMN J0856-1105
1FDL J1548.9-2254,347.830446970733,24.1087691101713,237.240389806052,-22.9036762578238,2.7871791209858397e-09,0.0275667571306799,0.0446973749288118,True,4FGL J1548.8-2250,347.843688964844,24.1748390197754,bll,1.0189049604036882e-09,PMN J1548-2251
1FDL J0217.1+0838,156.065381283206,-48.6295154266411,34.2923631918347,8.64882342921714,2.777917092576959e-09,0.0385048214498654,0.0624326007192999,True,4FGL J0217.2+0837,156.115478515625,-48.6399955749512,bll,1.615023892398426e-09,ZS 0214+083
1FDL J1635.2+3807,61.0772908001856,42.3402466984789,248.809140324998,38.1287294288864,8.713667020192295e-09,0.0292361665031417,0.0474041892071395,True,4FGL J1635.2+3808,61.0931930541992,42.3350219726563,FSRQ,1.3365252016228624e-08,4C +38.41
1FDL J0228.3-5548,278.296678152415,-56.4343490356338,37.0758348207485,-55.8151477054095,2.751599868357653e-09,0.0394024661341404,0.0638880633882633,True,4FGL J0228.3-5547,278.263031005859,-56.4473533630371,fsrq,3.556192451625861e-09,PKS 0226-559
1FDL J0607.3+4741,165.596653235034,12.8710625844832,91.8427719471842,47.694552526602,2.7417665900143657e-09,0.0384293317830986,0.062310195566215,True,4FGL J0607.4+4739,165.629577636719,12.8659229278564,bll,3.120424585389969e-09,TXS 0603+476
1FDL J0109.1+6809,124.585311378178,5.34670781395604,17.2886332311866,68.1615618902308,2.7358507408819853e-09,0.0318180257945844,0.0515904762968207,True,4FGL J0110.1+6805,124.685707092285,5.28940057754517,bll,2.162633849778217e-09,4C +67.04
1FDL J1603.8-4904,332.149043636064,2.56406444248251,240.968503626144,-49.0763995002313,2.7183814628498227e-09,0.0436130021672493,0.0707151237768004,True,4FGL J1603.8-4903,332.157806396484,2.57593941688538,bll,5.1695514535765605e-09,PMN J1603-4904
1FDL J0754.4-1143,230.696113164872,8.27568670233211,118.608818256617,-11.7168547858763,2.6979272830488425e-09,0.0342858771584388,0.0555919031380378,True,4FGL J0754.4-1148,230.774200439453,8.23286247253418,bll,2.019970413158489e-09,TXS 0752-116
1FDL J1548.3+1455,25.6178729837647,47.189122723953,237.09238231368,14.922480934148,2.697022937291005e-09,0.04083711062748,0.0662142253500562,True,4FGL J1548.3+1456,25.6539649963379,47.1920890808106,bll,1.6956087645070281e-09,NVSS J154824+145702
1FDL J1457.3-3539,329.872654665291,20.5464933130994,224.334150939692,-35.6545701298966,2.693466634109e-09,0.0398248346800746,0.0645728998938569,True,4FGL J1457.4-3539,329.897399902344,20.5353927612305,FSRQ,3.4877436494440413e-09,PKS 1454-354
1FDL J1746.8-3241,356.9280691942,-2.16589560878396,266.701525413968,-32.6856510610314,2.6828643834248864e-09,0.0536916336544333,0.0870568539458342,True,4FGL J1746.8-3239,356.954528808594,-2.1685516834259,PSR,8.191551437164435e-09,PSR J1746-3239
1FDL J1639.9-5148,334.275894312317,-3.41610798730142,249.975377935663,-51.8061452685723,2.6809986790346546e-09,0.0361801238727452,0.0586632786388697,True,4FGL J1639.3-5146,334.251220703125,-3.33252954483032,,3.5489831073931555e-09,
1FDL J0221.1+3558,142.596828775423,-23.4552682050128,35.2820916077696,35.9681081143364,2.668805721390907e-09,0.0387127929781753,0.0627698054761978,True,4FGL J0221.1+3556,142.608917236328,-23.4855194091797,FSRQ,7.803924617633129e-09,B2 0218+357
1FDL J0144.5+2706,137.261151441496,-34.2745769993083,26.1428604172096,27.1144030008406,2.668313662964082e-09,0.0393002597781975,0.0637223425988624,True,4FGL J0144.6+2705,137.276138305664,-34.2967033386231,bll,5.974149175358434e-09,TXS 0141+268
1FDL J0433.6+2906,170.518797037319,-12.5884783181649,68.4187624306629,29.1082498954001,2.6389998163672127e-09,0.0361389496146518,0.058596518033851,True,4FGL J0433.6+2905,170.522308349609,-12.6008644104004,bll,3.0297049313787742e-09,MG2 J043337+2905
1FDL J1040.9+0619,240.825635335791,52.6659901076377,160.225139498675,6.31817865507002,2.6365615845841045e-09,0.0374855812629982,0.0607799772996968,True,4FGL J1040.5+0617,240.793441772461,52.5860824584961,bll,1.486716194598614e-09,GB6 J1040+0617
1FDL J1231.8+2844,191.326491030223,85.3795235000172,187.959214064944,28.744215732699,2.6339868351678023e-09,0.0408215200326641,0.0661889477073044,True,4FGL J1231.7+2847,190.861221313477,85.3435592651367,bll,1.8683536939789747e-09,B2 1229+29
1FDL J2321.9+3203,101.676666763023,-27.0994431625556,350.478653787502,32.0507492774068,2.630148319840316e-09,0.0408769054827201,0.0662787504267441,True,4FGL J2321.9+3204,101.685806274414,-27.0779762268066,fsrq,3.3512934649593262e-09,B2 2319+31
1FDL J1239.5+0444,295.165779968231,67.4314556675055,189.876495640016,4.73980292758951,2.6243790367334214e-09,0.040560229693956,0.0657652789221761,True,4FGL J1239.5+0443,295.192291259766,67.4212036132813,fsrq,5.5650772878834695e-09,MG1 J123931+0443
1FDL J1604.0-4437,335.139610232702,5.86491166144771,241.018257092659,-44.6281288308761,2.619086487869555e-09,0.0348217905320872,0.0564608488394452,True,4FGL J1604.5-4441,335.156219482422,5.76666879653931,bll,1.922647596686033e-09,PMN J1604-4441
1FDL J1447.9+3607,60.2276192813729,63.7457608000468,221.979583611692,36.1204217045337,2.6044637672643296e-09,0.0400490260586443,0.0649364047580665,True,4FGL J1448.0+3608,60.2446136474609,63.713249206543,bll,1.5426938615448194e-09,RBS 1432
1FDL J2241.2-5237,337.493751020941,-54.8544049614421,340.306945703524,-52.6328821960425,2.5994541403466577e-09,0.0405876196216109,0.065809698413488,True,4FGL J2241.7-5236,337.452209472656,-54.9341468811035,PSR,4.682747078987859e-09,PSR J2241-5236
1FDL J0118.9-2140,173.38172352452,-81.6987318941471,19.7399105674169,-21.6777989487705,2.59781129061145e-09,0.0384237350808532,0.0623011212444549,True,4FGL J0118.9-2141,173.40576171875,-81.7201538085938,fsrq,3.0498616965246583e-09,PKS 0116-219
1FDL J1035.3-6720,290.362285357682,-7.84827902653738,158.837538671286,-67.3367140855696,2.592640613887031e-09,0.0407313571160282,0.066042756371117,True,4FGL J1035.4-6720,290.372009277344,-7.84417009353638,PSR,3.359946987302464e-09,PSR J1035-6720
1FDL J1709.8+4317,68.368729040403,36.1985724991709,257.454724064612,43.2916339371205,2.5833135385866965e-09,0.0393181398223799,0.063751327910635,True,4FGL J1709.7+4318,68.3907012939453,36.2170066833496,fsrq,2.4565478540239383e-09,B3 1708+433
1FDL J2108.8-6640,327.480965320205,-38.1401995087184,317.222234049385,-66.6807772729197,1.0284184041627459e-09,0.0454060030495075,0.0736223371347413,True,4FGL J2108.9-6638,327.523864746094,-38.1622352600098,bll,7.226614862076984e-10,PKS 2104-668
1FDL J0449.3+6335,145.980289629042,11.9702320670614,72.3291356441861,63.5997193475013,2.577338373908758e-09,0.0356894147671925,0.0578676362172098,True,4FGL J0449.2+6329,146.061538696289,11.9011344909668,fsrq,1.3308031343584046e-09,S4 0444+63
1FDL J2302.0+5852,109.195739040521,-1.04984931836777,345.518688401749,58.8741581489802,2.5764312609629646e-09,0.0516615394809147,0.0837652115924114,True,4FGL J2301.9+5855e,109.202842712402,-1.00280129909515,SNR,1.7736720980821021e-09,CTB 109
1FDL J1150.6+4155,159.068835018032,70.681221033691,177.659236642773,41.920014333588,2.5750557739437506e-09,0.0404481591944926,0.0655835658422911,True,4FGL J1150.6+4154,159.095733642578,70.6870574951172,bll,1.900109181107723e-09,RBS 1040
1FDL J0516.8-6207,271.521098862815,-34.7476348429008,79.2135341011436,-62.1291790561439,2.5719897885697377e-09,0.0387898719588337,0.0628947806388589,True,4FGL J0516.7-6207,271.518188476563,-34.7638282775879,bll,2.082769956501806e-09,PKS 0516-621
1FDL J1754.1+3211,57.7293359256489,25.4118369309033,268.548592334285,32.1967452952679,2.5697519246369495e-09,0.0400898162605387,0.0650025478052343,True,4FGL J1754.2+3212,57.7347946166992,25.4092922210693,bll,2.6630957439266467e-09,RX J1754.1+3212
1FDL J0854.8+2006,206.811851039557,35.821156471949,133.703828837386,20.1088102136861,2.5614393672878668e-09,0.0390459991633348,0.0633100759750817,True,4FGL J0854.8+2006,206.804870605469,35.8264198303223,BLL,5.6533671077829695e-09,OJ 287
1FDL J1150.9+5857,137.027264212395,56.4825616893569,177.741841159814,58.9601138665616,8.099594559642227e-10,0.0493679042186415,0.0800462467393516,True,4FGL J1151.5+5859,136.887939453125,56.4857597351074,bll,7.579315508543515e-10,TXS 1148+592
1FDL J1127.3-1856,276.790732782038,39.614324791962,171.829648746966,-18.9493993479908,2.5397200058554775e-09,0.0358506839618229,0.0581291199410898,True,4FGL J1127.0-1857,276.724609375,39.5750350952149,fsrq,6.800575214072069e-09,PKS 1124-186
1FDL J1741.8-2059,6.33225590926478,4.87920883602533,265.463541544929,-20.9938490326829,1.2679012791811099e-08,0.0472068180234419,0.0765422109477991,True,4FGL J1741.9-2054,6.42596197128296,4.90551853179932,PSR,1.674278493624115e-08,PSR J1741-2054
1FDL J2018.7+4218,79.4817110667282,3.5669935804882,304.694160022846,42.3164031950749,2.5179375818053404e-09,0.144280044890412,0.233938960334689,False,,,,,,
1FDL J2035.3+1057,55.4142791019156,-17.2230836385679,308.839155731396,10.9560617723266,2.5162317615311213e-09,0.0419409558680296,0.0680040254325527,True,4FGL J2035.4+1056,55.4054756164551,-17.2432632446289,fsrq,4.745077664125574e-09,PKS 2032+107
1FDL J1925.0-1026,27.3113649006429,-12.1409019726244,291.250759475337,-10.4348161910123,2.512588918310506e-09,0.0480336960771577,0.0778829401357901,True,4FGL J1924.8-1035,27.14768409729,-12.1684494018555,,1.12699882759415e-09,
1FDL J1725.7-3536,352.118930965518,-0.0604509499599528,261.427757849038,-35.6033204465181,2.5040564780661557e-09,0.146417403798892,0.237404495682001,False,,,,,,
1FDL J2121.0+1900,69.2242590083757,-21.2562698909901,320.253625394795,19.0042279020935,2.4865573485176838e-09,0.039168725719141,0.0635090715591918,True,4FGL J2121.0+1901,69.2512588500977,-21.2423419952393,fsrq,2.204259885729698e-09,OX 131
1FDL J2056.3+4342,84.7409259670097,-1.06598523856355,314.093077998157,43.7002513824771,2.4812040421143856e-09,0.0646010548408844,0.104745617897456,True,4FGL J2056.4+4351c,84.8685531616211,-0.97714763879776,unk,1.3957195399427744e-09,1RXS J205549.4+435216
1FDL J2157.8+3128,84.8412542128469,-18.2652503308963,329.47045977743,31.4831326812726,2.471893070209753e-09,0.0334530927360919,0.0542416079876947,True,4FGL J2157.5+3127,84.7644195556641,-18.2403106689453,fsrq,2.964973155883399e-09,B2 2155+31
1FDL J0622.4-2604,233.795228485455,-17.5445111428113,95.6032187865373,-26.0828757234071,2.4703722488686708e-09,0.0382404537893521,0.0620039453141308,True,4FGL J0622.3-2605,233.805541992188,-17.5559196472168,bll,2.051699254934647e-09,PMN J0622-2605
1FDL J2030.9+4415,82.3496606378693,2.8700818128068,307.739047302139,44.2592077418188,2.4676406735139222e-09,0.0535705826396916,0.0868605637479632,True,4FGL J2030.9+4416,82.3502044677734,2.88239574432373,PSR,7.348745612034689e-09,PSR J2030+4415
1FDL J0545.8+6014,152.577524658751,15.7350315716658,86.4631013912305,60.2457640988938,2.4591342581718745e-09,0.0389308214431407,0.0631233241384727,True,4FGL J0545.7+6016,152.549774169922,15.7370767593384,,1.0259598726136687e-09,
1FDL J0850.1+5106,167.641629742892,39.1629511456828,132.532563708461,51.1120355539431,2.4580980371012576e-09,0.0416565584637221,0.0675428992001085,True,4FGL J0850.0+5108,167.605041503906,39.1483039855957,NLSY1,1.8194167283880347e-09,SBS 0846+513
1FDL J2323.8+4212,106.072798459858,-17.7743042296608,350.966163990202,42.212574368754,2.457480044994395e-09,0.0385182083528159,0.0624543022813636,True,4FGL J2323.8+4210,106.06819152832,-17.8046550750732,bll,1.957891626602759e-09,1ES 2321+419
1FDL J0131.2+6121,127.687317787217,-1.14032608961227,22.8186130585346,61.3630661319702,2.452706149741298e-09,0.0365278145813228,0.0592270366195561,True,4FGL J0131.1+6120,127.678863525391,-1.16781842708588,bll,1.4861697428258935e-09,RX J0131.0+6120
1FDL J0338.3+1304,173.505707330343,-32.9436924780363,54.5811751232612,13.0830231454592,2.4480998089136526e-09,0.0332872659916741,0.0539727317608732,True,4FGL J0338.5+1302,173.584945678711,-32.9354476928711,bll,1.5558159205397715e-09,RX J0338.4+1302
1FDL J0108.5+0136,131.794581400167,-60.9745954343585,17.1481654162892,1.60161326395643,7.739532352451392e-09,0.0289463177263707,0.046934218994683,True,4FGL J0108.6+0134,131.843704223633,-60.9911880493164,fsrq,1.1030991231564258e-08,4C +01.02
1FDL J1848.3+6705,97.4629003736654,25.1337354652744,282.077452856731,67.0862954477712,2.4472557636012787e-09,0.0364593050315778,0.0591159427294824,True,4FGL J1849.2+6705,97.487174987793,25.0421104431152,FSRQ,4.409520748538398e-09,S4 1849+67
1FDL J1942.7+1034,48.2668609890113,-6.35308815701328,295.691951885717,10.5716420262296,2.436592594887899e-09,0.0376871706973026,0.0611068367520197,True,4FGL J1942.7+1033,48.2571716308594,-6.36301565170288,bll,2.748226313187274e-09,87GB 194024.3+102612
1FDL J0904.9-5733,276.107027931825,-7.0222487241728,136.235844999205,-57.5654710291656,2.4315302674897103e-09,0.039864514294258,0.0646372331737278,True,4FGL J0904.9-5734,276.118927001953,-7.03580951690674,bcu,4.350082516424436e-09,PKS 0903-57
1FDL J1916.1+1105,45.6014207111137,-0.371115775091317,289.046970215913,11.0835755715534,2.4247300792303036e-09,0.133197355095225,0.215969235917367,True,4FGL J1916.3+1108,45.6679954528809,-0.373232126235962,spp,2.7950552983213584e-09,SNR G045.7-00.4
1FDL J1934.7+2024,55.9270350565366,0.126016275620114,293.693811100068,20.4064872339841,2.405468532572727e-09,0.0621918462663026,0.100839280867307,True,4FGL J1935.2+2029,56.0572204589844,0.0653838962316513,PSR,2.552923428211784e-09,PSR J1935+2025
1FDL J0309.8-6059,278.139671673644,-48.9431617848158,47.4614574502462,-60.9874579151861,2.396298301918818e-09,0.0396594347742798,0.0643047104922987,True,4FGL J0309.9-6058,278.108642578125,-48.9407577514649,fsrq,1.938113003419062e-09,PKS 0308-611
1FDL J1351.1-6136,309.965559914295,0.441383561320938,207.784262932241,-61.6124037963533,2.395994186655297e-09,0.0757846348596943,0.12287892845059,True,4FGL J1351.6-6142,310.000701904297,0.340083450078964,,4.329151703785783e-09,
1FDL J0205.5+6451,130.70275883899,3.10746994820557,31.3861247575042,64.8552141329078,2.3879749131261584e-09,0.0424392565473746,0.0688119752831236,True,4FGL J0205.7+6449,130.728454589844,3.0824019908905,PSR,5.992456753034503e-09,PSR J0205+6449
1FDL J1857.5+0215,35.6447801010323,-0.333376152841211,284.39409099521,2.26203987653334,2.3806693464618565e-09,0.118053311808981,0.19141433565927,True,4FGL J1857.6+0212,35.6031646728516,-0.38292583823204,spp,6.361209781147181e-09,SNR G035.6-00.4
1FDL J1759.4-2146,7.76102106353302,0.960061737877223,269.865037994655,-21.7671939009651,2.3778234186066013e-09,0.0886987689266255,0.143818207033018,True,4FGL J1759.7-2141,7.85329055786133,0.939886093139648,unk,2.490676553890125e-09,NVSS J175946-214231
1FDL J1813.7+3141,58.6420722248504,21.3182878904884,273.438110753157,31.6983635496692,2.3771572968001073e-09,0.044667977261408,0.0724256763108328,True,4FGL J1813.5+3144,58.6784896850586,21.3762531280518,bll,1.0032789043989963e-09,B2 1811+31
1FDL J0303.1-2407,214.595140985994,-60.2333425546833,45.7974367733897,-24.1196393450156,2.375262432851645e-09,0.0343053060864259,0.0556234027987299,True,4FGL J0303.4-2407,214.627456665039,-60.1761054992676,BLL,5.1804804890309705e-09,PKS 0301-243
1FDL J2300.3+3137,96.8360378888721,-25.550798515581,345.078599833063,31.6295959578575,2.3687188711061735e-09,0.0409025788685825,0.0663203763355733,True,4FGL J2300.3+3136,96.8349075317383,-25.5699768066406,bll,9.557948876803835e-10,NVSS J230022+313703
1FDL J1443.8+2500,34.5148597011144,64.7291218928084,220.952499802329,25.0140993101388,2.3662583527062963e-09,0.0415429565615647,0.0673586999201115,True,4FGL J1443.9+2501,34.5657768249512,64.6956787109375,fsrq,5.289410243136672e-09,PKS 1441+25
1FDL J1304.3-4359,305.385921599926,18.8252831001484,196.088346402842,-43.9849159653063,2.352618999424667e-09,0.0359028518719456,0.058213708596806,True,4FGL J1304.3-4353,305.390869140625,18.9143772125244,bll,2.5032578232497822e-09,1RXS J130421.2-435308
1FDL J0910.4+3328,191.13397799177,42.424088888631,137.605807242561,33.4745127900571,2.3498600614754907e-09,0.0360262901349377,0.0584138534168323,True,4FGL J0910.6+3329,191.118789672852,42.463752746582,bll,1.407072569570289e-09,Ton 1015
1FDL J1246.7-2549,301.605019242377,37.0397422353058,191.682875069085,-25.8198794846575,2.3490442616042977e-09,0.0395789438300051,0.0641742091642061,True,4FGL J1246.7-2548,301.611053466797,37.0579376220703,fsrq,7.046417227485335e-09,PKS 1244-255
1FDL J0115.8+2523,129.857393814149,-37.1562375849115,18.9656764515847,25.3868458575827,2.3490048853294257e-09,0.0414056477283679,0.067136064885216,True,4FGL J0115.8+2519,129.852233886719,-37.2115631103516,bll,1.7212745673234051e-09,RX J0115.7+2519
1FDL J1838.7+4800,76.9110166550116,21.8224836454394,279.698353270508,48.006582180417,2.335104280774159e-09,0.0408205938435195,0.0661874422410162,True,4FGL J1838.8+4802,76.9499893188477,21.8224182128906,bll,2.5055972852072728e-09,GB6 J1838+4802
1FDL J1617.6-7720,313.383213337486,-18.8837661008393,244.417988013323,-77.3417668046096,2.3333798329198445e-09,0.0406747877259378,0.065951032494629,True,4FGL J1617.9-7718,313.422424316406,-18.8683662414551,fsrq,1.535174320999033e-09,PKS 1610-77
1FDL J1454.4+5125,87.6929878865164,56.4489203883567,223.615467045208,51.4217606869493,2.3332066200960083e-09,0.0407322881259336,0.0660442556905998,True,4FGL J1454.4+5124,87.6678695678711,56.4512596130371,bll,3.861735820009926e-09,TXS 1452+516
1FDL J1626.6-2427,353.057627501549,16.8448192330948,246.654314862324,-24.4537946829322,2.3281667365339405e-09,0.0815580466798703,0.132240080882293,True,4FGL J1626.9-2431e,353.057189941406,16.7284488677979,SFR,3.1186504489966183e-09,rho Ophiuchi
1FDL J0533.3+4821,162.184441390559,8.23428194923116,83.3401502220867,48.3636814111543,2.3240808917716883e-09,0.0402064824797013,0.0651917095509689,True,4FGL J0533.3+4823,162.165283203125,8.24116802215576,fsrq,2.9542923662972953e-09,TXS 0529+483
1FDL J0804.9+7534,138.899352294876,30.7629406454342,121.23279956033,75.5768952346451,2.3175146063165344e-09,0.0396608575441113,0.0643070205814921,True,4FGL J0805.4+7534,138.892776489258,30.7945213317871,bll,1.31603716813089e-09,RX J0805.4+7534
1FDL J0719.6+3314,184.943308882969,19.9607620799011,109.9121353269,33.2463124097866,2.317414713409225e-09,0.034396464883005,0.0557712123360873,True,4FGL J0719.3+3307,185.044326782227,19.8618640899658,fsrq,3.6688785343130795e-09,B2 0716+33
1FDL J0316.2+0905,172.106512124663,-39.5630563572054,49.0729020996355,9.09793217599707,2.314442096885838e-09,0.0402485847978232,0.0652599771326508,True,4FGL J0316.2+0905,172.095764160156,-39.5753288269043,bll,1.6018174564536023e-09,GB6 J0316+0904
1FDL J0706.3+3748,179.411272451792,18.9833220817532,106.589195834614,37.81275079643,2.309083298195722e-09,0.0361007710893391,0.0585346121974493,True,4FGL J0706.5+3744,179.496917724609,18.9880390167236,bll,1.187512976841276e-09,GB6 J0706+3744
1FDL J0627.1-3530,243.476811132992,-19.9698902799797,96.7842415737401,-35.5095142077968,2.3071432467916755e-09,0.0409216528006089,0.0663513072402875,True,4FGL J0627.0-3529,243.451171875,-19.9695243835449,rdg,1.314704234367525e-09,PKS 0625-35
1FDL J0523.0-3622,240.52120612829,-32.681716066774,80.7652403783704,-36.3804103936432,2.303863795464497e-09,0.0356007269036921,0.0577238312480249,True,4FGL J0522.9-3628,240.618499755859,-32.7215919494629,AGN,4.1692880259347476e-09,PKS 0521-36
1FDL J1023.9-4333,276.576616360476,11.6314958542637,155.983591522329,-43.5645046212297,2.3016415023994652e-09,0.0380381638154735,0.0616759464165189,True,4FGL J1023.8-4335,276.586761474609,11.6014680862427,bll,1.1359293505819323e-09,RX J1023.9-4336
1FDL J1146.8+3953,165.200395729853,71.4952567914489,176.703195103688,39.8988612177058,2.300357631146689e-09,0.0346381308408427,0.0561630579158831,True,4FGL J1146.9+3958,164.951065063477,71.4682083129883,fsrq,4.0638616916055526e-09,S4 1144+40
1FDL J0832.6-4534,263.393365234684,-3.30092328337279,128.16914460401,-45.5749629017395,7.273690204982415e-09,0.0551758649416626,0.0894634104556818,True,4FGL J0833.1-4511e,263.332092285156,-3.10605001449585,PWN,1.1600151950119653e-08,Vela X
1FDL J1732.2-2710,359.91774541934,3.42371461898068,263.07191035107,-27.1814756640157,2.2928066886866415e-09,0.0667594402917985,0.108245282072413,True,4FGL J1731.9-2719,359.749908447266,3.41011786460876,bcu,9.197729800014541e-10,NVSS J173149-271928
1FDL J0845.1-5457,272.318142425072,-7.46821749750608,131.295335882962,-54.9559458738218,2.2905950612398555e-09,0.0393192287989299,0.0637530941283344,True,4FGL J0844.9-5458,272.314117431641,-7.49967813491821,bll,1.8644688015712063e-09,PMN J0845-5458
1FDL J1932.3+1914,54.6275903726499,0.0557966511100324,293.090379994991,19.2354893187485,7.229184021314292e-09,0.0355577531239778,0.0576541515643084,True,4FGL J1932.3+1916,54.6499900817871,0.0835366919636726,PSR,8.284192887231256e-09,PSR J1932+1916
1FDL J2009.0+7232,105.378534390998,20.26398116789,302.253172898613,72.5455807112527,2.2848865437021546e-09,0.0407435112942705,0.066062458318195,True,4FGL J2010.0+7229,105.360816955566,20.1673431396484,bll,1.7333376955974702e-09,4C +72.28
1FDL J0622.7+3331,179.841065618115,9.16375129845681,95.6901492853861,33.5264738982129,2.2841644077603763e-09,0.037696986801961,0.0611227594347648,True,4FGL J0622.9+3326,179.940200805664,9.15160942077637,BCU,3.611292154204193e-09,B2 0619+33
1FDL J0339.8-0142,187.995000902027,-42.3410031271262,54.9680316210277,-1.70582857751215,2.2840221957695932e-09,0.0391670541463421,0.0635063562574282,True,4FGL J0339.5-0146,188.000076293945,-42.4563217163086,fsrq,5.992916385366698e-09,PKS 0336-01
1FDL J1625.8-2527,352.145103110622,16.3168788049202,246.450188810144,-25.4584610074182,2.2827044213386e-09,0.0410162697119656,0.066504714604466,True,4FGL J1625.7-2527,352.136962890625,16.3158226013184,fsrq,4.956600463401628e-09,PKS 1622-253
1FDL J0058.1-3236,288.391982510784,-84.326376764044,14.5479159194071,-32.6099989247682,2.281032326046097e-09,0.0411505385664802,0.0667224252241563,True,4FGL J0058.0-3233,288.560272216797,-84.3767242431641,bll,1.3953700417346224e-09,PKS 0055-328
1FDL J1150.5+2417,221.239912943209,76.0155580448182,177.649847280011,24.2923255732642,2.2685740504082006e-09,0.035294417593999,0.057227176557089,True,4FGL J1150.4+2418,221.157363891602,75.9765930175781,bll,1.3701050294301351e-09,OM 280
1FDL J1908.4-0135,33.448728073333,-4.50285701528643,287.10328360476,-1.59279968588189,2.264985989779788e-09,0.0377068332182076,0.0611387230933473,True,4FGL J1908.8-0131,33.553466796875,-4.57105922698975,,2.1574044772876277e-09,
1FDL J1824.9-2455,7.79181651006306,-5.67660192900937,276.227751688136,-24.9195481521497,2.261208659704762e-09,0.0397426515357706,0.0644396372625298,True,4FGL J1824.6-2452,7.80816602706909,-5.60042428970337,PSR,3.0437470321942332e-09,PSR J1824-2452A
1FDL J0056.5-2119,134.657945181851,-84.0831469734116,14.1482061770612,-21.3291200323967,2.2607917515848116e-09,0.0323172400223016,0.0523999137082457,True,4FGL J0056.4-2118,134.363037109375,-84.062385559082,bll,9.488699825865863e-10,PMN J0056-2117
1FDL J0535.9-0509,208.877969404543,-19.1381208474398,83.9818150484225,-5.16658052836686,2.2534138538236064e-09,0.0596068151874762,0.0966478579164757,False,,,,,,
1FDL J2036.2+6556,100.70141625992,14.8451300601692,309.063357348417,65.9461657948776,8.96419468493734e-10,0.0432118920423716,0.0700647490165566,True,4FGL J2036.4+6553,100.657272338867,14.7963094711304,bll,6.710270117338267e-10,87GB 203539.4+654245
1FDL J0752.8+5349,164.269557206864,30.4684632537988,118.201912257729,53.8199762521821,2.2504748299009482e-09,0.033916051968432,0.0549922584133519,True,4FGL J0753.0+5353,164.192855834961,30.5047645568848,bll,1.1867244964491872e-09,4C +54.15
1FDL J1027.0-1748,260.930245103983,33.0375000606906,156.759763099841,-17.80876784482,2.250420938684337e-09,0.041994188012599,0.0680903321569655,True,4FGL J1026.9-1749,260.924591064453,33.0169906616211,bll,1.237663305175829e-09,1RXS J102658.5-174905
1FDL J0333.9+2916,160.54279708783,-21.4893041963323,53.4770496965975,29.2733454689495,2.2480294688970445e-09,0.0401222412016644,0.0650551207337487,True,4FGL J0333.7+2916,160.522094726563,-21.5074901580811,bll,1.5210509518581714e-09,TXS 0330+291
1FDL J0406.9-3826,241.278284173643,-47.8965091888591,61.7375670338425,-38.4352230096965,2.2439096176214694e-09,0.0405901114163981,0.0658137372062742,True,4FGL J0407.0-3826,241.284225463867,-47.8767852783203,fsrq,2.021705691745978e-09,PKS 0405-385
1FDL J2311.0+3428,100.428735907193,-23.9630250514643,347.753366672114,34.4826811151487,2.2298645333688966e-09,0.036627078723802,0.0593879837250143,True,4FGL J2311.0+3425,100.413604736328,-24.023063659668,FSRQ,4.110956908220942e-09,B2 2308+34
1FDL J0734.7-1559,232.070285736527,2.01238152871814,113.691620321354,-15.9972359928691,2.22912775844478e-09,0.0414504125340518,0.0672086483171041,True,4FGL J0734.7-1559,232.064254760742,2.01294350624084,PSR,5.529875668486284e-09,PSR J0734-1559
1FDL J1916.8-3028,7.46902858885309,-18.432025338995,289.215622296525,-30.4757094383625,2.2242434483485947e-09,0.040952029292391,0.0664005589324587,True,4FGL J1916.8-3025,7.5218997001648,-18.4200305938721,,1.0304500586144627e-09,
1FDL J0508.1+6736,143.817022256751,15.9027792145386,77.0436441137318,67.6129239188895,2.2234020410448523e-09,0.0383690957111133,0.0622125311724751,True,4FGL J0507.9+6737,143.798370361328,15.8927297592163,bll,1.523270509729002e-09,1ES 0502+675
1FDL J1330.5-7004,306.279220398035,-7.45864764246719,202.64077475908,-70.0757083551813,2.220757410544223e-09,0.0400079922959055,0.0648698750289401,True,4FGL J1330.2-7003,306.254913330078,-7.4376368522644,bcu,1.748483802188616e-09,PKS 1326-697
1FDL J0211.5+5322,134.824329994467,-7.62956792130998,32.8845832642329,53.3825464831637,2.2198801102095433e-09,0.0402412633892923,0.0652481085705234,True,4FGL J0212.1+5321,134.925811767578,-7.6304087638855,bin,2.674124477408668e-09,1SXPS J021210.6+532136
1FDL J1217.9+3007,188.745123271102,82.0766273090696,184.499909470173,30.125500340687,6.989549742922701e-09,0.0301702224172795,0.0489186854289497,True,4FGL J1217.9+3007,188.849304199219,82.0600509643555,BLL,1.0005386741340772e-08,B2 1215+30
1FDL J1307.7-4300,306.108154227376,19.7637841205101,196.9484477089,-43.0070714442992,2.2069576529012132e-09,0.0397055017853865,0.0643794118420162,True,4FGL J1307.6-4259,306.078887939453,19.7777366638184,bll,1.7334098600940704e-09,1RXS J130737.8-425940
1FDL J1740.7-2855,359.447314272434,0.905515306343242,265.192857104686,-28.9306403230421,2.204047551390751e-09,0.0992275434123061,0.160889825946363,True,4FGL J1740.4-2850,359.485473632813,1.0026398897171,,1.4498751088609652e-09,
1FDL J1146.8-3811,289.206788246768,22.9595858568558,176.721850201231,-38.1856975449311,2.1990391435480607e-09,0.0411475774316072,0.0667176262724953,True,4FGL J1147.0-3812,289.242492675781,22.953275680542,bll,2.3421671269119315e-09,PKS 1144-379
1FDL J2004.3+3342,70.7221234149801,1.23496375330167,301.085900698629,33.7148869816624,2.194436205597508e-09,0.0370334494004717,0.0600468846744871,True,4FGL J2004.3+3339,70.6762924194336,1.19609558582306,unk,3.729023312359914e-09,B2 2002+33
1FDL J1736.0-4442,345.560860511772,-6.68538184466615,264.012548759251,-44.7040752610158,2.1844848645617493e-09,0.0415731008485569,0.0674075725476933,True,4FGL J1736.2-4443,345.563659667969,-6.72615242004395,glc,2.960447220701212e-09,NGC 6388
1FDL J2141.4-6411,328.619737436808,-42.2373301115741,325.354509154573,-64.1988482860881,2.184113483719136e-09,0.037221418310404,0.060351653363736,True,4FGL J2141.7-6410,328.622528076172,-42.2757530212402,bcu,2.8633815318812594e-09,PMN J2141-6411
1FDL J1744.2-1133,14.7919494469663,9.24388698311896,266.065005035566,-11.5511153916214,2.180862676520158e-09,0.0593502636403779,0.0962318741088192,True,4FGL J1744.4-1135,14.785403251648,9.18303966522217,PSR,5.970115068976156e-09,PSR J1744-1134
1FDL J1730.5-3336,354.331153266963,0.226152808305429,262.630022414304,-33.6040641430071,2.17304820281757e-09,0.148879639896848,0.241396853234031,False,,,,,,
1FDL J1344.6-6224,309.047006382192,-0.175924358395905,206.158887485491,-62.4143873898267,2.1704582682240977e-09,0.116877310971514,0.189507532891876,True,4FGL J1344.9-6228,309.074035644531,-0.245572477579117,spp,3.0720119781335598e-09,SNR G308.8-00.1
1FDL J0923.7+4125,180.297867185077,45.5068923381295,140.945213301679,41.4239942529226,8.596809041811077e-10,0.0482769340291346,0.0782773262484508,True,4FGL J0923.5+4125,180.293334960938,45.469051361084,fsrq,6.539538355276875e-10,B3 0920+416
1FDL J1717.0-5807,332.526293051692,-11.4777884010833,259.256910752602,-58.1185212422901,2.1587279770259442e-09,0.0465918742652338,0.07554512567254,True,4FGL J1717.5-5804,332.603302001953,-11.5047044754028,,7.485322917055726e-10,
1FDL J1325.2-4305,309.458218906678,19.3589823792089,201.302414312393,-43.0844003341586,2.1538019211110004e-09,0.0379372177545587,0.0615122705145597,True,4FGL J1325.5-4300,309.528747558594,19.4182014465332,RDG,3.55843221555574e-09,Cen A
1FDL J0100.1+0750,126.67221907905,-54.9673450091031,15.0258113631958,7.84145973874015,2.146449326069016e-09,0.0389487967958608,0.0631524732119663,True,4FGL J0100.3+0745,126.79638671875,-55.0399932861328,bll,1.6453374218627912e-09,GB6 J0100+0745
1FDL J1517.8-2726,338.693813510573,25.0807321684261,229.472526199526,-27.43876854113,2.1444148201851044e-09,0.0399854486869088,0.0648333168326891,True,4FGL J1518.0-2731,338.665588378906,24.9850292205811,bll,1.462110876815359e-09,TXS 1515-273
1FDL J1343.8-1725,320.345633248746,43.6742325252095,205.971498658806,-17.4169888751929,2.1425258969849866e-09,0.040538697965099,0.0657303715731062,True,4FGL J1344.2-1723,320.465270996094,43.6689796447754,fsrq,1.673761684806152e-09,PMN J1344-1723
1FDL J1330.2-6109,307.599243376798,1.36781350260745,202.565714711477,-61.1516083074632,2.13749348653101e-09,0.0420587343945428,0.0681949943073662,True,4FGL J1329.9-6108,307.563507080078,1.38434934616089,,2.469769055934989e-09,
1FDL J1607.9-2040,352.943588661205,22.562538521132,241.996603105307,-20.6833017790275,1.0710920602471148e-09,0.0471599625939243,0.0764662434636104,True,4FGL J1608.0-2038,352.994659423828,22.5729427337647,bll,5.136093772506456e-10,NVSS J160756-203942
1FDL J1903.9+3621,67.1913635651965,13.3711720364998,285.985648294455,36.3616296511636,6.754170194852255e-10,0.0443135088195728,0.0718509353891263,True,4FGL J1904.1+3627,67.2931442260742,13.3724384307861,bll,4.627265515200207e-10,MG2 J190411+3627
1FDL J1312.5-2150,309.410877693387,40.7582670804605,198.143069193776,-21.8474576465342,2.135339628756279e-09,0.0395567799919499,0.0641382711545609,True,4FGL J1312.4-2156,309.358703613281,40.6714820861816,bll,2.429068945986046e-09,PKS 1309-216
1FDL J1259.2-2218,305.300370261743,40.5199724320924,194.805504557365,-22.3159755908281,2.1344807380317695e-09,0.0400977618988275,0.0650154232990465,True,4FGL J1258.8-2219,305.192504882813,40.5134315490723,fsrq,1.9818102714452834e-09,PKS 1256-220
1FDL J0602.9-4014,246.859546571802,-25.9290397255682,90.7379681518634,-40.2497771514276,2.134352956445034e-09,0.0366397801127429,0.0594085761614983,True,4FGL J0602.8-4019,246.940536499023,-25.9648761749268,bll,1.1794719645408236e-09,SUMSS J060251-401845
1FDL J1321.2+2219,359.150245748223,81.7134367534016,200.300152002359,22.3276064281551,2.1234177334950165e-09,0.0416268009064976,0.0674946491702097,True,4FGL J1321.1+2216,358.874572753906,81.6884613037109,fsrq,1.9596222422535448e-09,TXS 1318+225
1FDL J0909.8-0230,232.82330811065,29.0086441532277,137.457431245257,-2.50428358361878,2.1216743206547478e-09,0.0429353793778564,0.0696164051216185,True,4FGL J0909.7-0230,232.82600402832,28.9939403533936,fsrq,2.133238252710612e-09,PKS 0907-023
1FDL J1628.6+7707,110.306496162452,34.0757567451395,247.159982122808,77.1182859382053,2.119176064098103e-09,0.0424380255793422,0.0688099808673568,True,4FGL J1628.6+7706,110.298377990723,34.0809211730957,bll,9.685754420729607e-10,6C B163030.4+771303
1FDL J1227.9-4858,298.970299118477,13.7104185859923,186.989706638201,-48.9806415399055,2.1151454625975483e-09,0.0365391145189867,0.0592453544031842,True,4FGL J1228.0-4853,298.974792480469,13.8071937561035,PSR,2.479972449620504e-09,PSR J1227-4853
1FDL J1915.1+1139,45.9989982003657,0.122879292386739,288.789814472552,11.6654183084007,2.1146491396164403e-09,0.121609980913014,0.197181209063637,True,4FGL J1915.3+1149,46.1547775268555,0.154006615281105,bcu,2.557839717809429e-09,TXS 1913+115
1FDL J2346.5+0705,95.9619397817958,-52.3465480183736,356.647666208583,7.09643157546391,2.111638249192174e-09,0.0405225313514596,0.0657041598069796,True,4FGL J2346.7+0705,96.0056304931641,-52.3620681762695,bll,9.906727660435875e-10,TXS 2344+068
1FDL J1925.0-2915,9.34702159368711,-19.6522300950642,291.262545608773,-29.2552461014339,2.1092629297206713e-09,0.0403598496487671,0.065440389118225,True,4FGL J1924.8-2914,9.33929538726807,-19.6093063354492,fsrq,1.7415892061833915e-09,PKS B1921-293
1FDL J1532.6-5614,324.000936847147,-0.104443042157025,233.160846249458,-56.2346250187459,2.1091467592833972e-09,0.154830418985761,0.25104560723657,True,4FGL J1531.5-5612,323.894836425781,-0.000342415558407,PSR,3.026916939319335e-09,PSR J1531-5610
1FDL J2134.5-2130,28.923805742576,-45.0661206023961,323.630061464827,-21.5145937887641,2.103789678175484e-09,0.0424096537912203,0.0687639842441794,True,4FGL J2134.5-2130,28.9440612792969,-45.0726890563965,bll,7.768563570209607e-10,NVSS J213430-213032
1FDL J1539.2-3325,338.743852734225,17.5425349130466,234.804018279994,-33.4166852338714,2.095413222146135e-09,0.0412589872940042,0.0668982638663241,True,4FGL J1539.4-3323,338.787811279297,17.5320587158203,,2.4345729876529276e-09,
1FDL J1801.3+4406,70.9760505244916,27.116521387154,270.348877964264,44.1087345208863,2.0929609237622045e-09,0.0421946250064716,0.068415331876971,True,4FGL J1801.5+4404,70.9436721801758,27.0893402099609,fsrq,1.6347915243741795e-09,S4 1800+44
1FDL J1326.8-5256,308.332448781939,9.55831613336497,201.718822761186,-52.9414401567707,2.0869401769345127e-09,0.0438042774268247,0.0710252511405269,True,4FGL J1326.8-5256,308.333740234375,9.56201362609863,bll,2.383956809737242e-09,PMN J1326-5256
1FDL J1637.7-3450,346.728243043141,8.15714690081072,249.439440143533,-34.8338985394159,2.0845377288677824e-09,0.0376702023288036,0.0610793268700464,True,4FGL J1637.8-3449,346.754699707031,8.15008163452148,bll,1.3161288725527243e-09,NVSS J163750-344915
1FDL J0100.7-6422,301.278760856422,-52.7174432786641,15.1757805939243,-64.3810589319301,2.0685952352203304e-09,0.0402497119258649,0.0652618105458129,True,4FGL J0101.1-6422,301.189147949219,-52.7269096374512,PSR,2.0585713134124717e-09,PSR J0101-6422
1FDL J1456.7-5921,318.299326701293,-0.286622032059159,224.196415637201,-59.3658022545541,2.066174322390963e-09,0.106266552420978,0.172303007275133,False,,,,,,
1FDL J0509.9+1801,184.709348395604,-12.7915882583572,77.4960191420735,18.0273553769274,2.0646806137256976e-09,0.0413444330079241,0.067036807393874,True,4FGL J0510.0+1800,184.73323059082,-12.7821092605591,fsrq,4.344076209861214e-09,PKS 0507+17
1FDL J0501.0-0200,201.45069101436,-25.348605138349,75.2569374036024,-2.01289882321533,2.064341959218565e-09,0.0372447170622837,0.0603894322896884,True,4FGL J0501.2-0158,201.438491821289,-25.290491104126,fsrq,4.519036700401102e-09,S3 0458-02
1FDL J1354.0-6640,309.088839688551,-4.55065411732798,208.522085711493,-66.6705629989333,2.058953222671236e-09,0.0377874074316284,0.0612693714921832,True,4FGL J1353.6-6640,309.043548583984,-4.54086256027222,bll,1.0775780268090782e-09,1RXS J135341.1-664002
1FDL J2038.9-1046,35.2991680007053,-28.7191092796015,309.740240103052,-10.7701263189041,2.0575928400414032e-09,0.0435662860440506,0.0706393716064031,True,4FGL J2039.0-1046,35.3045921325684,-28.7362518310547,bll,2.1224699775501676e-09,TXS 2036-109
1FDL J0922.2+6213,152.204574476589,41.0745168622903,140.560752560269,62.2327290713061,2.0536006825086e-09,0.0409348569168094,0.0663727143831434,True,4FGL J0921.6+6216,152.188674926758,40.9990692138672,fsrq,2.651352692950581e-09,OK 630
1FDL J1751.5-2649,2.47417592141482,-0.0309097403309614,267.878933543428,-26.8324770367006,2.052494490411695e-09,0.148314765950919,0.240480945608965,True,4FGL J1750.9-2655,2.32835030555725,0.0191805940121412,,1.817232919698597e-09,
1FDL J2056.0-4714,352.601312721804,-40.3444586383023,314.013394066549,-47.2397842072484,2.0510204944555407e-09,0.042272205262967,0.0685411225297088,True,4FGL J2056.2-4714,352.603149414063,-40.3839874267578,fsrq,4.660290819913371e-09,PKS 2052-47
1FDL J0958.4+6535,145.747757934962,43.09411700436,149.619666401798,65.5849521735601,2.048242437326904e-09,0.0394842894282062,0.0640207281545892,True,4FGL J0958.7+6534,145.745513916016,43.1277313232422,BLL,3.532413028750625e-09,S4 0954+65
1FDL J0747.4-3305,248.353856578728,-3.93090160612505,116.856211424517,-33.0845936841172,2.046992068967897e-09,0.0353041814153709,0.0572430104167304,True,4FGL J0747.3-3310,248.424896240234,-3.9945342540741,bll,1.6991439366620396e-09,PKS 0745-330
1FDL J0841.3-3553,256.85871890427,3.75131170498617,130.344495231387,-35.8922740025641,2.043920878652471e-09,0.0401595815118262,0.0651156687880352,True,4FGL J0841.3-3554,256.866149902344,3.74158215522766,bll,1.3883845184636812e-09,NVSS J084121-355506
1FDL J0359.9+5416,148.269190898171,0.959100255587765,59.9918904375905,54.2814938148472,2.042589993501027e-09,0.0425925043918902,0.069060458966318,True,4FGL J0359.4+5414,148.234130859375,0.885091543197632,PSR,3.158736605612944e-09,PSR J0359+5414
1FDL J0751.5+7911,134.932208920058,29.415879834536,117.879393022567,79.192035547314,8.117066799247015e-10,0.0482513823493373,0.0782358906885118,True,4FGL J0751.0+7908,134.995712280273,29.4036331176758,bcu,6.320733381137701e-10,JVAS J0750+7909
1FDL J2201.5+5048,97.630741640561,-3.51740721663362,330.393033753807,50.8162467325639,2.0380900089145353e-09,0.0493365744418675,0.0799954484740452,True,4FGL J2201.8+5048,97.6545562744141,-3.54902529716492,fsrq,3.0232378822603323e-09,NRAO 676
1FDL J1702.8-5654,332.416139107002,-9.22226896841644,255.707360877846,-56.9075840718085,2.0362849901284397e-09,0.0444832490262588,0.0721261586303625,True,4FGL J1702.7-5655,332.395050048828,-9.22900199890137,,3.167820894489637e-09,
1FDL J2124.7-3358,10.9227925678892,-45.4430174486883,321.189081570398,-33.9812261514191,6.432548064845229e-09,0.03652745397547,0.0592264459319504,True,4FGL J2124.7-3358,10.9268398284912,-45.4450798034668,PSR,7.5149380052153e-09,PSR J2124-3358
1FDL J0933.6-6233,282.229543172207,-7.93481170328381,143.412304072557,-62.5603985668946,2.031307537308099e-09,0.0441446282095503,0.0715771077788866,True,4FGL J0933.8-6232,282.243621826172,-7.9074182510376,,2.731958881341256e-09,
1FDL J0602.1+5315,160.084907203509,14.5822840816462,90.5396636007843,53.2540896031775,2.0312394375665472e-09,0.0411847297380773,0.066777863035201,True,4FGL J0602.0+5315,160.067367553711,14.5740194320679,bll,7.592451112259369e-10,GB6 J0601+5315
1FDL J2317.5-4535,342.023713300568,-63.774353883212,349.396231763264,-45.5853529013285,5.101106608656479e-10,0.0554561201682989,0.0899178197419839,True,4FGL J2317.4-4533,342.103118896484,-63.7657928466797,bll,5.75166081429046e-10,SUMSS J231731-453400
1FDL J1729.1-3640,351.612596873821,-1.23908035880988,262.291717691582,-36.679774130008,2.0167522957959468e-09,0.0946607473593789,0.153485103695812,True,4FGL J1729.2-3641c,351.614227294922,-1.2562552690506,unk,1.9594439404357904e-09,NVSS J172917-364008
1FDL J1424.6-6807,311.469469325323,-6.80391190927171,216.157645884651,-68.117291953844,2.0149951260977455e-09,0.0425332447359582,0.0689643784070779,True,4FGL J1424.8-6808,311.478942871094,-6.84129333496094,bcu,1.770232627151813e-09,PKS 1420-679
1FDL J1930.7+0938,46.0192359350246,-4.21409401444288,292.692842949354,9.64091729998172,2.014146054763021e-09,0.0385814994867762,0.0625569242748273,True,4FGL J1931.1+0937,46.0537719726563,-4.29764175415039,bll,2.8056839074253052e-09,RX J1931.1+0937
1FDL J2234.4-2654,25.3718566607836,-59.5798777806205,338.605930705966,-26.9041346660322,2.001390527704926e-09,0.03355564097484,0.0544078813568261,True,4FGL J2234.1-2656,25.2904815673828,-59.5287666320801,bll,1.1634559982098835e-09,PMN J2234-2656
1FDL J0846.9-2331,247.688342426366,12.2325801357678,131.725528800727,-23.5305831506471,2.0012275823047544e-09,0.0376891599118077,0.0611100647849443,True,4FGL J0847.0-2336,247.774108886719,12.2049551010132,bcu,1.154279671844449e-09,PMN J0847-2337
1FDL J0217.3-6639,290.334589769297,-48.3132569834761,34.3353097432205,-66.6599559257188,2.0005950964735326e-09,0.0387117063419885,0.0627680499830644,True,4FGL J0216.8-6635,290.344604492188,-48.3975334167481,bll,7.349529318467772e-10,RBS 0300
1FDL J1931.1+1657,52.4925563499446,-0.791579277201487,292.789351583487,16.9563921256604,2.000207079139366e-09,0.0570876997783866,0.0925632964802327,True,4FGL J1931.1+1656,52.4795417785645,-0.793635845184326,,3.3054781134467252e-09,
1FDL J0542.6-0903,213.352907051779,-19.3644084029162,85.664742155713,-9.05381712070987,1.997832712563665e-09,0.0647297794919955,0.104954342877639,True,4FGL J0542.9-0913,213.546951293945,-19.3689403533936,bcu,1.3039589408236907e-09,PMN J0542-0913
1FDL J0956.7+6936,141.431638580286,40.6744464040519,149.190818463549,69.6032047269935,1.997818360054172e-09,0.0401171500077452,0.0650468672380719,True,4FGL J0955.7+6940,141.428665161133,40.5682525634766,sbg,9.17787068566156e-10,M 82
1FDL J1628.4-4856,335.14607903132,-0.138322735476093,247.118310082539,-48.9453330046965,1.9840398918790465e-09,0.145055023736471,0.23519552333209,True,4FGL J1628.2-4848c,335.230133056641,-0.0162641946226358,spp,2.713065994086605e-09,SNR G335.2+00.1
1FDL J1703.4-4139,344.670983817427,-0.0698371536184182,255.862743231014,-41.6555275134001,1.982809723614535e-09,0.142314992055358,0.230752782050769,True,4FGL J1702.9-4131,344.717224121094,0.0814813524484634,PSR,3.607070864219963e-09,PSR J1702-4128
1FDL J0244.0-5818,278.505133630915,-53.1514763594581,41.023198765559,-58.3034309367941,9.904708076214282e-10,0.0475108413650336,0.0770351657716849,True,4FGL J0244.6-5819,278.447204589844,-53.0861549377441,bll,5.172940409359228e-10,RBS 0351
1FDL J1522.8-2732,339.597169681641,24.3392796042621,230.713061766376,-27.5494735767354,1.9761922873286236e-09,0.038104573125776,0.0617836285243448,True,4FGL J1522.6-2730,339.587738037109,24.4001312255859,bll,2.2712600689089872e-09,PKS 1519-273
1FDL J1748.9+4322,69.6454387495127,29.1725761588079,267.231328809208,43.3793648696739,1.9738936958001208e-09,0.0459235303085944,0.0744614601054291,True,4FGL J1749.0+4321,69.6292953491211,29.152006149292,bll,9.931876432389686e-10,B3 1747+433
1FDL J0544.1-5526,263.401992936492,-31.4399362274347,86.0395890477476,-55.4373018052161,1.9712767513463477e-09,0.0368516987466743,0.0597521851252131,True,4FGL J0543.9-5531,263.511596679688,-31.4779853820801,bll,1.667214144518425e-09,1RXS J054357.3-553206
1FDL J2203.4+1724,75.6637406262713,-29.6482618365937,330.866619700412,17.4148459526622,1.970243212349459e-09,0.0427822047071586,0.0693680445263168,True,4FGL J2203.4+1725,75.6814804077148,-29.6394920349121,fsrq,2.8081097447341104e-09,PKS 2201+171
1FDL J1641.0-5324,333.179626834066,-4.60264570336329,250.251294528514,-53.4110417794629,1.969681836208355e-09,0.055081454372518,0.0893103209778994,True,4FGL J1641.2-5317,333.293334960938,-4.56187677383423,PSR,2.3263706516729603e-09,PSR J1641-5317
1FDL J1553.5-2420,347.59346942911,22.3302046504387,238.39548925953,-24.3496600626104,1.964653109779145e-09,0.0399849241675518,0.0648324699912016,True,4FGL J1553.6-2422,347.584411621094,22.311918258667,fsrq,1.55507917654063e-09,PKS 1550-242
1FDL J0853.4-3657,259.212845758788,4.97036464997604,133.350478512973,-36.9631985961021,1.9633620851585236e-09,0.0390740231446018,0.0633555168281165,True,4FGL J0853.1-3657,259.178436279297,4.93951797485352,bcu,1.0307817932542207e-09,NVSS J085310-365820
1FDL J2127.8+3610,83.3501815405522,-10.6053283113252,321.973321986914,36.1776564882814,1.962913129819574e-09,0.0382848684242695,0.0620759594230548,True,4FGL J2127.7+3612,83.3504180908203,-10.5565929412842,bll,1.245248792969278e-09,B2 2125+35
1FDL J1230.8+1223,283.795325748347,74.4975412943996,187.712474531918,12.3958143667143,1.960784928190447e-09,0.0440973923603437,0.0715005213900776,True,4FGL J1230.8+1223,283.803100585938,74.4903182983398,rdg,1.583210673672397e-09,M 87
1FDL J0141.3-0927,158.980921539128,-68.7581245374384,25.3422453903872,-9.45658804200254,1.9580282796779284e-09,0.0442424655138302,0.0717357479403831,True,4FGL J0141.4-0928,159.065887451172,-68.769401550293,bll,2.38492514625932e-09,PKS 0139-09
1FDL J1607.0+1549,29.3284077065412,43.4043701810032,241.766747471765,15.824181684401,1.9525686855309654e-09,0.0427739345748254,0.0693546306436396,True,4FGL J1607.0+1550,29.358419418335,43.4053688049316,bll,2.245241326193081e-09,4C +15.54
1FDL J0425.0+5436,150.702883273017,3.69936952396094,66.2687528461809,54.6127461974529,1.9524050396070153e-09,0.06411193534935,0.103952567299666,True,4FGL J0426.5+5434,150.879623413086,3.82037353515625,,2.167468204916645e-09,
1FDL J1030.8+5053,161.502855071672,54.3739760571349,157.707713074897,50.8915275643419,1.9499846829028184e-09,0.0363555598544722,0.0589477373313598,True,4FGL J1031.3+5053,161.443206787109,54.4539604187012,bll,9.20542975180183e-10,1ES 1028+511
1FDL J1553.4+1252,23.6833652677919,45.2057878152111,238.366379241574,12.8739432022794,1.945956644269385e-09,0.0368429145160784,0.059737948284005,True,4FGL J1553.6+1257,23.8047733306885,45.208911895752,fsrq,1.4228289657580715e-09,PKS 1551+130
1FDL J0442.8-0021,197.283863848016,-28.4561162314963,70.7046736804031,-0.356273473090014,1.9446127101056995e-09,0.0396052194370333,0.0642168060783352,True,4FGL J0442.6-0017,197.199722290039,-28.462345123291,fsrq,3.265214765235669e-09,PKS 0440-00
1FDL J1419.3-0837,336.804754531396,48.3826525604593,214.846413915328,-8.61964439803193,1.94423555060897e-09,0.043372349741987,0.0703249190222385,True,4FGL J1419.4-0838,336.805572509766,48.3568382263184,fsrq,2.5099167189068794e-09,NVSS J141922-083830
1FDL J1327.7-4729,309.27501766458,14.9353124291157,201.948773813458,-47.4881593376396,1.942718339551836e-09,0.0497220806472535,0.080620512735474,True,4FGL J1326.6-4729,309.078155517578,14.9579563140869,glc,2.0716601767389875e-09,Omega Cen
1FDL J0159.3+1053,148.602421933925,-48.5613778459931,29.8348229952612,10.8967221796038,1.9310162122288895e-09,0.0342176159609532,0.0554812237665207,True,4FGL J0159.5+1046,148.745239257813,-48.6547698974609,bll,9.930446465133966e-10,RX J0159.5+1047
1FDL J0455.5-4617,252.000004860637,-38.8578592316648,73.8987438131415,-46.2913220817207,1.925359889347836e-09,0.041590292121146,0.067435446120122,True,4FGL J0455.7-4617,251.994781494141,-38.8249778747559,fsrq,9.783007737240723e-10,PKS 0454-46
1FDL J0333.9+6537,138.673030564069,7.85123954422613,53.4918429234054,65.6257812306851,1.9129330033562126e-09,0.0416042612573518,0.0674581014107201,True,4FGL J0333.9+6537,138.672027587891,7.84191942214966,bll,1.2523193593239055e-09,TXS 0329+654
1FDL J1921.3-1229,25.0113329535753,-12.2140658245453,290.326472666537,-12.4938503376714,1.909793100350601e-09,0.0409308183514072,0.0663661688799826,True,4FGL J1921.3-1231,24.9893188476563,-12.2436838150024,bll,1.1029901436643286e-09,TXS 1918-126
1FDL J1410.0+7405,115.809228953772,41.9391278598759,212.513893575994,74.084255429144,7.581533180520308e-10,0.0584815246090123,0.0948232883789122,True,4FGL J1410.7+7405,115.753967285156,41.9147987365723,,4.189953384248213e-10,
1FDL J0909.0+0118,228.977910917772,30.8734019675495,137.262963715525,1.30885309568155,1.9010824822266694e-09,0.041001079973936,0.0664800913500018,True,4FGL J0909.1+0121,228.951538085938,30.9265060424805,fsrq,2.074243443672685e-09,PKS 0906+01
1FDL J1730.6+0025,23.8037837448453,18.0897768193851,262.670369442446,0.422535198283044,1.899157749574648e-09,0.041220693668518,0.0668361780802435,True,4FGL J1730.6+0024,23.7879257202148,18.0902099609375,fsrq,1.3715154567606191e-09,PKS 1728+004
1FDL J0022.4+0606,109.973859447216,-56.0272613251412,5.61977932035811,6.11418680335538,1.8948784644618074e-09,0.0441296838852184,0.0715528847695329,True,4FGL J0022.5+0608,110.012115478516,-56.0111083984375,bll,2.082378047774114e-09,PKS 0019+058
1FDL J1219.2+7102,126.676484850532,45.8593779282813,184.814896151792,71.0342034471658,1.885662307306036e-09,0.035686204507954,0.0578624293429348,True,4FGL J1220.1+7105,126.556900024414,45.8155784606934,fsrq,2.029342915932375e-09,S5 1217+71
1FDL J0024.3-7204,305.872229728606,-44.8934358749894,6.07702400850299,-72.0796083610653,1.881602667133185e-09,0.0435902408691543,0.0706782101012562,True,4FGL J0024.0-7204,305.901947021484,-44.8910751342773,glc,4.459842717352558e-09,NGC 104
1FDL J1303.0+2436,349.466982485644,86.3720794540649,195.754825170949,24.6030943381162,1.8794456012734578e-09,0.0465255822675801,0.075437649167906,True,4FGL J1303.0+2434,349.255187988281,86.3558120727539,bll,1.8499795029214283e-09,MG2 J130304+2434
1FDL J1409.0-0750,333.927237929576,50.30123876091,212.252288907706,-7.84346811906678,1.87883360753563e-09,0.0442270071312423,0.0717106832884802,True,4FGL J1408.9-0751,333.894134521484,50.296443939209,fsrq,1.732683885258268e-09,PKS B1406-076
1FDL J1841.9+3218,61.4900636623618,15.9498058256719,280.488118591737,32.3020217885088,7.470695581720185e-10,0.0550896527264771,0.0893236223585674,True,4FGL J1841.8+3218,61.4773330688477,15.9768733978271,bll,4.817805043799693e-10,RX J1841.7+3218
1FDL J0106.6+4903,125.496476255354,-13.7453971938996,16.6619372117266,49.0505987147447,1.875960803722757e-09,0.0459901727839089,0.0745695197525966,True,4FGL J0106.4+4855,125.468719482422,-13.8709526062012,PSR,3.503753065459136e-09,PSR J0106+4855
1FDL J0954.0-1506,251.944356920233,29.6959254938453,148.500500403039,-15.1155715667839,1.875875451171118e-09,0.0420843558164454,0.0682365419283317,True,4FGL J0953.6-1509,251.903167724609,29.6027774810791,,1.3158278910907484e-09,
1FDL J1358.5-6028,311.113468746046,1.3346671884674,209.635143298327,-60.4667753485197,1.875641874571405e-09,0.0709622058733786,0.115059740040871,True,4FGL J1358.3-6026,311.101531982422,1.36098289489746,,3.968932738018793e-09,
1FDL J1029.1+7437,134.55068505193,39.1624490463135,157.286669878731,74.6323294519917,1.872034120015221e-09,0.0766326197472079,0.124253882100384,True,4FGL J1027.2+7427,134.677505493164,39.2107429504395,bcu,7.515979505434701e-10,GB6 J1027+7428
1FDL J0644.4-6711,277.498568235228,-25.5213083213181,101.110098909579,-67.1862327611661,1.870819637780206e-09,0.04443200710958,0.0720430697825218,True,4FGL J0644.4-6712,277.526794433594,-25.5275382995605,fsrq,2.032176205091218e-09,PKS 0644-671
1FDL J0807.2-0538,226.943995517581,14.0498706942354,121.80907388287,-5.64390915197681,1.868415407715755e-09,0.0445723407369478,0.0722706146632798,True,4FGL J0807.1-0541,226.965103149414,14.004563331604,bll,1.4215648658222335e-09,PKS 0804-05
1FDL J2325.4-4800,335.934741232251,-63.2476300036328,351.364604286248,-48.0003434759877,1.864459869179035e-09,0.0439238416890885,0.0712191211890217,True,4FGL J2325.4-4800,335.946594238281,-63.239315032959,bll,1.061859378204133e-09,PKS 2322-482
1FDL J0259.5+0751,169.072383345459,-43.2417312058174,44.8814279294802,7.86494143740571,1.8533933481499553e-09,0.0460437653523293,0.0746564119162754,True,4FGL J0259.4+0746,169.120559692383,-43.3190841674805,fsrq,2.034132418060608e-09,PKS 0256+075
1FDL J1745.3-0754,18.1300441792402,10.8345457766128,266.335483944522,-7.90933500921931,1.8532735179311753e-09,0.0389905491805732,0.0632201671140637,True,4FGL J1745.4-0753,18.1617107391357,10.8202266693115,bll,1.4556973404467042e-09,TXS 1742-078
1FDL J2016.5-0857,34.472959800092,-22.9550659569733,304.133307381175,-8.96312871253496,1.8497265063913654e-09,0.0380335487735993,0.0616684701702944,True,4FGL J2016.3-0903,34.359676361084,-22.9668464660645,bll,1.251075798514023e-09,PMN J2016-0903
1FDL J0941.1-5428,277.522302843776,-1.27336822204316,145.279898042159,-54.4716561321227,1.8491463304368522e-09,0.0452444643479774,0.0733604133473266,True,4FGL J0941.1-5429,277.533966064453,-1.28393757343292,PSR,2.535590404306731e-09,PSR J0940-5428
1FDL J1829.5-1250,19.029664774339,-1.06852093619376,277.389328244689,-12.8441729384275,1.8456956131952788e-09,0.127946270174096,0.207454985834564,True,4FGL J1829.4-1256,18.9200401306152,-1.08732056617737,spp,2.302065427173261e-09,SNR G018.9-01.1
1FDL J1957.9-3845,1.56525621037849,-28.9486376687432,299.483856376422,-38.7612656017632,1.8425072270032332e-09,0.0469339830288966,0.076099837128658,True,4FGL J1958.0-3845,1.57630443572998,-28.9614067077637,fsrq,2.932422527024414e-09,PKS 1954-388
1FDL J0853.4-5757,275.406184189724,-8.44350241555797,133.362236383956,-57.9563146284392,1.8418455112263406e-09,0.0351650191523506,0.0570173702218716,True,4FGL J0852.5-5755,275.311248779297,-8.51797389984131,bcu,2.6794455543210915e-09,PMN J0852-5755
1FDL J1512.2+0203,2.36761063935743,47.9981272095063,228.068141100288,2.06406288965844,1.8413559945538506e-09,0.0435398348421883,0.0705964766820756,True,4FGL J1512.2+0202,2.34235239028931,47.9812965393066,fsrq,2.1099888503073316e-09,PKS 1509+022
1FDL J0742.8+5444,163.04328408565,29.1118292976556,115.701112076465,54.7373751868618,1.838663775974931e-09,0.0433500619675234,0.0702887830191578,True,4FGL J0742.6+5443,163.052780151367,29.0936336517334,fsrq,2.2676236444141296e-09,GB6 J0742+5444
1FDL J0609.3-0245,210.580842518652,-10.6248397238869,92.332938573592,-2.76212120870817,1.8324440364746585e-09,0.0464368971280097,0.0752938506737232,True,4FGL J0609.2-0247,210.601013183594,-10.6591510772705,bll,9.164803360661721e-10,NVSS J060915-024754
1FDL J1633.1-2431,354.007997202331,15.6718736173376,248.284976591982,-24.5323856729632,1.8317113648334863e-09,0.0621185248175478,0.100720390807021,False,,,,,,
1FDL J1124.1-3652,284.116109639646,22.7938299982158,171.040963576805,-36.8686306569028,1.8204838896364072e-09,0.0448366379729839,0.0726991506734456,True,4FGL J1124.0-3653,284.105987548828,22.7568531036377,PSR,1.987638942324565e-09,PSR J1124-3653
1FDL J2359.1-3037,12.8299845468541,-78.0317713661344,359.779276846797,-30.6306880176471,7.221256974434932e-10,0.0502694086144971,0.0815079695309486,True,4FGL J2359.0-3038,12.8091087341309,-78.024169921875,bll,4.3815906458632975e-10,H 2356-309
1FDL J0533.9+6758,144.791929728333,18.1823772042478,83.4915979073928,67.9776467689413,1.8101833251902014e-09,0.0452332488829847,0.0733422212312812,True,4FGL J0533.8+6800,144.766296386719,18.1865310668945,PSR,1.5483745396949187e-09,PSR J0533+6759
1FDL J1811.1-1912,11.3342720425832,-0.184878291660276,272.798388587949,-19.2118645507893,1.8081600933491485e-09,0.146942215358132,0.238255479222992,True,4FGL J1811.5-1925,11.1853113174438,-0.361584216356277,psr,1.00066188668535e-09,PSR J1811-1925
1FDL J1642.3+3948,63.4417800411635,41.078002881749,250.576416969279,39.8082886194293,1.806917815981059e-09,0.0451395248356759,0.0731902573152696,True,4FGL J1642.9+3948,63.4624137878418,40.9576110839844,FSRQ,2.278515376374912e-09,3C 345
1FDL J2323.4-0318,77.6966367656387,-58.2386383072416,350.874721522755,-3.31360752088428,1.8068832002701715e-09,0.0436539226146149,0.0707814706594259,True,4FGL J2323.5-0317,77.7450790405273,-58.2289962768555,fsrq,4.23461710141737e-09,PKS 2320-035
1FDL J0014.3+6118,118.488581482645,-1.24443365683145,3.57577720058483,61.3065337683768,1.8051186780635127e-09,0.0381714065188107,0.0618919923650354,True,4FGL J0014.8+6118,118.55729675293,-1.25718903541565,bcu,7.906864052387164e-10,4C +60.01
1FDL J1234.0-5729,300.592126918748,5.29776203711451,188.520982606249,-57.4951242668767,1.802047855512942e-09,0.0377433859969943,0.0611979841258479,True,4FGL J1234.0-5735,300.598114013672,5.19696092605591,bcu,1.4271662740483746e-09,AT20G J123407-573552
1FDL J0030.3+0452,113.113283310375,-57.5964269326301,7.59719147360387,4.87348839664428,7.169496218210157e-09,0.0324480546410854,0.0526120155787911,True,4FGL J0030.4+0451,113.13404083252,-57.6125984191895,PSR,1.0042197295945245e-08,PSR J0030+0451
1FDL J1816.3+4509,72.7938746436605,24.7757502803366,274.082253569868,45.1545804827047,1.7997837238404906e-09,0.0407902028716723,0.0661381710981094,True,4FGL J1816.5+4510,72.8263702392578,24.7348079681397,PSR,1.6906105404501661e-09,PSR J1816+4510
1FDL J0009.3+5032,116.126031301985,-11.7814310314955,2.34333382635663,50.533617893105,1.7890625301049983e-09,0.0433653155864114,0.0703135113514782,True,4FGL J0009.3+5030,116.124366760254,-11.8035879135132,bll,2.63245936160672e-09,NVSS J000922+503028
1FDL J1545.9+0819,16.7830032673259,44.704587040513,236.487458203795,8.32728975047009,1.7884842501768493e-09,0.0448585711421884,0.0727347087006582,True,4FGL J1546.0+0819,16.7948093414307,44.6745071411133,bll,5.835292804512449e-10,RX J1546.0+0819
1FDL J2115.4+2931,76.5964337664224,-13.3214274251511,318.858723673204,29.5300256613339,1.7859463150434353e-09,0.0441144591082202,0.0715281986100089,True,4FGL J2115.4+2932,76.6172714233398,-13.3205890655518,fsrq,3.029431150380901e-09,B2 2113+29
1FDL J0248.1+5133,140.721652715486,-7.24001427193975,42.0339742297075,51.5554336088444,1.7849458276721708e-09,0.0396403687360332,0.0642738011479464,True,4FGL J0248.6+5131,140.801712036133,-7.22592353820801,bcu,1.205001765036684e-09,WN B0245.0+5118
1FDL J1229.2+0204,289.99279077553,64.3887791656707,187.301438188274,2.07699322270524,1.7844116089765203e-09,0.0436342573863087,0.0707495791132128,True,4FGL J1229.0+0202,289.930541992188,64.3510437011719,FSRQ,5.627542876140978e-09,3C 273
1FDL J1829.2-5812,336.861603611492,-20.0150954297263,277.318848319312,-58.202117639129,1.7836597000875566e-09,0.0474232847253183,0.0768931988099963,True,4FGL J1829.2-5813,336.829803466797,-20.0211601257324,fsrq,2.4170476731200093e-09,PKS 1824-582
1FDL J1221.6+3002,187.180218383878,82.8438016418266,185.412278046703,30.0398186911512,1.7827245285770388e-09,0.0448671735461474,0.0727486581647089,True,4FGL J1221.3+3010,186.416976928711,82.7409286499023,bll,3.250378632912998e-09,PG 1218+304
1FDL J1744.1-7621,317.068569802284,-22.4845194674743,266.043915552037,-76.3641848724596,1.7825964610796766e-09,0.0453618284059248,0.0735507035687935,True,4FGL J1744.0-7618,317.113098144531,-22.4560356140137,PSR,3.8149523540198516e-09,PSR J1744-7619
1FDL J0905.6+1353,215.115531710504,35.9365134701542,136.402420905958,13.8957250417514,1.7759453606757986e-09,0.038717160657479,0.0627768906905476,True,4FGL J0905.6+1358,215.025436401367,35.9676132202148,bll,1.0257109606115478e-09,MG1 J090534+1358
1FDL J1902.4+0448,38.4700750353026,-0.260620652634991,285.623570992426,4.80796717538084,1.7668294923639724e-09,0.134354098153482,0.21784479534749,True,4FGL J1902.2+0448,38.4469261169434,-0.21540430188179,,3.938677828330128e-09,
1FDL J1559.3-5221,329.545573622743,0.461146129292255,239.827996103154,-52.3617674590799,1.7655691022696863e-09,0.110556671743979,0.179259110437827,True,4FGL J1601.3-5224,329.657318115234,0.325434535741806,spp,2.7620568054942396e-09,SNR G329.7+00.4
1FDL J0553.7-2035,225.777324191726,-21.5930889648717,88.4296245679181,-20.5965303465822,1.7631565708945747e-09,0.0405039629045937,0.0656740543801168,True,4FGL J0553.5-2034,225.743911743164,-21.6196308135986,bll,7.324613693349136e-10,NVSS J055333-203417
1FDL J1733.2-3945,349.477232054052,-3.58815530662623,263.307098047858,-39.7511265498654,1.7631185714072386e-09,0.0611358774936372,0.0991271009657097,True,4FGL J1733.4-3943,349.526397705078,-3.61607336997986,bcu,8.176885835098345e-10,2MASS J17332704-3942172
1FDL J1253.7+0327,304.398042519434,66.3204244085651,193.449320341055,3.45539344350959,1.7624178388131008e-09,0.0435656067282508,0.0706382710230761,True,4FGL J1253.8+0327,304.407165527344,66.3156509399414,bll,7.809325963670233e-10,MG1 J125348+0326
1FDL J1657.7+4808,74.369743110136,38.4804741206062,254.44098488899,48.143317979963,1.7617005097410278e-09,0.0448047791949299,0.0726474956713819,True,4FGL J1657.7+4808,74.361442565918,38.4823608398438,fsrq,1.8588136585506725e-09,4C +48.41
1FDL J1858.6+0355,37.2552631699375,0.188577013902176,284.665690607829,3.93312427001592,3.508646380657633e-09,0.122395918741802,0.198455541626824,True,4FGL J1858.0+0354,37.1702384948731,0.309662699699402,,5.730732333120159e-09,
1FDL J1312.7+4827,113.349951342961,68.2631000283252,198.194167306263,48.4662233698172,1.7473857914361327e-09,0.044269651598697,0.0717798287946321,True,4FGL J1312.6+4828,113.3955078125,68.2629776000977,bcu,2.2937980403980873e-09,GB 1310+487
1FDL J1512.6-5635,321.488348311679,1.10611760943698,228.15965424281,-56.5907114976502,1.7468460814422561e-09,0.0660422893375903,0.107082476609256,True,4FGL J1512.9-5639,321.497467041016,1.02530014514923,bcu,2.397267717668683e-09,PMN J1512-5640
1FDL J1625.1-0020,13.8976272165418,31.8322143065533,246.292241046115,-0.34943697506207,1.743515288656718e-09,0.0490164795727156,0.0794764456276868,True,4FGL J1625.1-0020,13.8946180343628,31.8368091583252,PSR,3.915165969203826e-09,PSR J1625-0021
1FDL J1921.2+0138,37.8196784992871,-5.88233619974959,290.323971575168,1.64457551258362,1.7387620789625756e-09,0.0433086211799378,0.0702215909186519,True,4FGL J1921.4+0136,37.8011207580566,-5.92914867401123,PSR,1.5837685607422711e-09,PSR J1921+0137
1FDL J2033.6+3946,79.036719272247,-0.186184614676818,308.411374000815,39.7805164709464,1.7382749833573936e-09,0.126151188384946,0.204544429397922,False,,,,,,
1FDL J0709.7-0257,217.648964015655,2.71562146316748,107.432411227881,-2.95214845674762,1.7358082973066998e-09,0.0444570290100949,0.0720836461674451,True,4FGL J0709.7-0255,217.635177612305,2.73700571060181,fsrq,2.2063575411124248e-09,PMN J0709-0255
1FDL J1559.8-5806,325.754980793953,-3.85406335098266,239.968937848298,-58.1141696602734,1.7323533490610848e-09,0.0452312632639422,0.0733390050771907,True,4FGL J1600.3-5811,325.760925292969,-3.95153522491455,bll,8.93129459278441e-10,MRC 1556-580
1FDL J0318.8+2140,162.779406353265,-29.5689844984003,49.7068154405804,21.6715703119025,1.7308273931681105e-09,0.0367771528134561,0.0596313192757432,True,4FGL J0318.7+2135,162.821868896484,-29.63498878479,bll,7.729801798639356e-10,MG3 J031849+2135
1FDL J1136.6+7008,131.895270559703,45.6637525389238,174.164649224734,70.1409799588743,1.7306823315116175e-09,0.0449580978034913,0.0728960903905227,True,4FGL J1136.4+7009,131.906784057617,45.6462097167969,bll,1.0779512837899572e-09,Mkn 180
1FDL J1912.6-8012,313.94007804174,-27.6036146991611,288.170937151294,-80.215464911531,1.7292820758409214e-09,0.0397836925470429,0.0645061946897018,True,4FGL J1913.0-8009,314.005493164063,-27.6207733154297,fsrq,1.425963791490403e-09,PKS 1903-80
1FDL J1103.8-6042,290.142157006149,-0.533201626692322,165.961336671136,-60.7050363579248,1.726530441257327e-09,0.116300157076554,0.188571731701913,True,4FGL J1104.9-6037,290.234741210938,-0.41123229265213,PSR,4.382600948815707e-09,PSR J1105-6037
1FDL J1843.7-1115,22.0375087896528,-3.4313441426059,280.945394111414,-11.2562739625854,1.7248443880007495e-09,0.0563475827050095,0.0913632611075731,True,4FGL J1843.7-1114,22.0464992523193,-3.41752672195435,PSR,2.0653745380627693e-09,PSR J1843-1113
1FDL J0103.0+5338,124.678422770516,-9.19180478940511,15.7683832874405,53.6404807672578,1.7236552241891684e-09,0.044471771436088,0.0721075412220459,True,4FGL J0103.5+5337,124.745277404785,-9.20302200317383,bll,6.072579661342559e-10,RX J0103.3+5337
1FDL J0654.2+5043,165.656059204832,21.0953415493363,103.565078344906,50.7246367463568,1.722353452740984e-09,0.0459190023223684,0.0744541189869714,True,4FGL J0654.3+5042,165.684814453125,21.107551574707,fsrq,1.3539174226195883e-09,GB6 J0654+5042
1FDL J0629.3-1957,228.611105255121,-13.649262456085,97.3485759704625,-19.9578758678316,1.7211515805240977e-09,0.0464877656666591,0.0753763205997107,True,4FGL J0629.3-1959,228.65022277832,-13.667200088501,bll,2.022108702703917e-09,PKS 0627-199
1FDL J0132.8-1656,168.326814288065,-76.0100821822816,23.2248685412713,-16.9401551773031,1.7200926495830867e-09,0.0428842223205681,0.0695334543921017,True,4FGL J0132.7-1654,168.099990844727,-76.0185852050781,fsrq,2.121997910720097e-09,PKS 0130-17
1FDL J1941.8-6209,334.540044343529,-29.5968453627534,295.462313892457,-62.161977754596,1.7166402057500909e-09,0.0478553605837188,0.0775937718372757,True,4FGL J1941.3-6210,334.521759033203,-29.5436172485352,bll,2.943547405820368e-09,PKS 1936-623
1FDL J1734.2+3858,64.0248312510257,31.0340556574345,263.552703987621,38.9695100177525,1.7123128663976812e-09,0.0470639251564746,0.0763105187256038,True,4FGL J1734.3+3858,64.0407943725586,31.0005779266357,fsrq,2.83113910093391e-09,B2 1732+38A
1FDL J0643.2+0858,204.000954039148,2.27212801239208,100.802735563539,8.98261973417115,1.710886502150155e-09,0.0482589756201745,0.0782482059302272,True,4FGL J0643.3+0857,204.042083740234,2.28632783889771,fsrq,2.293411238696308e-09,PMN J0643+0857
1FDL J0045.6+1216,120.718482536809,-50.575782303558,11.4211552076013,12.2712375102192,1.7098543594737446e-09,0.047241244210149,0.0765980363238557,True,4FGL J0045.7+1217,120.734596252441,-50.5553665161133,bll,8.992199207469297e-10,GB6 J0045+1217
1FDL J0252.8-2218,209.713041659684,-62.0872170099529,43.2033985633431,-22.3052752199113,1.7087123563828589e-09,0.0453916942972873,0.0735991320463916,True,4FGL J0252.8-2219,209.742385864258,-62.0937995910645,fsrq,3.9321310651985195e-09,PKS 0250-225
1FDL J1007.7+0626,233.353980938529,46.002095824917,151.930942470487,6.44812805786092,1.7071704311591005e-09,0.0428094879918035,0.0694122813013265,True,4FGL J1008.0+0620,233.539886474609,46.0162010192871,bll,1.0309380016337855e-09,MG1 J100800+0621
1FDL J1629.5+8232,115.825604007043,31.2771931907334,247.386232367491,82.5402537279655,1.7035480981833188e-09,0.0453484374379505,0.0735289875802045,True,4FGL J1630.6+8234,115.836738586426,31.2282066345215,rdg,1.2200259691397264e-09,NGC 6251
1FDL J0248.8+8436,125.789966199937,22.3973978645381,42.2187315456542,84.6046546095724,6.777498653963059e-10,0.0499159172283548,0.0809348069202279,True,4FGL J0250.6+8435,125.8330078125,22.4118976593018,bcu,4.4143541599872544e-10,WN B0239.6+8423
1FDL J0047.1+5658,122.34984637175,-5.88782704330972,11.7969270360729,56.9791169069302,1.6997909787811653e-09,0.0476324943148233,0.077232416659784,True,4FGL J0047.0+5657,122.325721740723,-5.9064416885376,bll,9.641132336923872e-10,GB6 J0047+5657
1FDL J0558.2-3837,244.849292501456,-26.3893615012087,89.568378674097,-38.6213832255769,1.6921921654011929e-09,0.0449541132960374,0.0728896220236865,True,4FGL J0558.0-3837,244.850402832031,-26.42604637146,bll,6.387005369035137e-10,EXO 0556.4-3838
1FDL J0449.1+1124,187.393451045343,-20.7021825637477,72.2922674967026,11.4036286292498,1.6909404761656709e-09,0.0483895417544176,0.0784599105457053,True,4FGL J0449.1+1121,187.428375244141,-20.7369861602783,fsrq,2.391800535406219e-09,PKS 0446+11
1FDL J1312.7-2351,309.189559286027,38.7584017341852,198.191987917365,-23.8540387006397,1.688173038686425e-09,0.0451172401144853,0.073154122677278,True,4FGL J1312.8-2350,309.205047607422,38.7655982971191,bll,5.599937180633674e-10,NVSS J131248-235046
1FDL J1810.5+1739,44.5598047525794,16.7920231237309,272.635304830036,17.6658581641206,1.6878173230952297e-09,0.0415269515208661,0.0673327489893156,True,4FGL J1810.5+1744,44.6431274414063,16.8122272491455,PSR,2.648815389250103e-09,PSR J1810+1744
1FDL J1757.7-6032,332.978658547922,-17.1824315833407,269.435212087339,-60.5412898758378,1.684748351137027e-09,0.0425654146772637,0.0690165343860014,True,4FGL J1757.7-6032,332.985321044922,-17.1868839263916,,7.218502462436048e-10,
1FDL J0541.6-0212,206.807596535025,-16.5191491622045,85.4067689480267,-2.21343196783301,1.6833973531974319e-09,0.0847264010602377,0.137377324288227,False,,,,,,
1FDL J1744.9-1726,9.76449514640804,6.09792692014425,266.236602749541,-17.4407317097665,1.6790010201012687e-09,0.0411703692112159,0.0667545848028174,True,4FGL J1744.9-1727,9.75449466705322,6.09375524520874,bcu,1.5642366291146459e-09,1RXS J174459.5-172640
1FDL J1323.1+2941,54.9799485333016,82.5805033912702,200.778720218731,29.6900389120272,1.6744838375512783e-09,0.0447551534170754,0.0725670292780574,True,4FGL J1323.0+2941,54.994499206543,82.5955505371094,bcu,1.3509455776272714e-09,4C +29.48
1FDL J2247.9+4411,100.713940677944,-13.2815437521762,341.975373554257,44.1959990030569,5.289403764765188e-10,0.0676815027706091,0.109740335074186,True,4FGL J2247.8+4413,100.727363586426,-13.2548561096191,bll,5.164180194583422e-10,RGB J2247+442
1FDL J1640.4+3950,63.4581709083867,41.4266879038128,250.124114275353,39.8409358849676,1.6666588777442568e-09,0.0407988971196052,0.0661522620535759,True,4FGL J1640.4+3945,63.3535614013672,41.4262008666992,FSRQ,2.0096606601072153e-09,NRAO 512
1FDL J1824.1+1020,39.1622126715314,10.7020622657224,276.049585092312,10.3454675586548,1.666411446124646e-09,0.0451872637597478,0.0732676675988698,True,4FGL J1824.1+1013,39.0586738586426,10.6538791656494,PSR,1.049198283809005e-09,PSR J1824+1014
1FDL J0628.6-6249,272.418267430589,-26.4817941179997,97.174527482156,-62.8246277062365,1.6597923553955482e-09,0.0445947852260679,0.0723070080040349,True,4FGL J0628.8-6250,272.438995361328,-26.4647331237793,bll,6.709276467731229e-10,PKS 0628-627
1FDL J0743.8-2530,241.402635344896,-0.817384332366305,115.966305642993,-25.5137322030181,1.6575839007145786e-09,0.0400419198185944,0.0649248843532297,True,4FGL J0744.0-2525,241.353286743164,-0.739229083061218,bin,2.799428022726147e-09,1FGL J0744.1-2523
1FDL J1436.6+5638,97.7568755834961,55.0381182936206,219.173669744939,56.641066800983,1.653282695057366e-09,0.0470264792288222,0.0762498128345998,True,4FGL J1436.9+5638,97.7279357910156,55.0114097595215,bll,5.700240834904945e-10,RBS 1409
1FDL J0309.0+1030,169.160495140574,-39.694111765051,47.2705832272615,10.5160916932227,1.6512885137970076e-09,0.0464031594216623,0.0752391387179289,True,4FGL J0309.0+1029,169.171768188477,-39.7175254821777,fsrq,1.5949805920456583e-09,PKS 0306+102
1FDL J1023.2+3944,180.949975914946,56.891824174528,155.802671691788,39.7493829091847,1.648878138534149e-09,0.0462160981805272,0.0749358410924863,True,4FGL J1023.1+3949,180.822219848633,56.8671875,fsrq,1.4260153058387461e-09,4C +40.25
1FDL J0435.0+0927,186.925683821404,-24.6576548339481,68.7599173359484,9.46326303611533,1.6483293814873096e-09,0.0357066459474316,0.0578955709477955,True,4FGL J0434.7+0922,186.956192016602,-24.7644271850586,bll,6.793738904775636e-10,TXS 0431+092
1FDL J1600.7-3055,344.059000852056,16.4513371510702,240.190614496544,-30.9176576165603,1.6452849307562205e-09,0.0432339535364574,0.0701005256945352,True,4FGL J1600.9-3054,344.087890625,16.435661315918,PSR,1.348577693960351e-09,PSR J1600-3053
1FDL J2051.8+5044,89.647686912014,4.05750391429363,312.953827759288,50.749987847506,1.644036442157661e-09,0.0393421842787957,0.0637903155798301,False,,,,,,
1FDL J1858.1-2515,10.7961080966598,-12.6075283632853,284.544070964639,-25.2641969121436,1.6439537681781764e-09,0.0432761350620639,0.0701689142825527,True,4FGL J1858.3-2511,10.8687696456909,-12.6064310073853,bcu,1.397028381866505e-09,PMN J1858-2511
1FDL J2056.6+4939,89.3094928050261,2.76436112729465,314.164116984424,49.6608407132253,1.642910858472375e-09,0.0404386566529542,0.0655681604944953,True,4FGL J2056.7+4939,89.325065612793,2.75450921058655,bcu,1.815047223630017e-09,RGB J2056+496
1FDL J1909.1+0808,42.1891083188225,-0.187715704244791,287.278209556569,8.14474836700272,1.641746730223111e-09,0.148573401218324,0.240900305273506,True,4FGL J1908.7+0812,42.1993179321289,-0.0779885053634643,,3.7696183952107284e-09,
1FDL J0929.4+5012,167.690158626915,45.4549004028195,142.360332151361,50.200114613838,1.6389970051176946e-09,0.0470823484342931,0.076340396969251,True,4FGL J0929.3+5014,167.647491455078,45.4265480041504,bll,1.1361012131061443e-09,GB6 J0929+5013
1FDL J0422.3-0640,200.730080045999,-36.0366055909723,65.5864849506032,-6.66979091022074,1.6369220542907742e-09,0.0442456066985828,0.0717408352659487,True,4FGL J0422.1-0644,200.776306152344,-36.1163597106934,fsrq,1.2463176046750846e-09,PMN J0422-0643
1FDL J1117.1+2013,225.631042141159,67.3771727051997,169.28751494268,20.2209198811245,1.6364713257389558e-09,0.0455190926650926,0.0738056962144995,True,4FGL J1117.0+2013,225.595184326172,67.3658752441406,bll,1.2526950587954386e-09,RBS 0958
1FDL J1751.6-1013,16.8733733719518,8.32475841927993,267.922447831806,-10.2285440200696,6.511696641457077e-10,0.069023747913247,0.111916678795168,True,4FGL J1752.6-1010,17.0358047485352,8.14767074584961,bcu,4.6180753665581165e-10,MRC 1749-101
1FDL J1256.6-5923,303.597217492678,3.48094162513652,194.163487966761,-59.384067890177,1.6356485764278895e-09,0.0440039987905434,0.0713490883818324,True,4FGL J1256.1-5919,303.531982421875,3.54647827148438,bcu,5.728315599640155e-10,PMN J1256-5919
1FDL J1825.3-5232,342.23556228863,-17.4826337236207,276.327831620175,-52.5464674575116,1.6296199023114522e-09,0.0443478679920592,0.0719066461248516,True,4FGL J1825.1-5231,342.244567871094,-17.4573402404785,bcu,1.0418050866434212e-09,PKS 1821-525
1FDL J0331.3-6155,276.9579481205,-46.3262100195701,52.8431298982091,-61.922403560339,1.6284768907658044e-09,0.0453733729663782,0.0735694211634518,True,4FGL J0331.3-6156,276.974578857422,-46.3180465698242,bll,7.104812294045361e-10,PMN J0331-6155
1FDL J0307.2+4914,144.529138203869,-7.85157104264102,46.8108376206506,49.2405731102476,1.6252744944633417e-09,0.0427072162397598,0.0692464536609038,True,4FGL J0307.4+4915,144.551498413086,-7.8197135925293,bll,1.561428208951554e-09,GB6 J0307+4915
1FDL J1514.6-4745,326.357569725401,8.48497353657268,228.662312051632,-47.7666588419773,1.6245273972086718e-09,0.0493260214728552,0.0799783375205065,True,4FGL J1514.8-4748,326.354187011719,8.43124103546143,fsrq,1.472021393666978e-09,PMN J1514-4748
1FDL J0614.1-0159,210.44257205702,-9.19817397530809,93.541559006569,-1.99030753014358,4.0696010811490986e-09,0.0367778404014295,0.0596324293793561,True,4FGL J0613.7-0201,210.422760009766,-9.30503273010254,PSR,5.405894842880343e-09,PSR J0613-0200
1FDL J2035.2+3632,76.6312212454715,-2.38081823879276,308.821786279878,36.5408914799877,1.6201140935189917e-09,0.0460456442698261,0.0746594602648539,True,4FGL J2035.0+3632,76.597038269043,-2.34145283699036,psr,2.6052007218169133e-09,PSR J2034+3632
1FDL J1740.3+5215,79.633273760416,31.7878682540179,265.096712316442,52.2574269244441,1.617175972140308e-09,0.0406497186138854,0.0659103816015128,True,4FGL J1740.5+5211,79.5595016479492,31.7591133117676,fsrq,1.4962022731879188e-09,4C +51.37
1FDL J2146.5-1343,40.6714766427574,-44.9367515592367,326.63546034487,-13.7230752454609,1.6167693968243093e-09,0.0444937999363756,0.0721432645695414,True,4FGL J2146.5-1344,40.6619911193848,-44.9499473571777,bll,1.3715515390089195e-09,NVSS J214637-134359
1FDL J1204.1-0708,282.774425776769,53.8662773438146,181.042128388517,-7.14519148379128,1.6165332428692806e-09,0.0454752213664044,0.0737345693093847,True,4FGL J1204.2-0709,282.834747314453,53.8594169616699,bll,7.765167397977281e-10,1RXS J120417.0-070959
1FDL J2015.5-0140,41.316065158372,-19.4253185827985,303.888821540483,-1.6772110415879,1.6155618903385356e-09,0.0426335734284273,0.0691270518165129,True,4FGL J2015.2-0137,41.3235893249512,-19.3290977478027,bll,1.2903309531964167e-09,PKS 2012-017
1FDL J1427.6-3306,325.165695079716,25.5786640849083,216.904297133231,-33.1070538605778,1.6145872550419705e-09,0.0476602509594518,0.0772774224589149,True,4FGL J1427.6-3305,325.178894042969,25.5876865386963,bll,1.86472415286687e-09,PKS 1424-328
1FDL J0045.3+2129,121.047371261509,-41.3502321603558,11.3390739247544,21.4992607855171,1.6108103075949046e-09,0.0462408495406571,0.0749759730737485,True,4FGL J0045.3+2128,121.046653747559,-41.3826942443848,bll,1.5123338137357223e-09,GB6 J0045+2127
1FDL J2017.4-1615,27.2645953648584,-26.1669604958827,304.37326324109,-16.2580883924447,1.6107871634276925e-09,0.0419464275408832,0.0680128952044677,True,4FGL J2017.7-1612,27.3484382629395,-26.2063865661621,PSR,9.105638465456424e-10,PSR J2017-1614
1FDL J0608.1-0834,215.752815079912,-13.4912553335393,92.0288292801878,-8.56728828950527,1.6086978448543242e-09,0.0442899082915352,0.0718126631126419,True,4FGL J0608.0-0835,215.761489868164,-13.5159721374512,fsrq,1.9693255914887686e-09,PKS 0605-08
1FDL J0359.7+5058,150.399793914179,-1.56601388224894,59.9400921258926,50.9778864434839,1.6085938353007709e-09,0.0540019652927197,0.0875600210221402,True,4FGL J0359.6+5057,150.400497436523,-1.59031081199646,fsrq,2.0529826727511136e-09,NRAO 150
1FDL J1256.1-7712,303.200993236366,-14.345604596428,194.037522856166,-77.2148903021423,1.607715800518287e-09,0.0753707572343988,0.122207863625745,False,,,,,,
1FDL J1058.6-6626,291.981621556848,-5.99070663194485,164.660596257577,-66.4341666885856,6.390339329848107e-10,0.0518494104626518,0.0840698288431274,True,4FGL J1058.4-6625,291.961547851563,-5.9946551322937,,4.1822589835760477e-10,
1FDL J0757.1+0956,211.318947914724,19.0772475825568,119.299338501028,9.94545195417907,1.6032368261801832e-09,0.0458240620407157,0.0743001775036782,True,4FGL J0757.1+0956,211.309310913086,19.0665874481201,bll,1.5973501410471156e-09,PKS 0754+100
1FDL J0749.1+8513,128.190529156013,28.22110869775,117.278817980376,85.216943536614,2.8506207362527725e-10,0.0549956943014834,0.0891712769200185,True,4FGL J0748.3+8511,128.216842651367,28.2091617584229,bcu,2.2435081570293391e-10,NVSS J074715+851208
1FDL J1753.1-4446,347.060904312875,-9.33076291082834,268.28296091605,-44.7720993298536,1.6020509358786314e-09,0.053133261348483,0.086151493958618,True,4FGL J1752.8-4449,346.9912109375,-9.31640434265137,,7.319875816591548e-10,
1FDL J0525.5-6012,269.092266221824,-33.8823729452841,81.399318848685,-60.2152388443264,6.367045010072249e-10,0.0591479078477681,0.0959037723196665,True,4FGL J0525.6-6013,269.106597900391,-33.8709259033203,bcu,4.754807658713388e-10,SUMSS J052542-601341
1FDL J2030.6+1933,62.134012074623,-11.488896807173,307.660706172167,19.5540124139677,1.5992987580889387e-09,0.0444334973194404,0.0720454889932293,True,4FGL J2030.9+1935,62.2152328491211,-11.525652885437,bll,8.243825622145096e-10,RX J2030.8+1935
1FDL J0227.4+0159,165.215576407961,-52.8132876580208,36.8694651027434,1.98845594270615,1.5974500232606796e-09,0.0476249592866263,0.0772202000697098,True,4FGL J0227.3+0201,165.131225585938,-52.8116340637207,bll,6.229604054830418e-10,RX J0227.2+0201
1FDL J1128.7-7800,298.560035266348,-15.8386111967695,172.199918126962,-78.0030761419831,5.660343665442645e-10,0.05317698693114,0.0862223867120135,True,4FGL J1130.5-7801,298.653656005859,-15.8291168212891,bll,3.5553496258167167e-10,SUMSS J113032-780105
1FDL J1352.6-4415,314.344170783901,17.248644593725,208.159181382449,-44.26276699714,1.5948890634843608e-09,0.0398422742825983,0.0646011750770692,True,4FGL J1353.0-4413,314.424468994141,17.2670631408691,bll,7.558394465867481e-10,PKS 1349-439
1FDL J0625.7+4445,169.715360735107,14.501845924866,96.436450129038,44.764397866455,1.5927059408582252e-09,0.0419542431302449,0.0680255701498155,True,4FGL J0625.3+4439,169.777084350586,14.3913946151733,bll,8.054287237158063e-10,GB6 J0625+4440
1FDL J2133.8+6645,105.165277214971,10.9758551142383,323.469457460392,66.7593401169423,1.5921911294072377e-09,0.0433176580481155,0.0702362422349436,True,4FGL J2133.9+6646,105.180938720703,10.9864311218262,bll,8.856932964818042e-10,NVSS J213349+664706
1FDL J0209.4+7233,128.776110021366,10.5807457309198,32.3703957974747,72.5610533320146,1.5859162167396014e-09,0.0679197619057815,0.11012664506299,True,4FGL J0209.9+7229,128.835845947266,10.5224599838257,bll,7.780271982227305e-10,S5 0205+722
1FDL J1604.4+5713,88.2694312003429,44.7560636421095,241.122559737071,57.232735191381,1.5840222586719822e-09,0.0468043443101461,0.0758896315187899,True,4FGL J1604.6+5714,88.2667999267578,44.7359733581543,fsrq,1.6517572865026862e-09,GB6 J1604+5714
1FDL J1143.2+6118,136.776086645931,53.9503692596611,175.804890699862,61.3060632877007,1.5835557588729275e-09,0.043707753630727,0.0708687522292944,True,4FGL J1143.1+6122,136.732604980469,53.8804359436035,bll,5.228531496648259e-10,GB6 J1143+6122
1FDL J0536.4-3346,238.292519720178,-29.4165260616114,84.1222402492141,-33.780057338574,1.579106277450102e-09,0.054885478066547,0.0889925629268002,True,4FGL J0536.4-3401,238.551376342773,-29.4903907775879,fsrq,1.189911391641374e-09,PKS 0534-340
1FDL J0034.4-0534,111.533620058581,-68.0715208161953,8.60679943808765,-5.57702799181659,1.57515204001375e-09,0.0488347929333491,0.0791818495485664,True,4FGL J0034.3-0534,111.503700256348,-68.0734481811523,PSR,2.7084632314711143e-09,PSR J0034-0534
1FDL J1944.5+4303,76.8237874170562,9.31992306988859,296.138398242625,43.057215969872,4.975965493272222e-10,0.0580129527769757,0.0940635239780609,True,4FGL J1944.8+4301,76.8197021484375,9.26634311676025,,3.6172301265402496e-10,
1FDL J0902.3+2053,206.62021089759,37.7524727235831,135.597707357088,20.8877131328072,1.5647719053992072e-09,0.0463692660804699,0.0751841898331734,True,4FGL J0902.4+2051,206.672424316406,37.7576675415039,bll,1.341708188995483e-09,NVSS J090226+205045
1FDL J0003.4+6224,117.411031243323,0.0570402850539777,0.868636896525257,62.4135456801295,1.5617396627286734e-09,0.050696224773305,0.0822000169258885,True,4FGL J0002.8+6217,117.320411682129,-0.0510361157357692,PSR,2.545386124097604e-09,PSR J0002+6216
1FDL J1731.3-3235,355.279427201086,0.631388491543546,262.847409621058,-32.5890661678975,1.5593778462536595e-09,0.0894517845276193,0.145039161720805,True,4FGL J1731.2-3234,355.276977539063,0.660743892192841,spp,3.416162686065149e-09,SNR G355.4+00.7
1FDL J1727.3+4531,71.4398399082688,33.2962772605367,261.844028802612,45.5190773445927,1.5591874124489355e-09,0.0416821482755059,0.0675843838261884,True,4FGL J1727.4+4530,71.4307327270508,33.2897491455078,fsrq,1.8180729144390282e-09,S4 1726+45
1FDL J2151.3+4151,90.6482184578679,-9.44485218497738,327.829183108626,41.8653556721562,6.603483849493107e-10,0.0536827840263574,0.0870424970946776,True,4FGL J2151.4+4156,90.7152099609375,-9.40151023864746,bll,4.5009126981021547e-10,NVSS J215122+415632
1FDL J1106.3-3644,280.513808244447,21.5080817950868,166.577602660505,-36.7453277094401,1.5467182148262336e-09,0.0396182798452322,0.0642379845368706,True,4FGL J1106.5-3646,280.564910888672,21.5005264282227,bll,5.668145397486056e-10,PMN J1106-3647
1FDL J0908.0-4923,270.339669170988,-1.19808016621094,137.022661348407,-49.3943900679085,1.546658953428474e-09,0.0705083033911937,0.114323770369218,True,4FGL J0908.7-4911,270.261291503906,-0.987429916858673,PSR,2.4773978424263987e-09,PSR J0908-4913
1FDL J2144.3+3132,82.6122184993589,-16.3118207428185,326.082557704629,31.5460566428024,1.5459072715676997e-09,0.0483086977171526,0.0783288353791361,True,4FGL J2144.2+3132,82.6002044677734,-16.3017406463623,bll,6.484057180067281e-10,MG3 J214415+3132
1FDL J0237.5-6135,283.081649073016,-51.2595127316641,39.3820076103676,-61.5844074485251,1.5441424417586746e-09,0.0395876317589345,0.0641882989970009,True,4FGL J0236.8-6136,283.214019775391,-51.2934379577637,fsrq,9.44419098480864e-10,PKS 0235-618
1FDL J1744.0+1937,43.8787235758588,23.3429964788931,266.002419499534,19.6242174001537,1.5438817730830067e-09,0.0442127880501386,0.0716876233230774,True,4FGL J1744.0+1935,43.8519439697266,23.3274345397949,bll,7.842521076995013e-10,S3 1741+19
1FDL J0148.1+5158,131.742996374314,-9.92053562432303,27.0390149321637,51.9782406812684,1.543521346358826e-09,0.0412945799812303,0.0669559708104418,True,4FGL J0148.2+5201,131.745056152344,-9.87284278869629,bll,5.615193310326561e-10,GB6 J0148+5202
1FDL J0336.2+7502,133.095633712948,15.5258229314428,54.0579787175329,75.0408869256702,1.5392248988631233e-09,0.051163269688832,0.0829572950873303,True,4FGL J0336.0+7502,133.08283996582,15.5278635025024,,1.343482103344229e-09,
1FDL J0321.7+2338,162.014029981654,-27.5946605903035,50.4429436520473,23.6434199597526,1.5374382439786238e-09,0.0387842430762631,0.0628856580393085,True,4FGL J0322.0+2335,162.092849731445,-27.596305847168,bll,1.4071959153483247e-09,MG3 J032201+2336
1FDL J0109.1+1818,128.819583084998,-44.362967346685,17.289700711212,18.3061032930661,1.5279212112577335e-09,0.0457785110211545,0.0742263277492202,True,4FGL J0109.1+1815,128.832290649414,-44.4036865234375,bll,7.018305381301103e-10,MG1 J010908+1816
1FDL J1518.2+6522,102.156565404691,45.3843505946463,229.57095103288,65.3705429748881,1.5273322426508283e-09,0.0435797018551837,0.0706611240744988,True,4FGL J1517.7+6525,102.266616821289,45.3919982910156,bll,7.66372187932518e-10,1H 1515+660
1FDL J0152.7+0147,152.385204778787,-57.5261312105614,28.1752579451654,1.79965792923455,1.5258151403654346e-09,0.0471613969405967,0.0764685703626294,True,4FGL J0152.6+0147,152.370361328125,-57.5414199829102,bll,8.078456237292642e-10,PMN J0152+0146
1FDL J2029.6+4928,86.4664035094439,6.10602645606451,307.411025820798,49.4803564558615,1.517496157297693e-09,0.0522093586864997,0.0846534456779906,True,4FGL J2029.5+4925,86.4050140380859,6.09127807617188,bll,1.6466283891958255e-09,MG4 J202932+4925
1FDL J0203.6+3044,140.770042932202,-29.6124309785301,30.9110757511866,30.745931266068,1.5158690293567402e-09,0.044887661645458,0.0727818767641239,True,4FGL J0203.7+3042,140.802001953125,-29.6369075775147,bll,2.2531934096292612e-09,NVSS J020344+304238
1FDL J0502.3+3439,170.090011403053,-4.35594451061492,75.5963990520564,34.6659666659086,1.5145990496975873e-09,0.0470559984493979,0.0762976732074012,True,4FGL J0502.5+3438,170.135787963867,-4.34927749633789,bcu,1.551180628389659e-09,MG2 J050234+3436
1FDL J0712.8+5034,166.686760648401,23.8798069232547,108.200396586802,50.5703417485783,1.5036238301392905e-09,0.0465690414980423,0.0755081025170631,True,4FGL J0712.7+5033,166.705474853516,23.8670520782471,bll,1.096311375015091e-09,GB6 J0712+5033
1FDL J1332.0-0509,321.34310915696,56.2511989483342,203.006657675783,-5.16276863595231,1.5022867609526354e-09,0.0480485652833238,0.0779070394542703,True,4FGL J1332.0-0509,321.3662109375,56.2491607666016,fsrq,2.647133179323191e-09,PKS 1329-049
1FDL J1901.9-5106,345.635407551512,-22.3669466430799,285.488029072569,-51.1090072462048,1.500785551584538e-09,0.0502932345475378,0.0815465909763011,True,4FGL J1902.0-5105,345.659362792969,-22.375280380249,PSR,2.754967587392798e-09,PSR J1902-5105
1FDL J1830.7-1634,15.8515882335448,-3.0434864749909,277.682352189966,-16.5732961497457,1.497680033568175e-09,0.054337451621014,0.0881039886743281,True,4FGL J1830.7-1634,15.8517456054688,-3.03686237335205,,2.0091055485949028e-09,
1FDL J0708.8+2239,194.265042338256,13.7722367970048,107.217514051558,22.6572499712929,1.4927102671854006e-09,0.0410198332727522,0.0665105020020266,True,4FGL J0709.1+2241,194.262130737305,13.833456993103,bll,9.402413292391998e-10,GB6 J0708+2241
1FDL J0604.9+3807,174.035431356302,8.06366784207754,91.2260905285544,38.1173627885463,1.4912132709465928e-09,0.0569452524587311,0.09233232681209,True,4FGL J0605.1+3757,174.197143554688,8.02744674682617,PSR,1.339948041412242e-09,PSR J0605+3757
1FDL J0241.6+6548,133.906184266884,5.31265447268633,40.4114356160194,65.8082630974761,1.4889331524978854e-09,0.0411189911031065,0.0666712728600188,True,4FGL J0241.3+6543,133.91178894043,5.22793674468994,bll,1.019025197557255e-09,TXS 0237+655
1FDL J1121.3+4210,167.79129655427,66.2589696735127,170.328266863761,42.1738230579525,1.4880883613784737e-09,0.0416066029057238,0.0674618940669224,True,4FGL J1120.8+4212,167.852478027344,66.1628265380859,bll,1.2038312569018215e-09,RBS 0970
1FDL J0746.6-4754,261.335226404969,-11.3027440296251,116.663908938594,-47.9043421176025,1.4847139873591818e-09,0.0456238519631744,0.0739755491378158,True,4FGL J0746.6-4754,261.347015380859,-11.3047723770142,bll,1.1890306517159386e-09,PMN J0746-4755
1FDL J1959.5-4726,351.769851264819,-30.8117213147416,299.893716654037,-47.4481430683218,1.4830403250415044e-09,0.0422174865649202,0.0684524053044082,True,4FGL J1959.7-4725,351.793518066406,-30.8456592559814,bll,1.2260723547541375e-09,1RXS J195945.8-472531
1FDL J0604.4-0001,207.543931315693,-10.4502420295171,91.1157846771478,-0.0300018960103899,1.480272803220572e-09,0.0386743747120211,0.0627075169912603,True,4FGL J0604.9-0000,207.579330444336,-10.3271484375,bcu,5.397423619157847e-10,GB6 J0604+0000
1FDL J1528.2-5837,322.156219445254,-1.72627008279677,232.058589738098,-58.6179994221529,1.4777935272062276e-09,0.0568992282560287,0.0922577069823807,True,4FGL J1528.4-5838,322.168762207031,-1.75418031215668,PSR,3.1370122055562884e-09,PSR J1528-5838
1FDL J0134.6+2633,134.779477794402,-35.3264403180307,23.6519445329436,26.5501964528885,1.4764988736539268e-09,0.0441370086368589,0.0715647499130853,True,4FGL J0134.5+2637,134.733139038086,-35.2534141540527,fsrq,8.871027246115658e-10,RX J0134.4+2638
1FDL J0541.1+3545,173.701764405489,2.78114835906173,85.2980850338481,35.7552062510523,1.476488266427428e-09,0.0914985676053412,0.148357865235888,True,4FGL J0542.4+3547c,173.809020996094,3.01065826416016,bcu,5.01031161004306e-10,NVSS J054218+354149
1FDL J0109.4+6132,125.070462431298,-1.25339819960519,17.3500850937442,61.5437420911009,1.4719870864175995e-09,0.0517096532729234,0.0838432202278227,True,4FGL J0109.7+6133,125.114311218262,-1.23250126838684,fsrq,2.2594663917629987e-09,TXS 0106+612
1FDL J1810.9+0343,31.6290760641776,10.7102027952,272.725275978504,3.71867502198678,1.4711800940341601e-09,0.0411044882051601,0.0666477620867286,True,4FGL J1811.3+0340,31.6397457122803,10.6028022766113,bll,1.1892845597216706e-09,NVSS J181118+034113
1FDL J0334.2+7853,130.546498951189,18.5110926772753,53.5723368258174,78.8931259190112,1.4709933859262375e-09,0.0432655137195113,0.0701516930692392,True,4FGL J0333.7+7851,130.5537109375,18.4620170593262,bll,5.753306719924467e-10,WN B0326.7+7840
1FDL J0431.8+7404,136.570407543562,17.3806697502396,67.9500073444242,74.0733732743538,7.360576656386105e-10,0.0508097577939755,0.0823841031845225,True,4FGL J0431.8+7403,136.58528137207,17.3693141937256,bll,4.553215582348002e-10,GB6 J0431+7403
1FDL J1305.1-4929,305.222283958056,13.3208392784974,196.291644685232,-49.4898460922006,1.467640203488484e-09,0.0446599064261762,0.0724125980332128,True,4FGL J1305.4-4928,305.271118164063,13.3347787857056,sbg,9.418457125320856e-10,NGC 4945
1FDL J1425.0+3614,63.4295576057748,68.1760394895678,216.260903863943,36.2432933463645,1.4665827077814815e-09,0.0479952400449356,0.0778205778817806,True,4FGL J1425.0+3615,63.4706001281738,68.1786193847656,bll,6.191466783711519e-10,FBQS J142455.5+361536
1FDL J2258.1-2800,24.2933761767919,-64.9314130020451,344.533590848592,-28.0128713657545,1.4660419581510529e-09,0.045457265089473,0.0737054523929391,True,4FGL J2258.1-2759,24.3597412109375,-64.9248428344727,fsrq,3.502923728859741e-09,PKS 2255-282
1FDL J2036.8+3834,78.4466839172019,-1.39593794151211,309.204183339852,38.5830414026113,1.4659892983896394e-09,0.120174866398888,0.194854259240171,False,,,,,,
1FDL J1125.1+4932,153.61525817437,62.1277253989837,171.287816810045,49.5442798302043,1.4653540197013858e-09,0.047921067201008,0.0777003197253732,True,4FGL J1124.9+4934,153.625213623047,62.0907669067383,bll,4.854165402967681e-10,GB6 J1124+4933
1FDL J0751.0+1814,202.602674686239,21.1043841881775,117.757784769817,18.2437691340093,1.4626019900509457e-09,0.0443519901715559,0.0719133307547103,True,4FGL J0751.2+1808,202.721725463867,21.1036529541016,PSR,1.9886907676180954e-09,PSR J0751+1807
1FDL J0404.1-3608,237.826298229703,-48.4345100725599,61.0362553680298,-36.1377812496317,2.917065896888746e-09,0.0391080369978164,0.0634106634776275,True,4FGL J0403.9-3605,237.747680664063,-48.4825706481934,FSRQ,4.9351229769456495e-09,PKS 0402-362
1FDL J1809.8+2908,55.7613013263435,21.2491289454763,272.458969016118,29.1493738889671,1.4614606283929942e-09,0.0474679250049777,0.0769655801772908,True,4FGL J1809.7+2910,55.7773704528809,21.2708473205566,bll,9.01628771643459e-10,MG2 J180948+2910
1FDL J2229.6-0834,55.1959256423608,-51.7192635561124,337.422644032704,-8.57150103242102,1.4598621207035429e-09,0.0488175707984134,0.0791539270609668,True,4FGL J2229.7-0832,55.2347259521484,-51.7070236206055,FSRQ,2.607296600842801e-09,PKS 2227-08
1FDL J0742.8-2821,243.765907715359,-2.42565546802335,115.718657141777,-28.3629474519177,1.459026836064295e-09,0.0557823094581469,0.0904467083419936,True,4FGL J0742.8-2822,243.777770996094,-2.44210815429688,PSR,2.018269107395554e-09,PSR J0742-2822
1FDL J1813.5+0614,34.2334033310386,11.244320222126,273.399529375073,6.24269187665708,1.4565970967664989e-09,0.0442747381016214,0.0717880715690219,True,4FGL J1813.6+0614,34.2356796264648,11.2355871200562,bll,1.0994389842977623e-09,TXS 1811+062
1FDL J1244.1-6227,302.093138109758,0.400141229094372,191.045184148897,-62.4597865044466,1.455788083173856e-09,0.057602446047082,0.0933979249767944,True,4FGL J1244.3-6233,302.111724853516,0.306411623954773,,1.7413629427309731e-09,
1FDL J2216.6+2417,83.4050517782976,-26.4632560732174,334.170894039073,24.2893927845111,1.4554046561890127e-09,0.0418662699223566,0.0678829229382905,True,4FGL J2216.9+2421,83.5058212280273,-26.4478378295898,bll,6.84817591523057e-10,B2 2214+24B
1FDL J0334.9-4500,252.740715867354,-52.9588735589052,53.7421820211469,-45.0079974427008,7.28278283603696e-10,0.0489629481757413,0.0793896402490379,True,4FGL J0335.1-4459,252.701736450195,-52.9340362548828,bll,4.2309405978713244e-10,SUMSS J033513-445939
1FDL J0420.3-3745,240.352938172407,-45.2606877974101,65.0755033482934,-37.7623388569338,1.452332178889381e-09,0.0434632398775197,0.0704722850827769,True,4FGL J0420.3-3745,240.339309692383,-45.2460098266602,bcu,1.088438783547474e-09,NVSS J042025-374443
1FDL J2104.2-3542,7.9509481048582,-41.4490677268347,316.070664067508,-35.7014762770562,1.4512805001932932e-09,0.0346031812803952,0.0561063882924543,True,4FGL J2104.0-3546,7.85550880432129,-41.407398223877,bcu,4.870430170278438e-10,NVSS J210353-354620
1FDL J2022.4+7612,109.300228703231,21.1521295560363,305.601604687553,76.2119923136993,1.4429877359130715e-09,0.0488180551930965,0.079154715676725,True,4FGL J2022.5+7612,109.294952392578,21.1374702453613,bll,1.2752044975528063e-09,S5 2023+760
1FDL J1612.2-3057,345.865303210067,14.7081744344495,243.061670494105,-30.9625021512342,1.4406019556309832e-09,0.0477104988687391,0.0773588919449004,True,4FGL J1612.4-3100,345.861175537109,14.6575870513916,bll,1.202904775787772e-09,NVSS J161219-305937
1FDL J1259.7-3751,304.73748649505,24.9769724642322,194.932799265509,-37.8656989462155,1.4374316396991113e-09,0.0491802208195006,0.0797419318567527,True,4FGL J1259.8-3749,304.766845703125,25.018346786499,bll,6.432854249283081e-10,NVSS J125949-374856
1FDL J1823.8-3456,358.668214371114,-9.99969202484947,275.974230144372,-34.9339815586918,1.4369498123297412e-09,0.0408345115880134,0.066210009028426,True,4FGL J1823.6-3453,358.680236816406,-9.9359655380249,bcu,1.7342420832733294e-09,NVSS J182338-345412
1FDL J1701.1-3007,353.555522466115,7.31470943985143,255.293713600889,-30.1303396787445,1.4348265359451058e-09,0.0481456464632701,0.0780644528985507,True,4FGL J1701.2-3006,353.579498291016,7.32316589355469,glc,3.223938005447735e-09,M 62
1FDL J2243.4-2543,28.4009685612561,-61.3973552361091,340.872699417359,-25.7213104307523,1.4275487891573347e-09,0.0483089620672369,0.0783292555308656,True,4FGL J2243.4-2544,28.3677406311035,-61.3934783935547,bll,1.8089674203025646e-09,PKS 2240-260
1FDL J1458.8+3722,61.9419057527284,61.3467790565843,224.711653333525,37.3803514549718,4.503292537524312e-10,0.0597825640414653,0.0969328097412699,True,4FGL J1458.6+3722,61.9388847351074,61.3781967163086,bll,3.4874358956216156e-10,B3 1456+375
1FDL J1939.8+2134,57.5195864817759,-0.330631461247076,294.954736717473,21.572189492406,1.4235853825631353e-09,0.0789009338088463,0.127931768480692,True,4FGL J1939.6+2135,57.5216979980469,-0.294558256864548,PSR,2.263235820976206e-09,PSR J1939+2134
1FDL J1549.1+0239,10.8161113210426,40.9976645650944,237.282917880063,2.65112157935055,1.4232002127589343e-09,0.0485710738970886,0.0787542463980665,True,4FGL J1549.5+0236,10.8456935882568,40.8892936706543,fsrq,1.0154991292310456e-09,PKS 1546+027
1FDL J1136.0-7411,297.765406265156,-12.0748537663409,174.007859293262,-74.1853494544976,1.4231286440137504e-09,0.0544094712761769,0.0882207541051451,True,4FGL J1136.8-7413,297.835540771484,-12.1029748916626,bcu,9.915525067683004e-10,PKS 1133-739
1FDL J1713.6+0748,28.7368737933261,25.2633726221641,258.414185452023,7.80066726810581,1.4224642489405313e-09,0.04471094466311,0.0724953561877345,True,4FGL J1713.8+0747,28.7561836242676,25.210205078125,PSR,1.3389616082548628e-09,PSR J1713+0747
1FDL J1244.9+5709,124.697055690194,59.9421210823808,191.229039051029,57.163774002613,4.4968375624792765e-10,0.0596877494742419,0.0967790820720475,True,4FGL J1245.1+5709,124.63353729248,59.9494819641113,bll,3.5759628591591763e-10,1RXS J124510.5+571020
1FDL J0735.0-7712,289.153373440044,-24.0378658896778,113.769847457042,-77.2017308511183,1.4197281712570998e-09,0.0465832586177047,0.0755311554613325,True,4FGL J0734.4-7711,289.124938964844,-24.0666179656982,bcu,9.978141646271863e-10,PKS 0736-770
1FDL J0332.4+6312,139.955299036769,5.78293086722613,53.1056355704787,63.2027660654846,1.417306177325858e-09,0.0413908994117195,0.0671121507804422,True,4FGL J0331.9+6307,139.954483032227,5.69434928894043,bll,1.0560236018974931e-09,GB6 J0331+6307
1FDL J0329.0+3119,158.302043207648,-20.5138805110509,52.255064918099,31.3262417886315,1.4171398807494842e-09,0.0679009272702444,0.110096107149046,False,,,,,,
1FDL J2140.1+4712,92.6164476468106,-4.08637106568402,325.02989993919,47.2096042976763,1.4168752040006612e-09,0.0603102070646866,0.0977883528797811,True,4FGL J2140.0+4716,92.6407546997071,-4.02910041809082,PSR,4.190424895966771e-09,PSR J2139+4716
1FDL J0832.1+0429,220.732835560956,24.4091854219746,128.0391292849,4.49853481752071,1.414817164446747e-09,0.0471816773704909,0.0765014463047301,True,4FGL J0831.8+0429,220.703460693359,24.3489780426025,bll,3.087626154751888e-09,PKS 0829+046
1FDL J0946.5+1016,224.975798644273,43.401702490417,146.62768938656,10.275735405204,1.4145359845409495e-09,0.0475850443786566,0.0771554842727254,True,4FGL J0946.6+1016,224.995483398438,43.4315414428711,fsrq,1.8197735540681486e-09,TXS 0943+105
1FDL J2112.5-3044,14.8816619657411,-42.4440489160844,318.137231060301,-30.7455303292282,1.4134135159635015e-09,0.050851872740007,0.0824523955356858,True,4FGL J2112.5-3043,14.9038724899292,-42.443546295166,,3.472460985420866e-09,
1FDL J2211.9+2356,82.2290886716561,-26.0613290140195,332.995329647484,23.9395317282942,1.412623412913008e-09,0.0484269320789507,0.0785205303630747,True,4FGL J2212.0+2356,82.2434310913086,-26.0798587799072,fsrq,1.2429013374060103e-09,PKS 2209+236
1FDL J0617.3-1713,224.823262959072,-15.128016771974,94.3364539038887,-17.2195163202573,1.4124847252069322e-09,0.037190205258846,0.0603010492235902,True,4FGL J0617.7-1715,224.891555786133,-15.0648708343506,bll,8.65397864480144e-10,IVS B0615-172
1FDL J0357.6+3209,162.683088258131,-15.9838482733331,59.4216686547833,32.1564145827366,4.453457170468904e-09,0.0381373183358158,0.06183671834431,True,4FGL J0357.8+3204,162.759552001953,-16.0158462524414,PSR,9.044042847961007e-09,PSR J0357+3205
1FDL J1332.6-1302,318.219442049293,48.6018139998496,203.169468530422,-13.0419842841407,1.406227543103258e-09,0.0425405863686103,0.0689762805095772,True,4FGL J1332.6-1256,318.233612060547,48.7008628845215,fsrq,3.197915932062756e-09,PMN J1332-1256
1FDL J0844.2+6710,147.81943489296,35.6922761278307,131.064634828244,67.179797957502,1.4053085223413887e-09,0.0464064211083392,0.0752444309117165,True,4FGL J0843.3+6712,147.802795410156,35.601806640625,psr,6.114442285820586e-10,PSR J0843+67
1FDL J1121.7-0553,266.300846544478,50.4897580300082,170.425497661636,-5.88864996273049,1.4022696032096945e-09,0.0500366879905518,0.08113063300456,True,4FGL J1121.4-0553,266.22900390625,50.4477844238281,fsrq,1.757139100888594e-09,PKS 1118-05
1FDL J1832.9-5701,338.216573446997,-20.0869504025675,278.231801864282,-57.0247348814703,1.4021151437682936e-09,0.0437865820075506,0.0709965669927227,True,4FGL J1832.6-5658,338.249664306641,-20.0329170227051,bll,8.386761840561974e-10,PMN J1832-5659
1FDL J1637.6+4717,73.4483010861746,41.9000089006801,249.405351866539,47.2968750586181,1.3990429263384982e-09,0.0524072373819552,0.0849742936059273,True,4FGL J1637.7+4717,73.4390182495117,41.8808746337891,fsrq,1.1640957087166726e-09,4C +47.44
1FDL J0114.6+1328,131.563950015267,-49.009042038078,18.6697464708295,13.472785187989,1.3989792726185655e-09,0.051043577575227,0.0827632137982463,True,4FGL J0114.8+1326,131.633972167969,-49.0416069030762,bll,1.1094114515941556e-09,GB6 J0114+1325
1FDL J1739.4+4956,76.909555255749,31.7336071979375,264.863180467641,49.9456433687837,1.3971546483745313e-09,0.048786066069788,0.079102835017589,True,4FGL J1739.5+4955,76.8952713012695,31.717658996582,fsrq,1.058367060657872e-09,S4 1738+49
1FDL J0144.2-5845,290.341150434328,-57.0587394689717,26.0713374520778,-58.7589754869027,1.3970375520259988e-09,0.0428686260302091,0.0695081718001876,True,4FGL J0143.7-5846,290.459106445313,-57.0706558227539,bll,1.110554204153402e-09,SUMSS J014347-584550
1FDL J1127.9+3619,180.301819619711,70.0707445328481,171.988465222506,36.3170632247355,1.3955496109277762e-09,0.0516369877661674,0.0837253900816712,True,4FGL J1127.8+3618,180.331451416016,70.0534515380859,fsrq,1.0794476423825472e-09,MG2 J112758+3620
1FDL J1759.2-4822,344.351989600208,-11.9661468465966,269.812364100705,-48.3675980594524,1.3931655283575012e-09,0.0479679983676389,0.0777764074951623,True,4FGL J1759.1-4822,344.333648681641,-11.9536561965942,bcu,6.8287231425046e-10,PMN J1758-4820
1FDL J2113.4+5028,91.7155712713095,1.2138175029737,318.36164871356,50.4717375872401,1.3906689560787776e-09,0.101610995981717,0.164754399009474,True,4FGL J2114.3+5023,91.7633590698242,1.14875400066376,,1.3116414621094916e-09,
1FDL J2023.4+3154,71.4417975357243,-3.11463144947734,305.871521586236,31.907988035451,1.3902360949954197e-09,0.0633053747064532,0.102644782037141,True,4FGL J2023.2+3153,71.4014511108398,-3.09248352050781,bcu,6.662911888888344e-10,4C +31.56
1FDL J1153.8+4928,145.460300479595,65.0485730936157,178.453876501933,49.4832621789877,1.3888917557102853e-09,0.0491003449967503,0.0796124222420949,True,4FGL J1153.4+4931,145.553588867188,64.9846420288086,FSRQ,1.1821627010633051e-09,4C +49.22
1FDL J2130.9-2745,20.0108209935191,-45.8233799866621,322.725629456827,-27.7564117487424,1.3878311786199913e-09,0.0482106711939662,0.0781698802552399,True,4FGL J2131.0-2746,19.9947624206543,-45.8503379821777,bll,8.216017310935796e-10,RBS 1751
1FDL J2219.7+6330,106.943768235158,5.45098584742255,334.928171874208,63.5095785963908,1.3872031937276612e-09,0.103503933403335,0.167823641854537,True,4FGL J2220.8+6319,106.949882507324,5.21862745285034,,1.2813988758964e-09,
1FDL J0418.8+6635,141.523752978353,11.5467641334014,64.718208944661,66.5985191553719,1.384041014052819e-09,0.0490961211580003,0.0796055688802915,True,4FGL J0418.9+6636,141.524627685547,11.5499086380005,,1.618893130661547e-09,
1FDL J0343.1-6442,279.203497934251,-43.6807002064617,55.796107654105,-64.7087838215549,1.3824841472119688e-09,0.0489036855224703,0.0792935522637804,True,4FGL J0343.2-6444,279.227264404297,-43.6592330932617,bll,7.6503686718965e-10,PMN J0343-6442
1FDL J1155.3-3419,289.950039673073,27.1232907206428,178.847856234671,-34.3316485343851,4.3691403923974233e-10,0.0637440759351236,0.103356105623457,True,4FGL J1155.5-3418,289.971984863281,27.1482048034668,bll,3.314439556145743e-10,NVSS J115520-341718
1FDL J0308.0+7443,131.709536787422,14.2249329785885,47.0019078179801,74.7188965991642,1.3759775875429355e-09,0.0546798246417082,0.088659119894541,True,4FGL J0307.8+7443,131.703826904297,14.2190427780151,PSR,3.0261908534612303e-09,PSR J0307+7443
1FDL J0423.4-0121,195.32584448963,-33.1094844537736,65.8575119530682,-1.35179055576801,1.3743606747947879e-09,0.0439554653223699,0.0712703941114593,True,4FGL J0423.3-0120,195.288101196289,-33.1269073486328,FSRQ,3.361082967501261e-09,PKS 0420-01
1FDL J1852.6+0202,34.8842590973438,0.655159600134266,283.166603964091,2.03626832384375,1.3718879453106605e-09,0.102130515650028,0.165596753241618,True,4FGL J1852.6+0203,34.9041404724121,0.668386697769165,,2.2013104672424792e-09,
1FDL J0947.4-2545,258.988152309299,21.0147321020358,146.862605857534,-25.7642585902332,1.3712047846537754e-09,0.0445185884857577,0.0721834599663549,True,4FGL J0947.1-2541,258.871978759766,21.0229110717773,bll,9.841374382091315e-10,1RXS J094709.2-254056
1FDL J1326.8+2213,3.42608257505658,80.5831033965838,201.707647093787,22.2173258988346,1.3645944480834427e-09,0.0470888621289326,0.0763509562884953,True,4FGL J1326.9+2210,3.26885628700256,80.5419769287109,fsrq,1.2661737214259006e-09,B2 1324+22
1FDL J0827.0-0706,230.867630925658,17.5494998506024,126.773274262313,-7.1127705013934,5.425631826594969e-10,0.0532695861936453,0.0863725217860816,True,4FGL J0827.0-0708,230.889984130859,17.5239334106445,bll,3.8622491316253615e-10,PMN J0827-0708
1FDL J0425.9+6828,140.600583213924,13.32839539296,66.477131538758,68.4789516252099,1.3623806917863333e-09,0.0461945956213993,0.074900969242174,True,4FGL J0426.7+6826,140.674499511719,13.3637466430664,bcu,5.787109680355228e-10,4C +68.05
1FDL J1338.9-2359,316.673675765718,37.6083005663178,204.746327439019,-23.9914213026633,1.3608058261638134e-09,0.0514176104649827,0.0833696892449207,True,4FGL J1339.0-2400,316.679870605469,37.5895805358887,bcu,7.350291486574179e-10,PKS 1336-237
1FDL J2055.7+3152,75.5708728074831,-8.5894261956264,313.933095233181,31.8699207474382,1.360773239493411e-09,0.0692792335759612,0.112330934200105,True,4FGL J2056.4+3142,75.5422744750977,-8.81881332397461,,1.5075694026478459e-09,
1FDL J0341.9+3151,160.238923411814,-18.3920854208297,55.4811740700555,31.8613373426811,1.3574843767296395e-09,0.0912288662716584,0.147920576196134,True,4FGL J0341.9+3153c,160.219039916992,-18.3637599945068,,7.372954469175851e-10,
1FDL J0851.8+5531,161.955957681026,38.9478658497622,132.967615525607,55.524056352006,1.3556375814724328e-09,0.0466673283502183,0.0756674718528656,True,4FGL J0851.5+5528,162.021682739258,38.9052772521973,bll,5.084415666267715e-10,GB6 J0851+5528
1FDL J1631.2+5221,80.3977594392313,42.3122336473749,247.813417396659,52.3650745071206,1.3516472339701758e-09,0.0439306514642527,0.07123016721397,True,4FGL J1630.7+5221,80.4021072387695,42.3934516906738,bll,1.2061930343421068e-09,TXS 1629+524
1FDL J1309.4+4303,111.149051262687,73.6484943049581,197.372694748283,43.0642953547968,1.351417442545754e-09,0.0472755761852574,0.0766536940886131,True,4FGL J1309.4+4305,111.192665100098,73.6302719116211,bll,1.6391563661954931e-09,B3 1307+433
1FDL J0949.1+0022,236.617822857185,38.756235389344,147.286587064196,0.380640629744508,1.3495902124954951e-09,0.0527226889748011,0.0854857772449841,True,4FGL J0948.9+0022,236.595748901367,38.7165870666504,NLSY1,2.286347333679828e-09,PMN J0948+0022
1FDL J1428.4+4240,77.5157701823576,64.9115477518868,217.112724057218,42.6765948940487,1.3483917292919034e-09,0.0477560714422542,0.0774327891789041,True,4FGL J1428.5+4240,77.5038757324219,64.9009780883789,bll,6.035077437793746e-10,H 1426+428
1FDL J0702.7-1949,231.899926180991,-6.49712652102286,105.696008530053,-19.8171764612279,1.3459947315823525e-09,0.0471104645878981,0.0763859886876791,True,4FGL J0702.7-1951,231.923385620117,-6.52770709991455,bll,2.1721393572704532e-09,TXS 0700-197
1FDL J1827.6-0845,22.4339407204985,1.23405288706571,276.922448970649,-8.76016314382902,1.3395476289759837e-09,0.062476347272447,0.10130057535742,True,4FGL J1827.6-0849,22.3678302764893,1.21593511104584,PSR,3.1698978997241052e-09,PSR J1827-0849
1FDL J1702.6+3113,53.3468145637761,35.7457159537409,255.664629131188,31.2210151903863,3.360451254015764e-10,0.064021258826507,0.103805532161566,True,4FGL J1702.6+3114,53.3782272338867,35.7466888427734,bll,3.1564420521768005e-10,RX J1702.6+3115
1FDL J1445.1-0324,349.296781586982,48.9583391947723,221.287719247211,-3.40174391727315,1.3370222665763776e-09,0.0467751996822172,0.0758423755171271,True,4FGL J1445.0-0326,349.230194091797,48.9345779418945,bll,6.330457269498878e-10,RBS 1424
1FDL J0326.4+0228,180.746971830753,-42.3468992710648,51.6218951613903,2.47631067760433,1.3364684782277212e-09,0.0406467547370488,0.0659055764579036,True,4FGL J0326.2+0225,180.757598876953,-42.4193382263184,bll,7.224624787305345e-10,1H 0323+022
1FDL J1641.3-0620,10.7402172397835,25.1654668039618,250.337901054744,-6.33538648224985,1.33437703798303e-09,0.0396278418810019,0.064253494083425,True,4FGL J1641.9-0621,10.8169431686401,25.0309715270996,bll,9.463825278999136e-10,TXS 1639-062
1FDL J1830.7-2713,6.32568011926312,-7.89463180275543,277.695432673174,-27.22200487197,1.3307679106411946e-09,0.043864699981145,0.071123235393139,True,4FGL J1830.7-2713,6.31895017623901,-7.89493608474731,bcu,7.137546109703408e-10,PMN J1831-2714
1FDL J0302.9+6823,134.595026310447,8.55045366115422,45.7367707325946,68.3913292084741,1.328364069527535e-09,0.07373375764135,0.119553590072482,True,4FGL J0304.5+6821,134.744888305664,8.59105682373047,bcu,1.2235342738975419e-09,TXS 0259+681
1FDL J0440.8+2749,172.56208814155,-12.2221776182803,70.2120011178355,27.8308479111415,1.3282845464540522e-09,0.0482222526836358,0.0781886641202815,True,4FGL J0440.8+2749,172.566131591797,-12.2158098220825,bll,7.816815528194353e-10,B2 0437+27B
1FDL J2201.4-8341,307.932028954509,-31.6854766742473,330.357041624294,-83.6976666003306,1.3251329102389325e-09,0.042030041019016,0.0681484651202044,True,4FGL J2201.5-8339,307.958740234375,-31.7116203308105,fsrq,1.5288638133270636e-09,PKS 2155-83
1FDL J0942.3-0800,243.546831712219,32.313831029819,145.595305091439,-8.00728462393487,1.3240924828822693e-09,0.0498046462453049,0.0807543920551531,True,4FGL J0942.3-0800,243.539901733398,32.3061943054199,bll,9.518115184903306e-10,PMN J0942-0800
1FDL J1233.7-0146,293.865751973477,60.777733038813,188.445329524461,-1.78282920537701,1.3222642009993748e-09,0.0423202933570352,0.0686190957912407,True,4FGL J1233.7-0144,293.831024169922,60.8157577514649,bll,9.715604987192703e-10,NVSS J123341-014426
1FDL J2322.6-4915,334.660946942391,-62.0451422437535,350.667108865241,-49.2556863995431,1.319736657529313e-09,0.0442605003373645,0.0717649828356942,True,4FGL J2322.8-4916,334.595825195313,-62.0523948669434,bll,7.095382614785706e-10,SUMSS J232254-491629
1FDL J1220.3-3709,296.07628184004,25.2987105206164,185.076988375081,-37.1582956877608,5.250670917424217e-10,0.0503013155941712,0.0815596970698032,True,4FGL J1220.2-3713,296.079162597656,25.2332725524902,bcu,3.5631586570161744e-10,2MASS J12201982-3714137
1FDL J1240.2-7149,302.049493426825,-8.97770556516488,190.063321955994,-71.8302871416135,1.316728270255226e-09,0.0453688943764571,0.0735621696484987,True,4FGL J1240.4-7148,302.065460205078,-8.96231555938721,bcu,7.451468886365831e-10,2MASS J12402118-7148578
1FDL J1010.1-3120,266.900495048116,20.0196595966355,152.535458894193,-31.3413945686513,1.3145197634747147e-09,0.0519856634093456,0.0842907352620536,True,4FGL J1010.2-3119,266.912963867188,20.0549297332764,bll,6.125620011232512e-10,1RXS J101015.9-311909
1FDL J1307.8-6700,304.534877539692,-4.19292178616118,196.956195218726,-67.013653834814,1.309372091645147e-09,0.0455930299851611,0.0739255798732038,True,4FGL J1308.4-6706,304.5888671875,-4.29107093811035,bcu,9.232420383753491e-10,PKS 1304-668
1FDL J1902.9-6750,327.718596975418,-26.0532671112923,285.744038630787,-67.8447194152498,1.3080166733629452e-09,0.0518235578330762,0.0840278976492428,True,4FGL J1902.9-6748,327.760284423828,-26.0474376678467,fsrq,1.3013518040949632e-09,PMN J1903-6749
1FDL J2321.7-6439,317.602751822395,-49.839698022276,350.428384176528,-64.6551123544097,1.3033516317494186e-09,0.0518530591460368,0.0840757324689722,True,4FGL J2321.7-6438,317.608032226563,-49.8491249084473,bll,6.15074935428339e-10,PMN J2321-6438
1FDL J1829.4+4846,77.2547243974954,23.5324897830795,277.351895693879,48.7795077232382,1.3031082070337938e-09,0.0493198593191828,0.0799683405530317,True,4FGL J1829.5+4845,77.2478713989258,23.4982051849365,css,1.4608201315269296e-09,3C 380
1FDL J1946.0-3112,8.98167951542693,-24.5732444090463,296.504893500699,-31.2107087947025,1.3023532555551582e-09,0.0472019841699338,0.0765343723774209,True,4FGL J1946.0-3112,8.98525428771973,-24.5702991485596,bll,7.582536820649465e-10,PKS 1942-313
1FDL J1027.0-8543,300.186473779977,-23.6497109402139,156.771352527642,-85.7281498302816,1.301031584973914e-09,0.0471865169364489,0.0765092980585846,True,4FGL J1027.0-8542,300.178619384766,-23.6402854919434,bll,9.868781347677211e-10,PKS 1029-85
1FDL J0343.9+3157,160.525042071331,-18.050693458619,55.9841966356086,31.9511124499312,1.3005643340924053e-09,0.0990767708391057,0.160645339484632,True,4FGL J0344.2+3203c,160.514572143555,-17.9231071472168,bcu,7.26475823942252e-10,1RXS J034418.2+320903
1FDL J0258.0+2023,159.048595495585,-33.4574014794913,44.503190173988,20.3909791926454,1.2999727238657046e-09,0.0498835689456805,0.0808823628760008,True,4FGL J0258.1+2030,159.002624511719,-33.3352432250977,bll,5.10067932335545e-10,MG3 J025805+2029
1FDL J2219.5+1808,79.5543654260913,-31.6544706275577,334.892740053004,18.1403848886224,1.2990609260714418e-09,0.0452857029624521,0.0734272706907721,True,4FGL J2219.2+1806,79.457405090332,-31.6344165802002,fsrq,1.4180592255996771e-09,MG1 J221916+1806
1FDL J1613.4+3408,55.0527676687525,46.4165555239698,243.368457052253,34.149005571335,1.2987156680256305e-09,0.047517398659158,0.0770457983963653,True,4FGL J1613.6+3411,55.1292762756348,46.3774108886719,fsrq,8.577658583419633e-10,OS 319
1FDL J1505.6+3729,61.6333544955688,60.0035376027639,226.408591670168,37.4877010449779,1.298183963567859e-09,0.0486485477501859,0.0788798683062905,True,4FGL J1506.1+3731,61.6577644348145,59.8996353149414,fsrq,1.797074600240478e-09,B2 1504+37
1FDL J1901.5-3651,0.0056476471068549,-17.7502605415824,285.386038359443,-36.8517695856035,1.2981715286425938e-09,0.0964815421462686,0.156437377930023,False,,,,,,
1FDL J0038.9+6256,121.51607862833,0.11165827717114,9.74501809466086,62.9491533032256,1.2966181006090411e-09,0.0674083647356085,0.109297446235638,True,4FGL J0039.1+6257,121.535308837891,0.121891491115093,,1.982404240763458e-09,
1FDL J1351.3+1116,347.442780726919,68.7929470751244,207.84566331274,11.2751334878079,1.295128558554381e-09,0.0488113844799408,0.079143896654076,True,4FGL J1351.3+1115,347.394226074219,68.7751159667969,bll,7.540652546822456e-10,RX J1351.3+1115
1FDL J0001.1-0750,88.920270003066,-67.3257940554341,0.287756722870339,-7.83684639307769,1.292714797094846e-09,0.0496081700747328,0.0804358195627864,True,4FGL J0001.2-0747,89.0327224731445,-67.3050079345703,bll,8.23205059674592e-10,PMN J0001-0746
1FDL J1748.7-2022,7.69976158443199,3.82993023272246,267.17757248337,-20.3702727400192,1.2892893641069863e-09,0.0571402466204607,0.0926484935139892,True,4FGL J1748.9-2021,7.73882675170898,3.79300856590271,glc,2.037763957574157e-09,NGC 6440
1FDL J1102.9+1154,238.513953626689,60.3598956682451,165.738466460251,11.9034127855684,1.2871392088687519e-09,0.0515207218639547,0.083536880723592,True,4FGL J1103.0+1157,238.449142456055,60.4223976135254,fsrq,1.2188088316378296e-09,TXS 1100+122
1FDL J1925.6+1228,47.9137555364898,-1.76003621019484,291.409040941401,12.4718420328109,1.2854789222666088e-09,0.103307167543618,0.167504609368808,True,4FGL J1925.7+1227,47.9170112609863,-1.7828494310379,bcu,1.559986029242566e-09,TXS 1923+123
1FDL J1415.2+4830,91.3156813678056,63.1490595833805,213.803103856337,48.515996399645,1.2841220990142097e-09,0.049315451780779,0.0799611997356846,True,4FGL J1415.5+4830,91.2130508422852,63.1054344177246,bll,6.394165197320945e-10,RX J1415.5+4830
1FDL J1658.5-5322,334.889277126505,-6.59687626820913,254.647008127241,-53.3684265304682,1.2838884147758581e-09,0.0692771818993858,0.112327604054561,True,4FGL J1658.6-5323,334.869262695313,-6.61541652679443,PSR,2.6741466818691606e-09,PSR J1658-5324
1FDL J1736.0+2031,44.043920815093,25.4196331711164,264.004810948518,20.5269586074276,1.2832398564366155e-09,0.0416910990964598,0.0675988949813317,True,4FGL J1736.0+2033,44.0789566040039,25.4180450439453,bll,5.315775042369353e-10,NVSS J173605+203301
1FDL J0600.4-7034,281.001122204625,-29.6911699393704,90.1152760454388,-70.570572179136,1.2818424212120415e-09,0.0486451739286704,0.0788743911925442,True,4FGL J0601.1-7035,281.020324707031,-29.630485534668,fsrq,1.6378419731566394e-09,PKS 0601-70
1FDL J1012.6+0632,234.207224152533,47.0707541704348,153.154431669597,6.54145844420362,1.280869723037934e-09,0.0440391493133522,0.0714060800737788,True,4FGL J1012.3+0629,234.204315185547,46.9850158691406,bll,1.0183888177195401e-09,NRAO 350
1FDL J1309.6+1157,319.563929714036,74.2401787006663,197.41728665848,11.9600905625526,1.2804005145485035e-09,0.0473328280745938,0.0767465226555747,True,4FGL J1309.7+1153,319.574310302734,74.1739654541016,bll,5.551974990858355e-10,4C +12.46
1FDL J1518.3-5237,324.270886924091,4.05549663955886,229.58001703618,-52.6222011998977,1.280041824034686e-09,0.0462490433519535,0.0749892556006524,True,4FGL J1517.9-5233,324.259765625,4.14212942123413,,1.714866915136781e-09,
1FDL J0410.6+4221,157.561161135117,-6.73284887226661,62.6564465580279,42.3620855379557,1.2789357283870554e-09,0.0440241486087068,0.0713817593090059,True,4FGL J0410.9+4216,157.662506103516,-6.7540545463562,bcu,7.730084905510636e-10,B3 0407+421
1FDL J0648.7+1518,198.956751409303,6.33204138075369,102.18869541127,15.3023558710831,1.2781917202802047e-09,0.0485055189879315,0.0786479545045993,True,4FGL J0648.7+1516,198.976943969727,6.32399797439575,bll,1.201083343893572e-09,RX J0648.7+1516
1FDL J0021.9-1856,81.7004492603886,-79.3727485434575,5.47565883803457,-18.9490838921599,1.2739167267127208e-09,0.042499225934826,0.0689092147466101,True,4FGL J0022.1-1854,82.0826568603516,-79.3743515014648,bll,8.571295895265506e-10,1RXS J002209.2-185333
1FDL J2050.1+0409,51.4215471575885,-23.9809859316471,312.539179706755,4.16070349038979,1.2735537530190942e-09,0.0466840875575127,0.0756946471167643,True,4FGL J2050.0+0408,51.3901977539063,-23.9741630554199,bll,7.390896783476818e-10,PKS 2047+039
1FDL J0850.0-1211,238.619871282168,19.5256944967537,132.523406075466,-12.1923160351687,1.2702916401927643e-09,0.0499849476760343,0.0810467323891291,True,4FGL J0850.1-1212,238.64762878418,19.5286521911621,fsrq,2.095232209953224e-09,PMN J0850-1213
1FDL J1622.9-0316,10.6800819004144,30.6747820491826,245.73561211502,-3.28116044034926,1.2681185049108128e-09,0.0436696709494801,0.0708069982850047,True,4FGL J1623.0-0315,10.7072830200195,30.6709804534912,PSR,1.077923084125132e-09,PSR J1622-0315
1FDL J1554.0+8511,118.947546249672,30.4311535544531,238.51103266512,85.1940490059988,1.2657793316668794e-09,0.0431996874284878,0.0700449563543843,True,4FGL J1600.0+8510,118.829666137695,30.3530216217041,bcu,4.5279663352104644e-10,WN B1609.6+8517
1FDL J1540.1+8153,116.449509746286,32.9863686884448,235.03977689236,81.892352895755,1.265642937391781e-09,0.0535504659137423,0.0868279463279776,True,4FGL J1540.1+8155,116.47403717041,32.9645881652832,bll,6.03747440930391e-10,1ES 1544+820
1FDL J1006.6-2158,259.781072292519,26.7692980740821,151.673835265045,-21.9831691832128,1.2650066250785585e-09,0.0507401736765234,0.0822712727857262,True,4FGL J1006.7-2159,259.801910400391,26.7751121520996,fsrq,2.2117696563128675e-09,PKS 1004-217
1FDL J1514.9-6242,318.567109707444,-4.27583223856784,228.740849366633,-62.7063272821791,1.2615186633321108e-09,0.0840545422137411,0.136287958089219,True,4FGL J1514.0-6240,318.492919921875,-4.18966150283814,,5.123851898325427e-10,
1FDL J0743.7+7440,140.15130445926,29.5383028868829,115.937864310812,74.6679005862658,1.261264929537285e-09,0.0415415158717466,0.0673563636542061,True,4FGL J0744.1+7434,140.251998901367,29.5714950561523,bll,4.2208014860989346e-10,MS 0737.9+7441
1FDL J2255.1+2411,91.6148730353808,-31.5113545874453,343.794075624745,24.1968660171285,1.260896502290879e-09,0.0484430092307901,0.0785466103744578,True,4FGL J2255.2+2411,91.6295852661133,-31.5321559906006,bll,1.018473083647109e-09,MG3 J225517+2409
1FDL J1532.5+3017,47.8338922119356,54.717915551805,233.133589346325,30.2932860444131,1.2601418646162898e-09,0.0449500477219731,0.0728830361468406,True,4FGL J1532.0+3016,47.7754936218262,54.8169555664063,bll,4.394395680673568e-10,RX J1531.9+3016
1FDL J1716.2-2808,357.13519280293,5.8246733197494,259.073519621964,-28.1382826179067,1.2588811191708529e-09,0.0591731438909199,0.0959446935251834,True,4FGL J1716.7-2808,357.181243896484,5.74428749084473,glc,1.685801165329792e-09,NGC 6316
1FDL J2214.6+2959,86.841117528754,-21.6750054478808,333.656597322049,29.9947662125517,5.0036255328298665e-09,0.0392542417852939,0.0636477204118013,True,4FGL J2214.6+3000,86.8580627441406,-21.6727447509766,PSR,5.924544854707392e-09,PSR J2214+3000
1FDL J0416.6-1853,214.360822711562,-42.3881353969587,64.1573710815729,-18.8924615224555,1.2553168547463814e-09,0.0490291974144842,0.0794970643886342,True,4FGL J0416.5-1852,214.326522827148,-42.399169921875,fsrq,6.628306792322292e-10,PKS 0414-189
1FDL J1105.3-7746,297.288548575789,-16.0866362890515,166.346087208121,-77.7804348638093,1.2550808986376561e-09,0.0985044570588285,0.159717378092553,False,,,,,,
1FDL J1106.0+2815,203.980721418463,66.6880585966538,166.510337912829,28.2655810159909,1.249902567007845e-09,0.0522075022187103,0.0846504301758345,True,4FGL J1106.0+2813,204.080902099609,66.6782608032227,fsrq,7.741885466039378e-10,MG2 J110606+2812
1FDL J1704.6-0526,14.9610419940937,20.7911816914678,256.150159434016,-5.44283306290297,1.2485234966762647e-09,0.0452515131679417,0.0733718350733866,True,4FGL J1704.5-0527,14.9370107650757,20.7910537719727,bll,9.164532466243711e-10,NVSS J170433-052839
1FDL J1355.8-6431,309.794973588442,-2.50955552250085,208.97037925166,-64.5191638557489,1.2454358420364096e-09,0.0893872985480264,0.144934611944418,True,4FGL J1356.9-6432,309.899658203125,-2.55807876586914,PSR,2.5234305756072213e-09,PSR J1357-6429
1FDL J1849.2-4316,352.824946666514,-17.8404320569248,282.311470868559,-43.2728567850516,1.2448394986766012e-09,0.0489783368919371,0.0794146021958318,True,4FGL J1849.4-4313,352.889282226563,-17.8567886352539,bll,1.2546301775273603e-09,PMN J1849-4314
1FDL J0526.3-4829,254.961974936942,-33.7446972305317,81.5823622985598,-48.4839661774862,1.2420761995892866e-09,0.0489403632347097,0.0793530268077305,True,4FGL J0526.2-4830,254.998687744141,-33.7541961669922,fsrq,2.657248643345156e-09,PKS 0524-485
1FDL J0802.7-0335,224.537112993345,14.0987020483616,120.699528550615,-3.58724842465729,1.2410445164919894e-09,0.0445754835950591,0.0722757108169813,True,4FGL J0803.2-0337,224.628356933594,14.1923894882202,fsrq,9.830404268384996e-10,TXS 0800-034
1FDL J2108.1+5158,92.2426540133773,2.93352521283486,317.033372808505,51.968898016017,1.2373203620994909e-09,0.0780796820199319,0.126600175168781,True,4FGL J2108.0+5155,92.2052078247071,2.91320610046387,,1.7958852183141971e-09,
1FDL J1310.0-6230,305.077109161153,0.283744552874174,197.510859207666,-62.5104824978217,1.2339707917167363e-09,0.16431955047706,0.266431490789874,True,4FGL J1309.1-6223,304.979644775391,0.405591815710068,,2.8646012228961126e-09,
1FDL J0725.6-0055,217.679408708316,7.1895842289956,111.419544044878,-0.917489386658037,1.233794983190203e-09,0.0459214084423062,0.0744580230944164,True,4FGL J0725.8-0054,217.699127197266,7.23604249954224,bcu,9.717340265780192e-10,PKS 0723-008
1FDL J2129.6-0433,48.8265661460208,-36.9643629771406,322.424933480081,-4.55640259137661,1.2334035667993608e-09,0.0440672073792109,0.0714515740459481,True,4FGL J2129.8-0428,48.9326019287109,-36.9601364135742,PSR,1.1509045938495888e-09,PSR J2129-0429
1FDL J1755.6+5524,83.5008997439839,29.8150466474776,268.90587710583,55.4007249210656,1.2327834630927512e-09,0.0460617919613786,0.0746856410466261,True,4FGL J1756.3+5522,83.4875106811523,29.7145099639893,bll,4.2135878119964327e-10,RX J1756.1+5522
1FDL J1649.2+5240,80.2905046857944,39.5537524362294,252.321562805826,52.6693433070171,1.2325266543282956e-09,0.045027486900899,0.0730085999908289,True,4FGL J1649.4+5235,80.1847763061523,39.536792755127,bll,1.0571115094393235e-09,87GB 164812.2+524023
1FDL J0816.6+5741,159.819784171858,33.9313063336876,124.161469283981,57.6863317656157,1.2253518195258683e-09,0.0515457883891063,0.0835775162092853,True,4FGL J0816.3+5739,159.850952148438,33.8991584777832,bll,1.2195172649498431e-09,SBS 0812+578
1FDL J1302.1-3257,305.533067514943,29.8611324936147,195.547944156051,-32.9562964341672,1.2252872658363792e-09,0.0526143333233781,0.0853100830051657,True,4FGL J1302.4-3258,305.604949951172,29.8449687957764,PSR,2.093071271858093e-09,PSR J1302-3258
1FDL J1337.3-1258,319.905641287088,48.3829646374127,204.335797358639,-12.9700743009618,1.2247093684395235e-09,0.0480761899829623,0.0779518395244403,True,4FGL J1337.6-1257,320.037719726563,48.3776664733887,fsrq,1.717147757318571e-09,PKS 1335-127
1FDL J1231.4-6510,300.836837972197,-2.37646223960524,187.869975049967,-65.1669911096185,1.220636634134073e-09,0.0728434431110552,0.118110029873696,True,4FGL J1231.6-6511,300.858551025391,-2.40167140960693,,1.6800698610097695e-09,
1FDL J2102.4+4701,87.9492279396472,0.318802035677398,315.60024053729,47.0304064119295,1.219786324488103e-09,0.0501238516439784,0.0812719580110639,True,4FGL J2102.3+4702,87.9481811523438,0.337765246629715,bcu,1.558119966382776e-09,MG4 J210218+4702
1FDL J1118.2+5356,149.137064715186,58.1829034053946,169.559044953442,53.9447341482318,1.214589269630292e-09,0.0512090037898478,0.083031450475173,True,4FGL J1118.0+5356,149.189056396484,58.1693420410156,bll,8.563033060404733e-10,NVSS J111757+535553
1FDL J2024.0-0845,35.5642267996673,-24.5399258547526,306.017475068301,-8.7544874829417,1.2142606464813764e-09,0.0465206514917684,0.0754296505226738,True,4FGL J2024.4-0847,35.5680160522461,-24.6450595855713,bll,5.628185695272235e-10,1RXS J202428.9-084810
1FDL J0317.0-6433,281.396089294343,-46.0093080489639,49.2672201997073,-64.5604986085828,1.2140076963196604e-09,0.0441759074419391,0.0716278271731158,True,4FGL J0316.2-6437,281.555633544922,-46.0350494384766,bll,5.397273183938012e-10,SUMSS J031614-643732
1FDL J0706.8+7742,136.749780974527,27.2769286226689,106.719727915636,77.7158164983558,1.2074928282655759e-09,0.0513496719034903,0.0832595352538288,True,4FGL J0706.8+7742,136.767379760742,27.2773513793945,bll,1.1230346652624235e-09,NVSS J070651+774137
1FDL J1033.7-5037,281.772684573967,6.50491062781316,158.436653552682,-50.6226845099042,1.2060652376571152e-09,0.038311648479043,0.0621193863084457,True,4FGL J1033.5-5035,281.723327636719,6.51863813400269,bcu,7.895263332002854e-10,2MASS J10333216-5035287
1FDL J1314.7-5334,306.434734203036,9.13063529432683,198.691451472198,-53.5823799457558,1.20554836949399e-09,0.0517286360545054,0.0838739896005798,True,4FGL J1315.1-5333,306.500061035156,9.14220523834228,bll,1.8737502660570726e-09,PMN J1315-5334
1FDL J2034.2-4206,358.989751431512,-36.3073380773689,308.563696450795,-42.1016377306482,4.798432169402804e-10,0.0489497793671101,0.0793682884615762,True,4FGL J2034.8-4200,359.12744140625,-36.4039535522461,bll,3.4062550002822434e-10,2MASS J20345108-4200386
1FDL J0127.4+0324,140.199749416615,-58.2545844666949,21.8607632467986,3.40490140472818,1.2023884615785441e-09,0.047190530130544,0.0765158015151843,True,4FGL J0127.2+0324,140.127853393555,-58.2565460205078,bll,4.914906814867948e-10,NVSS J012713+032259
1FDL J1312.6-0423,312.965100085272,58.0666768555497,198.162377294368,-4.3912625175701,1.1999320129038602e-09,0.0486743272305017,0.0789216696975972,True,4FGL J1312.8-0425,313.058380126953,58.0301818847656,fsrq,1.521146320015987e-09,PKS B1310-041
1FDL J0428.3-6707,279.163381329111,-38.4931211784277,67.0816883166129,-67.1182281847078,1.1986568731705167e-09,0.0446311881614554,0.0723660355927193,True,4FGL J0427.8-6704,279.144287109375,-38.5517044067383,LMB,6.569941257694721e-10,1SXPS J042749.2-670434
1FDL J0508.4-6104,270.40739945296,-35.8771791466318,77.1181903514822,-61.0760584559397,1.198025549324101e-09,0.0485898555585991,0.078784700874329,True,4FGL J0507.7-6104,270.43017578125,-35.9651260375977,fsrq,6.699366061901911e-10,PMN J0507-6104
1FDL J1203.5+6031,133.3382243182,55.6213610732417,180.894571387679,60.5294313777483,1.1978419539212696e-09,0.0479433088296503,0.077736381622302,True,4FGL J1203.1+6031,133.432495117188,55.6149635314941,bll,7.689425762791301e-10,SBS 1200+608
1FDL J1904.8-0712,28.0199822292903,-6.24579725894858,286.211757268717,-7.201593904766,1.1972741337944989e-09,0.0667308178917591,0.108198888969831,True,4FGL J1904.7-0708,28.0696029663086,-6.20076322555542,,1.8158581305272039e-09,
1FDL J0523.3-2527,228.182795426577,-29.8257590346516,80.834464019281,-25.4604642727797,1.1928098039071484e-09,0.0518917176096526,0.0841384143205465,True,4FGL J0523.3-2527,228.184936523438,-29.8288955688477,bin,2.2123121112826993e-09,CRTS J052316.9-252737
1FDL J1823.5-3021,2.77808643830754,-7.8810256707381,275.879950945904,-30.3554037553514,1.1915079928012388e-09,0.0504603417994747,0.0818175509950641,True,4FGL J1823.5-3020,2.78794503211975,-7.88723993301392,PSR,2.128295095715771e-09,PSR J1823-3021A
1FDL J0838.7-2826,250.561327010808,7.81971489144065,129.692367224372,-28.4434570643369,1.1900081068377054e-09,0.0501255538080763,0.0812747183825881,True,4FGL J0838.7-2827,250.572387695313,7.80959415435791,bin,1.3319696456903782e-09,XMMU J083850.3-282756
1FDL J0713.5+1933,197.629692335843,13.5040226940156,108.390023400176,19.5641603472624,1.188902937240291e-09,0.0479519779120577,0.0777504338558344,True,4FGL J0713.8+1935,197.637268066406,13.5779104232788,fsrq,1.441903818566459e-09,MG2 J071354+1934
1FDL J0029.1-7045,305.588197422358,-46.2545420125722,7.27934738991738,-70.7584199319245,1.1885214934508523e-09,0.0520055745767477,0.0843230266988045,True,4FGL J0029.0-7044,305.604736328125,-46.2702484130859,bll,4.677603304692467e-10,PKS 0026-710
1FDL J1500.8+2238,31.4401608824359,60.3841217578932,225.221523632366,22.6414629490574,1.1863717590670706e-09,0.0502604222269927,0.0814934013235326,True,4FGL J1501.0+2238,31.4477519989014,60.3514823913574,bll,1.176385877599273e-09,MS 1458.8+2249
1FDL J1033.0+4117,177.351123958024,58.3592726882611,158.261743446504,41.2890487391393,1.1863177814697626e-09,0.0528240045311058,0.085650052843656,True,4FGL J1033.1+4115,177.395629882813,58.3762664794922,fsrq,9.914302712132892e-10,S4 1030+41
1FDL J1446.6-4701,322.513012285577,11.4181346166382,221.669750158556,-47.0251416031602,1.1837836026920011e-09,0.0520859975983786,0.0844534287199892,True,4FGL J1446.6-4701,322.502105712891,11.4205932617188,PSR,1.1378662456706934e-09,PSR J1446-4701
1FDL J2206.5-0030,59.8908723965147,-42.3431160890017,331.648688321487,-0.510866665241064,1.1804432686481242e-09,0.0524392991044507,0.0850262756625444,True,4FGL J2206.8-0032,59.9024887084961,-42.4121704101563,bll,8.769960868626471e-10,PMN J2206-0031
1FDL J1846.2+0504,36.8642910568194,3.46580970088681,281.560031788504,5.07664533314024,1.1789700157334183e-09,0.051249460726319,0.0830970479525697,True,4FGL J1846.0+0507,36.8862113952637,3.53563737869263,,7.759204390112018e-10,
1FDL J1817.9-2001,11.3815203110691,-1.96561053749204,274.483407702849,-20.0205887583246,1.1785113242717096e-09,0.108810790178526,0.176428309603878,True,4FGL J1818.1-2000,11.4074764251709,-2.00445628166199,,1.13803877432872e-09,
1FDL J0750.7-5129,264.893441309067,-12.4117266439526,117.699399033622,-51.4970888633058,1.1784407721958215e-09,0.0473879031981133,0.0768358198142928,True,4FGL J0751.0-5131,264.94287109375,-12.3888731002808,bcu,1.3060567072287201e-09,PMN J0751-5134
1FDL J0440.4+2550,174.073918676049,-13.5537873273726,70.1223256952208,25.8462606802483,1.1766783423210888e-09,0.0903193290647802,0.146445832737972,False,,,,,,
1FDL J0651.1+4015,175.913400903144,17.0865155805883,102.789956062512,40.2528770606018,1.1737683639722978e-09,0.0494152182668478,0.080122957928488,True,4FGL J0651.0+4013,175.928604125977,17.0664176940918,bcu,5.394703017636003e-10,RX J0651.0+4013
1FDL J0409.6-0356,195.791080159055,-37.4042521460627,62.4012772122486,-3.93463180921772,1.1682860742071864e-09,0.0468601481965164,0.0759801115914482,True,4FGL J0409.8-0359,195.887161254883,-37.3789291381836,bll,6.773752114774823e-10,NVSS J040946-040003
1FDL J1714.6-3323,352.624172421957,3.07148673393139,258.658780109333,-33.3990912858665,1.1678161582934847e-09,0.0685713719774444,0.111183190780047,True,4FGL J1714.9-3324,352.651031494141,3.00925946235657,,1.6216503695432039e-09,
1FDL J0932.7+8607,126.329054532031,29.5952127254071,143.187379561348,86.1245673754304,1.166818214463615e-09,0.0538506909865007,0.0873147353109927,True,4FGL J0930.3+8612,126.287338256836,29.5162010192871,bll,7.988182892937346e-10,S5 0916+864
1FDL J1511.8-0518,354.534862635533,43.0542617056102,227.969361705826,-5.3145465841074,1.1661450146972186e-09,0.0567731064200957,0.0920532176527913,True,4FGL J1511.8-0513,354.613586425781,43.1277923583984,bll,7.257339729171973e-10,NVSS J151148-051345
1FDL J1353.3+1436,355.080746201413,70.9122195842983,208.336338255236,14.615255021223,1.1657122491403486e-09,0.0518952346379432,0.0841441213561046,True,4FGL J1353.3+1434,354.990875244141,70.8854598999023,bll,4.800960740070082e-10,OP 186
1FDL J1007.1+3454,190.041171952429,54.2092515586929,151.786498384539,34.9130254695637,4.633632646113871e-10,0.0633813636308812,0.102768002500333,True,4FGL J1007.0+3455,190.027648925781,54.1875457763672,bll,2.2897603257909796e-10,EXO 1004.0+3509
1FDL J2055.8+2540,70.6989853626924,-12.5255404237434,313.966169070321,25.6715164871645,5.8294319913386795e-09,0.0406336189809727,0.0658842762894818,True,4FGL J2055.8+2540,70.6974639892578,-12.5197162628174,PSR,9.214232932208688e-09,PSR J2055+2539
1FDL J1434.3+1950,21.2806192553009,65.3586246839566,218.589702640607,19.8476619905556,1.1629741993846104e-09,0.050501556423845,0.0818843823989618,True,4FGL J1434.7+1950,21.3530750274658,65.2843170166016,fsrq,1.96033211885549e-09,OQ 253
1FDL J1954.2-1119,29.6683707236532,-18.9984244692912,298.550432414439,-11.3234898076907,1.162656757169722e-09,0.0478582258942017,0.0775984236723982,True,4FGL J1954.6-1122,29.6648578643799,-19.1285610198975,bll,1.1085753426343103e-09,TXS 1951-115
1FDL J2324.2-4042,350.238308139212,-67.4864803965331,351.063660889173,-40.7157449307583,1.1619219604614412e-09,0.0497624142138799,0.0806859230094429,True,4FGL J2324.7-4041,350.192810058594,-67.5800323486328,bll,1.0472218647805676e-09,1ES 2322-409
1FDL J0348.7-2748,224.52534542848,-50.8775454890714,57.1941662694419,-27.814269750323,1.1594870967686384e-09,0.0500890704190753,0.0812155628138607,True,4FGL J0348.5-2749,224.538024902344,-50.9259834289551,fsrq,3.396545267264628e-09,PKS 0346-27
1FDL J1758.8-4106,350.817936854934,-8.4681312239735,269.711303803469,-41.1075109826511,1.1585822750029473e-09,0.0528133393404214,0.0856327619982075,True,4FGL J1758.7-4109,350.7724609375,-8.48031711578369,,1.050951214942586e-09,
1FDL J1913.3-3635,1.12336104324331,-19.8722375260894,288.327044168495,-36.5956449827831,1.158465754229542e-09,0.0822637546512242,0.133384327335546,True,4FGL J1913.4-3629,1.23744797706604,-19.8541660308838,bcu,8.401887519049466e-10,PMN J1913-3630
1FDL J1735.3-0710,17.5244562563795,13.3394211697122,263.847535925411,-7.17324536176544,1.1581134888925146e-09,0.0529009439612001,0.085774794074086,True,4FGL J1735.3-0717,17.4210739135742,13.289511680603,,9.40190036935462e-10,
1FDL J0547.0+0011,205.248868468574,-14.2023741715703,86.7510075921222,0.199046706676487,1.1521220274730597e-09,0.0860209165131069,0.139476280929028,False,,,,,,
1FDL J2126.4-4607,353.55911688106,-45.6324431574093,321.617158690201,-46.1167119823441,1.1501427866237163e-09,0.0535523727193173,0.0868310390294913,True,4FGL J2126.3-4605,353.588653564453,-45.6193618774414,FSRQ,8.075524693396118e-10,PKS 2123-463
1FDL J1048.1-6217,289.129705014606,-2.77510648894925,162.026103109577,-62.2949854823968,1.1443377897744093e-09,0.0566597679365051,0.0918694518467269,True,4FGL J1047.8-6216,289.093322753906,-2.77074837684631,bcu,1.2980481134405863e-09,PMN J1047-6217
1FDL J1640.5-4915,336.260272236538,-1.80973641042662,250.149249927255,-49.2571184838151,1.1416772840912663e-09,0.0821421321097498,0.133187137832117,True,4FGL J1640.3-4917,336.205596923828,-1.7956508398056,,1.455590425969433e-09,
1FDL J0047.8+3947,122.179522163018,-23.0671632345183,11.9584467448594,39.7993190046908,1.1415542624541895e-09,0.0508971035862214,0.0825257266097278,True,4FGL J0047.9+3947,122.194389343262,-23.0691890716553,bll,7.808438340362044e-10,B3 0045+395
1FDL J1842.6-5839,336.976701296752,-21.818884483495,280.65832461074,-58.6597459070523,3.6009754455511523e-10,0.0743116825468381,0.120490659684486,True,4FGL J1842.4-5840,336.947998046875,-21.8012847900391,bll,2.22399973437426e-10,1RXS J184230.6-584202
1FDL J2328.4-4035,349.444110199265,-68.2299807899143,352.106727697982,-40.5887074912421,1.1386275298033905e-09,0.050623473550639,0.0820820521916464,True,4FGL J2328.3-4036,349.436706542969,-68.205924987793,fsrq,1.8497937626094083e-09,PKS 2325-408
1FDL J0303.7-6212,280.254024575871,-48.6858503079784,45.9424375916803,-62.2051213468366,1.1386220764999547e-09,0.0425378046744948,0.0689717691008112,True,4FGL J0303.6-6211,280.245635986328,-48.7023124694824,fsrq,8.691443120767416e-10,PKS 0302-623
1FDL J0352.5-6833,282.856911379223,-40.7966727320474,58.1449324210753,-68.551270447618,3.6003287625398216e-10,0.0844061645774448,0.136858089829194,True,4FGL J0353.0-6831,282.797271728516,-40.7699012756348,bll,2.3391008574513705e-10,PKS 0352-686
1FDL J0218.0+4229,139.51851130758,-17.5732578101228,34.5174509968269,42.4911476444391,4.529105946741145e-09,0.0380739314054372,0.0617339431230675,True,4FGL J0218.1+4232,139.511016845703,-17.517557144165,PSR,5.114442203080216e-09,PSR J0218+4232
1FDL J1419.7+5423,98.301635902568,58.3073768837113,214.948343619035,54.3912527722615,1.1374856329684925e-09,0.0535942981139243,0.0868990217174913,True,4FGL J1419.8+5423,98.2989120483398,58.3030204772949,bll,1.1688031653633855e-09,OQ 530
1FDL J0206.5-1152,175.692219166097,-66.6964296425997,31.6329509108167,-11.8718175320616,1.1331085589278145e-09,0.0490956658286535,0.0796048339584458,True,4FGL J0206.4-1151,175.612991333008,-66.7086791992188,fsrq,1.068126587178142e-09,PMN J0206-1150
1FDL J0540.3+5825,153.899976828224,14.249866501061,85.0844966099287,58.4172700473204,1.1319749076342797e-09,0.0496738667160245,0.0805423450273126,True,4FGL J0540.5+5823,153.943145751953,14.2647695541382,bll,5.945328118706071e-10,GB6 J0540+5823
1FDL J1802.8-6712,326.754955141406,-20.3540531308838,270.709318189225,-67.209014486697,1.1296244400217238e-09,0.048877707889683,0.079251435146977,True,4FGL J1803.1-6708,326.841094970703,-20.3558025360107,,7.654060718564891e-10,
1FDL J2115.5+5453,95.1334750713482,4.11762322546152,318.896266207753,54.8838039443926,1.129072734666233e-09,0.0516717089498644,0.0837816884938101,True,4FGL J2115.1+5449,95.043083190918,4.1203556060791,PSR,1.3894064787578484e-09,PSR J2115+5448
1FDL J2227.6+0033,65.6923409900027,-45.72598306932,336.909374632011,0.556327672925028,1.1284172589647002e-09,0.0499350333890392,0.0809658037431487,True,4FGL J2227.9+0036,65.8281631469727,-45.7420043945313,bll,8.704605924947372e-10,PMN J2227+0037
1FDL J1001.9-5727,281.672687406129,-1.75886262535654,150.498218942737,-57.4613335241995,1.1279782356180294e-09,0.134731071206801,0.218456001521257,False,,,,,,
1FDL J1154.1-3240,289.197916816097,28.6709501262685,178.532914850488,-32.6678914115731,1.125714240417389e-09,0.0497381068921297,0.0806465023958021,True,4FGL J1154.1-3243,289.22119140625,28.6235542297363,bll,1.231807544854746e-09,PKS 1151-324
1FDL J1909.8-2139,15.2882483497829,-13.5650638688855,287.450877395345,-21.664930446407,4.4814686224104706e-10,0.066354452990815,0.107588623666494,True,4FGL J1909.7-2140,15.270094871521,-13.5488529205322,bcu,3.288778693821825e-10,TXS 1906-217
1FDL J0912.3+4127,180.289207930527,43.3719256534452,138.097435928467,41.4600970657717,1.1240225911980582e-09,0.0521516732663279,0.0845599163372882,True,4FGL J0912.2+4127,180.294311523438,43.3407821655273,fsrq,5.604716690754684e-10,B3 0908+416B
1FDL J0214.1+5144,135.71956400467,-9.07309150339325,33.5257602179486,51.7344049425101,1.12351128757196e-09,0.0557334333398419,0.0903674521394035,True,4FGL J0214.3+5145,135.753173828125,-9.0380973815918,bll,4.57097082406932e-10,TXS 0210+515
1FDL J2334.9+1430,96.5611008108045,-44.4102309652621,353.727284702354,14.5076408000677,1.1223173583591073e-09,0.0507315382919306,0.0822572709932334,True,4FGL J2334.8+1432,96.5715637207031,-44.3840446472168,bll,9.762171071514556e-10,NVSS J233453+143214
1FDL J1842.4+2734,57.0389177683173,14.0012797433994,280.62114844068,27.5828671360112,1.1205181098260264e-09,0.0484928525731802,0.0786274127594985,True,4FGL J1842.1+2737,57.0481071472168,14.0857458114624,,8.080275892830001e-10,
1FDL J1048.5+7234,134.740980209215,41.6162181272616,162.131352668229,72.5765421025611,1.119686598035362e-09,0.0612942962616653,0.0993839813541946,True,4FGL J1047.7+7238,134.748626708984,41.5292434692383,bll,4.6301310008267644e-10,GB6 J1047+7238
1FDL J1829.6+5403,82.876848490723,24.7580123883714,277.40757758024,54.0535051393041,1.1189468035698774e-09,0.0475031274779584,0.0770226486541859,True,4FGL J1829.3+5402,82.8583068847656,24.8005542755127,bll,4.404866194018808e-10,RX J1829.3+5403
1FDL J1747.6+0324,28.6316069972641,15.7362624345914,266.911216631972,3.40728713354788,1.1163025581920148e-09,0.048535916747432,0.0786972444991008,True,4FGL J1747.6+0324,28.6287059783936,15.7417001724243,,9.46285605429864e-10,
1FDL J0650.2+2053,194.037858781526,9.1023998365483,102.552738803521,20.8978303093222,1.1154073963388725e-09,0.0444721180677,0.0721081140496979,True,4FGL J0650.6+2055,194.0546875,9.20348834991455,unk,4.5101006262981963e-10,NVSS J065035+205556
1FDL J1534.9+0133,6.83637176316541,43.2384325822102,233.740309824138,1.55688979646097,1.11403798733062e-09,0.0523653423245303,0.084906367173773,True,4FGL J1534.8+0131,6.78565263748169,43.2301864624023,fsrq,9.139127232771215e-10,PKS 1532+01
1FDL J0417.7+2825,168.6144661727,-15.6286339202034,64.4372647621415,28.420866323447,1.1107614531984364e-09,0.0507055497627294,0.082215133443146,False,,,,,,
1FDL J2351.4-7557,307.676876800586,-40.6152189352648,357.863392853272,-75.9555185419541,1.1106736790533868e-09,0.0479108999738329,0.077683834788573,True,4FGL J2351.3-7559,307.673858642578,-40.5834312438965,bll,4.3185247045052217e-10,SUMSS J235115-760012
1FDL J1503.9-1537,343.844932276529,36.5091358929054,225.99259672702,-15.6224274445713,1.109156018206931e-09,0.0439456436386034,0.0712544686859692,True,4FGL J1503.7-1540,343.734893798828,36.4999732971191,bll,8.600947176695684e-10,RBS 1457
1FDL J1335.0-5653,308.88791745267,5.4792079893625,203.758474972461,-56.8875396064455,1.1073089240355215e-09,0.0487813485710353,0.0790951969768759,True,4FGL J1335.0-5656,308.882873535156,5.41963720321655,psr,1.3743125526488598e-09,PSR J1335-5656
1FDL J0429.9+2846,170.229225809236,-13.4210535183429,67.4925213795599,28.7680568640171,1.1068370291465404e-09,0.0425858757467171,0.0690497101691441,True,4FGL J0429.8+2843,170.245986938477,-13.4763031005859,bcu,8.99810004284518e-10,MG2 J042948+2843
1FDL J1511.0-0548,353.875247469563,42.8367473599683,227.774228772493,-5.80721821923069,1.1067018603757585e-09,0.0548644447012102,0.0889584680706386,True,4FGL J1510.8-0542,353.900909423828,42.9529228210449,fsrq,1.4156082972505144e-09,PKS 1508-05
1FDL J1958.5+5040,84.7680223105973,10.9434641649633,299.648570618782,50.6772812353388,1.1013191730630327e-09,0.0679036799430856,0.110100586327736,True,4FGL J1957.6+5033,84.5863037109375,11.0190076828003,PSR,3.386549263240113e-09,PSR J1957+5033
1FDL J0117.0-6155,297.688519425523,-54.9447764998106,19.2624269383988,-61.921966475339,2.7601883594995327e-10,0.059414489321615,0.0963360087510133,True,4FGL J0116.2-6153,297.844055175781,-54.9878654479981,bll,2.6606225556058405e-10,SUMSS J011619-615343
1FDL J1744.1-1312,13.3259861251226,8.42761163097533,266.034292778323,-13.2135561711356,1.0946380996629457e-09,0.0754978357529393,0.122413917678166,True,4FGL J1744.0-1311,13.338002204895,8.45203685760498,,1.0425652563483823e-09,
1FDL J2251.9+4030,99.6227699931296,-16.9024113167523,342.99821622241,40.5014870146503,1.09417422482289e-09,0.0546821721487499,0.0886629255000979,True,4FGL J2252.0+4031,99.6414260864258,-16.887243270874,bll,9.78160996645272e-10,MG4 J225201+4030
1FDL J1413.9-6503,311.487720630171,-3.76844271955955,213.478303460847,-65.0611422899033,1.0940563218863415e-09,0.0742602295159501,0.120407231284359,True,4FGL J1413.1-6519,311.329376220703,-3.80168318748474,sey,5.649236634042153e-10,Circinus galaxy
1FDL J2103.7-1110,37.9122986178211,-34.3868347265379,315.928899693919,-11.1727548134906,1.0917819751139147e-09,0.0519977965431277,0.0843104080017332,True,4FGL J2103.7-1112,37.8733215332031,-34.4090003967285,bcu,1.0960184981811951e-09,1RXS J210346.8-111335
1FDL J2005.1+7000,102.813276111762,19.4122565826513,301.276037867402,70.0059146217781,1.0915493113897183e-09,0.0488937899860727,0.0792775073834108,True,4FGL J2005.1+7003,102.867149353027,19.4369335174561,bll,5.601764052620695e-10,1RXS J200504.0+700445
1FDL J1801.3-2629,3.87154658787401,-1.75342399779769,270.331022293789,-26.4901984309787,1.0914107823901349e-09,0.106161376473719,0.172132492111845,True,4FGL J1801.1-2626,3.89816403388977,-1.69828855991364,,7.492564346733842e-10,
1FDL J1439.7+4950,87.8850193779691,59.2609968870302,219.936585136605,49.8480444752703,1.0908751281668181e-09,0.0431849476757235,0.0700210613412042,True,4FGL J1439.7+4958,88.0818252563477,59.1796112060547,bll,5.711863759749747e-10,GB6 J1439+4958
1FDL J1813.4-1137,18.2469402430973,2.98615700007021,273.351159397464,-11.6279208517836,1.0905708369514899e-09,0.123504939899963,0.20025372323102,True,4FGL J1813.2-1128,18.353931427002,3.09793257713318,,1.4514603963178272e-09,
1FDL J1126.8-3828,285.259424784462,21.4685312282321,171.704078522688,-38.4818802961732,1.0855486210330724e-09,0.0551423059949019,0.089408992117842,True,4FGL J1126.8-3829,285.273406982422,21.4583759307861,bcu,6.257745432947104e-10,PKS 1124-382
1FDL J0418.8+3808,161.667334825621,-8.6673439255147,64.7184107946124,38.1400648163723,1.0843742597520592e-09,0.101944086321703,0.165294478126643,True,4FGL J0418.2+3807,161.593078613281,-8.76649570465088,rdg,7.345988817242244e-10,3C 111
1FDL J1644.9-2149,357.958290031579,15.2949688428134,251.226476195546,-21.8259648578517,1.0797903452821917e-09,0.0838339753747083,0.135930328342904,True,4FGL J1644.8-2154c,357.887451171875,15.2451152801514,bcu,4.404437092819791e-10,PMN J1644-2156
1FDL J0152.6+7519,126.866239699536,12.9163147873117,28.1593679135386,75.3185618909416,1.0794309842431705e-09,0.0477216427646498,0.077376960026461,True,4FGL J0153.0+7517,126.897254943848,12.8928642272949,bll,4.659182484267888e-10,1RXS J015308.4+751756
1FDL J0554.3+3105,179.113438483423,2.73465277945738,88.5915846119091,31.0995245205963,1.0793275931566013e-09,0.0710716976119128,0.1152372670472,True,4FGL J0554.1+3107,179.078964233398,2.71154808998108,PSR,3.132626380519809e-09,PSR J0554+3107
1FDL J1933.7+0728,44.4655318161221,-5.90087317487127,293.447592643492,7.47681860074529,1.0786712908187059e-09,0.0423439433565867,0.0686574427363092,True,4FGL J1933.3+0726,44.3824234008789,-5.82542228698731,bll,1.0157966690016451e-09,1RXS J193320.3+072616
1FDL J0721.2+0405,212.660808202235,8.48768285530462,110.303451039505,4.09824723097535,1.0771535075888509e-09,0.0476094518731544,0.0771950516237484,True,4FGL J0721.3+0405,212.687042236328,8.52379035949707,fsrq,1.0450281751062107e-09,PMN J0721+0406
1FDL J2235.2-4835,344.493736642594,-56.0767565995991,338.819592514416,-48.5912102040456,1.0769316979779382e-09,0.058178926646488,0.0943326328614876,True,4FGL J2235.3-4836,344.465881347656,-56.0846900939941,fsrq,7.486319342220327e-10,PKS 2232-488
1FDL J0325.7-1647,204.909381628406,-52.9359527832401,51.4250254191806,-16.7978639920048,1.0737000170348708e-09,0.0521588581839123,0.0845715660823459,True,4FGL J0325.6-1646,204.879196166992,-52.9356460571289,bll,1.0073233358554035e-09,RBS 0421
1FDL J0733.7-5445,266.731903172954,-16.14283544203,113.44345081809,-54.7504837779621,1.0730368582289798e-09,0.0496996570578861,0.0805841559159879,True,4FGL J0733.5-5445,266.725830078125,-16.1770935058594,bcu,5.057717578083043e-10,SUMSS J073334-544544
1FDL J1702.9+7647,108.987511259169,32.4526535984344,255.742585325166,76.793548216897,1.0712011740587697e-09,0.0554563301565307,0.0899181571271101,True,4FGL J1704.1+7647,108.958885192871,32.3899383544922,bcu,6.913036254552195e-10,NVSS J170357+764611
1FDL J1946.7-5402,343.913679582313,-29.6107332716088,296.699763955076,-54.0400609466477,1.0709292980946237e-09,0.0615528399609165,0.0998031717404376,True,4FGL J1946.5-5402,343.897735595703,-29.5723533630371,PSR,1.739256183519444e-09,PSR J1946-5403
1FDL J0751.7+3311,187.292188773486,26.3261710106572,117.947866141517,33.1878557581397,1.069919345042617e-09,0.0557725714854815,0.0904309269127158,True,4FGL J0752.2+3313,187.273422241211,26.4249649047852,fsrq,1.2165671803288092e-09,OI 380
1FDL J2235.7-3628,6.32352933234661,-59.8740500392804,338.93821004584,-36.4740205912879,1.0699090965975098e-09,0.0510867996848051,0.0828333079843591,True,4FGL J2235.8-3627,6.34265804290772,-59.9019317626953,bll,7.323395223579611e-10,NVSS J223554-362901
1FDL J1214.9+5001,137.453222089808,66.0590921458316,183.746133794737,50.0288361609999,1.0664762786610543e-09,0.0550195681669471,0.0892100036199435,True,4FGL J1215.1+5002,137.387634277344,66.0529708862305,bll,3.8758288245510636e-10,IVS B1212+503
1FDL J0558.8-7500,286.095420659728,-29.5272734707522,89.7124682750261,-75.00072834848,1.0658456571982695e-09,0.0486198043983877,0.0788332673949767,True,4FGL J0558.8-7459,286.085113525391,-29.5251789093018,bll,5.49243428515922e-10,PKS 0600-749
1FDL J2135.4-5006,347.517686910215,-46.4073991733542,323.852542444914,-50.1126979476917,1.0658099246405665e-09,0.0587077377900773,0.0951900632978538,True,4FGL J2135.3-5006,347.536926269531,-46.3997077941895,fsrq,8.53636106246114e-10,PMN J2135-5006
1FDL J1603.9-6012,324.763026898842,-5.77153926824595,240.988000898446,-60.2072658942197,1.0656083133730861e-09,0.0442457926318993,0.071741142678962,True,4FGL J1603.3-6010,324.731262207031,-5.69976377487183,,1.047104181139957e-09,
1FDL J1753.2-3322,357.034037279286,-3.68377102584947,268.321942407866,-33.3708846308664,1.064356115893982e-09,0.0954670491482049,0.154792460883088,True,4FGL J1753.3-3325,357.005950927734,-3.72699546813965,bcu,1.3654410935259875e-09,NVSS J175308-332637
1FDL J1151.2-1344,281.380956074418,46.5998230722774,177.800184481229,-13.7359086439122,1.063197042849001e-09,0.048361632087509,0.0784146588583764,True,4FGL J1151.5-1347,281.510711669922,46.57470703125,bll,4.3384895676013e-10,PMN J1151-1347
1FDL J1119.8-2211,276.514983445314,35.93878590233,169.965458871046,-22.1916296151366,1.0624945719170463e-09,0.0538916591896798,0.0873811662536099,True,4FGL J1120.0-2204,276.492279052734,36.055908203125,,2.784866115490558e-09,
1FDL J0018.4+2949,114.450088057053,-32.4968177090765,4.61467835490077,29.8311968888983,3.3582216721377516e-10,0.0611713206496706,0.0991845776753481,True,4FGL J0018.4+2946,114.44116973877,-32.5482711791992,bll,2.6334159852758887e-10,RBS 0042
1FDL J1012.7+2447,207.547013570228,54.3958580273926,153.181775642198,24.7946014146371,1.061751883298936e-09,0.0509351308194447,0.0825873848059212,True,4FGL J1012.7+2439,207.772033691406,54.3823699951172,fsrq,2.0211068374464958e-09,MG2 J101241+2439
1FDL J1539.4+2739,43.7207199293341,52.8809361629391,234.869266436116,27.6539422224887,1.0612587402433027e-09,0.0489584268957668,0.0793823003397858,True,4FGL J1539.6+2743,43.8489952087402,52.8642120361328,fsrq,6.589020440372906e-10,MG2 J153938+2744
1FDL J1849.1-1647,17.6468835254657,-7.07859837677466,282.283899155664,-16.7994574516164,1.0609436553984127e-09,0.0467583772364415,0.0758151050018282,True,4FGL J1849.2-1647,17.6744861602783,-7.09806537628174,bcu,5.719423268324421e-10,1RXS J184919.7-164726
1FDL J0308.3+0406,174.827944650249,-44.5280005942205,47.0836273931855,4.1156044827821,1.060753125291145e-09,0.0539124782875083,0.0874149235529997,True,4FGL J0308.4+0407,174.852630615234,-44.5076904296875,rdg,7.883948494047387e-10,NGC 1218
1FDL J2256.9-1025,59.1960565328766,-58.3014443815179,344.231507602084,-10.4294608544155,1.0593391919502624e-09,0.0585568076445351,0.0949453437333017,True,4FGL J2256.8-1024,59.2130508422852,-58.2764511108398,PSR,1.1922383080786856e-09,PSR J2256-1024
1FDL J1727.8-4612,343.513912721089,-6.28759504350042,261.972331984861,-46.2030853486483,1.0591920684997558e-09,0.0475802955909967,0.0771477711477427,True,4FGL J1728.0-4606,343.610748291016,-6.26064777374268,spp,1.4642485002269723e-09,SNR G343.0-06.0
1FDL J0209.2+4450,137.135032983489,-15.8729144294499,32.3014862955116,44.8434419190961,4.2165681114038736e-10,0.0636852759310085,0.103260758431412,True,4FGL J0209.3+4449,137.169052124023,-15.8763360977173,bll,2.8483926328704e-10,1RXS J020917.6+444951
1FDL J2329.4+3754,105.564782121897,-22.1855166106237,352.354157622241,37.9044801785629,1.0558239762926341e-09,0.0519639009841677,0.0842554526688384,True,4FGL J2329.2+3755,105.541725158691,-22.1600151062012,bll,6.515760708758478e-10,NVSS J232914+375414
1FDL J1831.1-6502,329.965848741444,-22.344749498619,277.787708971297,-65.0364247170516,1.0557658253948574e-09,0.0498851132754483,0.0808848587450165,True,4FGL J1831.1-6503,329.933929443359,-22.3489437103272,,6.922226680750042e-10,
1FDL J1016.4+0514,236.564812245488,47.118531497728,154.101570654032,5.24122871820524,1.0533591691461176e-09,0.0465915575093657,0.0755446160140256,True,4FGL J1016.0+0512,236.526229858398,47.0247306823731,fsrq,1.1957321799371812e-09,TXS 1013+054
1FDL J2259.7-8246,306.981098339654,-33.4538347624213,344.929241969724,-82.7742774090187,1.052731262063904e-09,0.0543270678488952,0.0880871432841856,True,4FGL J2258.5-8247,307.012817382813,-33.4267616271973,bcu,5.506490818873998e-10,PMN J2258-8246
1FDL J1322.6-6235,306.511237267822,0.0619832811189835,200.654310377226,-62.5928801237391,1.0477766600267745e-09,0.107748341263956,0.174705622757888,True,4FGL J1321.1-6239,306.335571289063,0.0160515718162059,,1.4697482120240581e-09,
1FDL J2112.7+0820,58.7302245844266,-26.3038734339011,318.198039181856,8.34657947237912,1.0475558826031762e-09,0.0510783133975778,0.0828195405637286,True,4FGL J2112.7+0819,58.697437286377,-26.3094635009766,bll,4.780789653047178e-10,1RXS J211242.5+081831
1FDL J2006.0+3101,68.6469578623876,-0.518333621200075,301.522166988842,31.0233932125764,1.047363994573387e-09,0.0551198094846031,0.0893725182457224,True,4FGL J2006.2+3102,68.6850738525391,-0.53866720199585,PSR,1.7053279899315042e-09,PSR J2006+3102
1FDL J0526.7-1520,217.806583664438,-25.4996369569231,81.6956583345368,-15.3410628538233,1.0461194577059883e-09,0.0518805459918915,0.0841203048083715,True,4FGL J0526.7-1519,217.784881591797,-25.4954204559326,bcu,4.4172981938928046e-10,NVSS J052645-151900
1FDL J0541.2-0758,212.156411058299,-19.2069203110102,85.3100328119258,-7.96883979280026,1.0460317818221706e-09,0.104512100038181,0.169458308783954,False,,,,,,
1FDL J1552.2+0850,18.4830567221468,43.614257604646,238.056852808026,8.84497655009137,1.0395193072462671e-09,0.0523681523695607,0.0849109230406448,True,4FGL J1552.0+0850,18.4479789733887,43.6532173156738,bll,3.5076500037867215e-10,TXS 1549+089
1FDL J1747.8-4035,350.231726677172,-6.404563982497,266.960502503236,-40.5909011654847,1.038034242063831e-09,0.0859316659035182,0.1393315674362,True,4FGL J1747.7-4037,350.198181152344,-6.41143846511841,PSR,1.8203583085352195e-09,PSR J1747-4036
1FDL J1136.3+6732,133.519961950504,48.0103976404837,174.086058682228,67.5447575842241,1.0368194126128311e-09,0.0514484123862323,0.083419635778972,True,4FGL J1136.4+6736,133.460159301758,47.9541702270508,bll,4.858565771925781e-10,RX J1136.5+6737
1FDL J0022.1-5141,313.650774598485,-64.8210206028135,5.52558885771332,-51.6923878527825,1.035563846541532e-09,0.0533128921865813,0.0864427405226103,True,4FGL J0021.9-5140,313.701141357422,-64.8353958129883,bll,5.985203443970022e-10,1RXS J002159.2-514028
1FDL J1314.5+2346,1.4995043767781,83.8034498074375,198.635764721627,23.779794149755,1.0347532520805592e-09,0.0530514582463059,0.0860188478090585,True,4FGL J1314.7+2348,1.99509191513062,83.7818374633789,bll,1.292271956110369e-09,TXS 1312+240
1FDL J1920.7+0421,40.1706351178828,-4.49657585541259,290.18014184835,4.36141292184829,1.0346491850222134e-09,0.045881663142495,0.0743935711513693,True,4FGL J1920.8+0418,40.1408996582031,-4.5610671043396,unk,5.921040879819373e-10,TXS 1918+042
1FDL J1959.7+2044,59.1665486612831,-4.75755526089529,299.941188853963,20.7470452631946,1.0331760255910356e-09,0.0571385235955362,0.0926457129609746,True,4FGL J1959.5+2048,59.1985740661621,-4.69187688827515,PSR,2.329112458454574e-09,PSR J1959+2048
1FDL J0804.2-3632,253.098349386419,-2.75381495522218,121.06339218596,-36.5337252030876,1.0308196293583897e-09,0.0428940840853746,0.0695494477443174,True,4FGL J0804.0-3629,253.033493041992,-2.76605606079102,bll,1.0889658064172636e-09,NVSS J080405-362919
1FDL J0925.5-5339,275.282938545763,-2.22207303188819,141.378800690596,-53.6532285226709,1.0299202566298222e-09,0.0891220486009734,0.144504513256463,True,4FGL J0926.1-5336,275.327209472656,-2.12690854072571,,5.932986879564338e-10,
1FDL J1903.7-7053,324.365290434394,-26.5196907018365,285.939753602257,-70.886353026165,1.029295229630001e-09,0.0542146126663443,0.0879048100785507,True,4FGL J1903.4-7053,324.359466552734,-26.4947319030762,PSR,1.0361711488826586e-09,PSR J1903-7051
1FDL J0607.5-0618,213.599427928502,-12.6203632235597,91.8821847733758,-6.30065446332955,1.0290573999112412e-09,0.0618269962849196,0.100247698904637,False,,,,,,
1FDL J0325.6-5635,270.797025401901,-49.8033188451459,51.4243528932573,-56.5851522715113,1.0267411307591386e-09,0.0516684301705361,0.0837763704371465,True,4FGL J0325.5-5635,270.824432373047,-49.8216018676758,bll,5.13774633947861e-10,1RXS J032521.8-563543
1FDL J1220.8-5556,298.632439248246,6.68041862542279,185.220100006304,-55.936025168098,1.0263625568921087e-09,0.0593296495380921,0.0961984458923325,True,4FGL J1220.1-5558,298.532104492188,6.63530206680298,,4.29258906198271e-10,
1FDL J0530.8+1329,191.390973562731,-11.0413707880938,82.7216542534097,13.4970702916243,1.025920244877389e-09,0.0553227024869997,0.0897015052574524,True,4FGL J0530.9+1332,191.361221313477,-11.0065412521362,FSRQ,1.808243665912812e-09,PKS 0528+134
1FDL J0709.3+0539,209.920312405287,6.5585676209496,107.346553042182,5.65478231285097,1.0243638412024014e-09,0.0514618838461754,0.0834414766720239,True,4FGL J0709.3+0540,209.895401000977,6.56283330917358,bcu,3.6999425745420917e-10,NVSS J070916+053901
1FDL J0608.0-1522,222.127312906568,-16.3931298561414,92.0233032377496,-15.3747185290652,1.0237850891332066e-09,0.0479850410581879,0.0778040447472745,True,4FGL J0608.1-1521,222.119888305664,-16.3826160430908,fsrq,8.273208229603313e-10,PMN J0608-1520
1FDL J1533.9-5230,326.311386652622,2.82332876620743,233.492488008185,-52.5105643932498,1.0235767203985372e-09,0.0805311212599173,0.130575006208112,True,4FGL J1534.0-5232,326.293853759766,2.78995561599731,,1.12008280428455e-09,
1FDL J0453.0-2802,228.890339749876,-37.0454142624795,73.2501697809911,-28.0349569187201,1.0234076052002216e-09,0.0529520458461202,0.0858576505125567,True,4FGL J0453.1-2806,228.997253417969,-37.0319137573242,fsrq,1.187175246997185e-09,PKS 0451-28
1FDL J1858.2-2220,13.527278018099,-11.4176745265558,284.574676255831,-22.3400226259989,1.0233585915255599e-09,0.0610194597701491,0.0989383582510267,True,4FGL J1858.3-2216,13.5825834274292,-11.3931093215942,PSR,2.2399211374590773e-09,PSR J1858-2216
1FDL J0830.7+2410,200.017912360697,31.837294830826,127.675631408398,24.1742272410454,1.0217204359202056e-09,0.056665219052992,0.0918782861817635,True,4FGL J0830.8+2410,200.028213500977,31.859260559082,FSRQ,1.3951112487475823e-09,S3 0827+24
1FDL J1043.0+2407,211.59832892755,60.9922468530655,160.771636881349,24.1311644594187,1.0205100358718712e-09,0.0469113146919217,0.0760630830530811,True,4FGL J1043.2+2408,211.582565307617,61.0254936218262,fsrq,7.565963411337862e-10,B2 1040+24A
1FDL J1901.3+0735,40.8090469394044,1.26926677635498,285.332005071221,7.58764221585964,1.0191009348959068e-09,0.0932669256069286,0.151225125869936,True,4FGL J1901.1+0730,40.7185211181641,1.26411318778992,,2.173701663110705e-09,
1FDL J0113.5+4948,126.596936725742,-12.9125247706719,18.3990712276323,49.8014745104597,1.016833861052225e-09,0.0562568617988867,0.0912161543290842,True,4FGL J0113.4+4948,126.576210021973,-12.9103670120239,fsrq,1.6802768065815599e-09,S4 0110+49
1FDL J1913.4+4442,75.8216726228376,15.0750628928734,288.364795531785,44.7057323870466,1.0164224292523749e-09,0.0456168653592753,0.0739642274290113,True,4FGL J1913.9+4439,75.8171234130859,14.9749326705933,bll,3.4272262805501436e-10,2MASS J19140184+4438323
1FDL J2304.6+3705,100.346842362287,-21.0475670400496,346.156124601331,37.0956701831716,1.0158676252819824e-09,0.0499378428093183,0.080970362364515,True,4FGL J2304.6+3704,100.353553771973,-21.0650081634522,bll,6.518532935650967e-10,1RXS J230437.1+370506
1FDL J0622.1+3753,175.815472403182,10.9863764935676,95.5431991727663,37.8871566309334,1.014013180158072e-09,0.0623983856704833,0.101174180579364,True,4FGL J0622.2+3749,175.875122070313,10.9740381240845,PSR,2.204351146062322e-09,PSR J0622+3749
1FDL J1404.8+6554,111.497771294318,49.5628061361595,211.216731965079,65.9035250173268,1.013714549919644e-09,0.0547156571444937,0.0887172182528511,True,4FGL J1404.8+6554,111.499145507813,49.5618209838867,bll,4.251180518721753e-10,NVSS J140450+655428
1FDL J2220.3+6317,106.882241501037,5.23694191143562,335.076033196041,63.2970102282184,1.0122324133023431e-09,0.098399087273603,0.159546533793188,False,,,,,,
1FDL J1258.0+3231,108.393562779794,84.4142431896214,194.520097870277,32.5253176432563,1.0117550016022704e-09,0.0472770186946021,0.0766560446732597,True,4FGL J1257.8+3228,108.646835327148,84.4760665893555,fsrq,1.1130641963674748e-09,ON 393
1FDL J0134.8+8735,123.432147430413,24.7570421737264,23.7110495127352,87.5865123166672,3.191052578072199e-10,0.0575980391809296,0.0933907778324012,True,4FGL J0140.6+8736,123.49388885498,24.7883720397949,bcu,2.0206973594394384e-10,WN B0126.6+8722
1FDL J1117.1-5337,289.11479416029,6.69810748611021,169.2849318675,-53.6247992374738,1.0075890519831123e-09,0.055138014890593,0.0894020331372916,True,4FGL J1117.2-5337,289.133819580078,6.70342922210693,bcu,7.654006317636686e-10,MGPS J111715-533816
1FDL J0848.4+6608,148.923705800402,36.3683890160007,132.120081105701,66.1406464293701,1.005313882914491e-09,0.0474079393653019,0.0768683156629592,True,4FGL J0849.1+6607,148.927200317383,36.4342422485352,bll,4.870469583195812e-10,GB6 J0848+6605
1FDL J1001.3+2912,199.501351666106,52.6541854204353,150.331689351587,29.2026604811857,1.0050611362643644e-09,0.0535193683878184,0.0867775228630689,True,4FGL J1001.1+2911,199.518280029297,52.6194915771484,bll,7.237327404041594e-10,GB6 J1001+2911
1FDL J0655.8-0326,216.497352306688,-0.574782961916223,103.974656643366,-3.43512529300993,1.0043321378460773e-09,0.0460009412319798,0.0745869787359941,True,4FGL J0656.3-0322,216.484527587891,-0.453967541456223,fsrq,2.227581674674184e-09,TXS 0653-033
1FDL J1944.7-2144,18.5349878980844,-21.0755396688951,296.195322303066,-21.7435982860911,1.0035459902119845e-09,0.0493434172276236,0.0800065506074952,True,4FGL J1944.9-2143,18.5695323944092,-21.096809387207,bcu,9.044569537763891e-10,1RXS J194455.3-214318
1FDL J0050.4-0450,122.283319128417,-67.7094659113858,12.6125839465026,-4.83896205587487,1.0028228936560942e-09,0.0534889472748526,0.0867282012646487,True,4FGL J0050.4-0452,122.280921936035,-67.7510986328125,fsrq,9.438867465405563e-10,PKS 0047-051
1FDL J0536.3-0618,210.012846229511,-19.5658589182158,84.0827082343613,-6.31522835474176,1.002690822689054e-09,0.121094946060141,0.19634613157132,False,,,,,,
1FDL J1345.9-3355,315.665001214357,27.593056949231,206.476109622386,-33.9283980848271,1.0026115884579223e-09,0.0458687333525313,0.0743726127350724,True,4FGL J1345.6-3356,315.598999023438,27.5898628234863,bll,4.6519149643486907e-10,NVSS J134543-335643
1FDL J0115.7+0356,134.544017576253,-58.3812850760286,18.9313862919516,3.94181412815711,1.0001656156326427e-09,0.0556490507829691,0.0902306339371877,True,4FGL J0115.6+0356,134.506134033203,-58.3796348571777,bll,1.269564897654618e-09,PMN J0115+0356
1FDL J1125.1-2100,277.297160380685,37.5265530424177,171.294651942924,-21.0140429971036,9.98492851551361e-10,0.0554267161075213,0.0898701392272802,True,4FGL J1125.1-2101,277.297393798828,37.5119781494141,bll,4.847834356169756e-10,PMN J1125-2100
1FDL J1615.7+4711,73.8598846541748,45.6048589414011,243.930932889775,47.1984272934921,9.97897650264475e-10,0.0529408146359119,0.0858394541743388,True,4FGL J1615.6+4712,73.8672866821289,45.6101036071777,fsrq,4.108642315259203e-10,B3 1614+473
1FDL J1719.6-3600,351.092008906439,0.72824659026457,259.909100672847,-36.0027817534712,9.957552388731825e-10,0.157439951283816,0.25527675887843,False,,,,,,
1FDL J0030.4-4222,317.246457734006,-74.1671669814864,7.62053978726652,-42.3736538025065,9.955752236139498e-10,0.0568459914674494,0.0921713925343899,True,4FGL J0030.3-4224,317.267669677734,-74.1244506835938,fsrq,1.0298969455035942e-09,PKS 0027-426
1FDL J0727.1-4724,259.379061241507,-14.0167806106975,111.791550881931,-47.4125905849319,9.951580948295042e-10,0.0539696824865493,0.0875076832433932,True,4FGL J0726.4-4727,259.369842529297,-14.1457576751709,fsrq,1.0227036995047456e-09,PMN J0726-4728
1FDL J1823.3+6859,99.2478381759525,27.6873348920224,275.844963998553,68.9992311859695,9.948030772172647e-10,0.0556665229745406,0.0902589777922352,True,4FGL J1823.5+6858,99.2134399414062,27.6695671081543,bll,6.774480421078977e-10,7C 1823+6856
1FDL J1502.4+4755,80.9981056955516,57.1474712121431,225.608084910388,47.9209561821201,9.94274359714557e-10,0.0992805663665426,0.160975791326321,True,4FGL J1503.5+4759,80.9581298828125,56.9420700073242,bll,5.984281403748071e-10,TXS 1501+481
1FDL J0213.0+2248,146.427687552374,-36.3130434073366,33.2554683971547,22.8087008795924,9.93864915934565e-10,0.0509252891238508,0.0825714348463145,True,4FGL J0212.9+2244,146.443862915039,-36.3748931884766,bll,5.541314074264392e-10,MG3 J021252+2246
1FDL J0648.0-3044,240.524246887273,-14.1341592539669,102.024770521407,-30.7365293842336,9.929942186955886e-10,0.0587556245717497,0.0952677244955581,True,4FGL J0648.0-3045,240.532669067383,-14.1514415740967,fsrq,1.072215205510929e-09,PKS 0646-306
1FDL J2212.8+0707,68.8739486365475,-38.5721918426446,333.223690095706,7.12953353814814,9.90994034123811e-10,0.0591827506653433,0.0959602650669254,True,4FGL J2212.4+0708,68.7856979370117,-38.4798851013184,,9.528200450859003e-10,
1FDL J1254.5+2211,311.228800796375,85.0192072779574,193.634795476092,22.1974971263552,9.902206982460385e-10,0.0522349297590845,0.0846949116246548,True,4FGL J1254.5+2210,311.225372314453,85.0023880004883,bll,5.672464720163362e-10,TXS 1252+224
1FDL J1820.3+3624,63.9037405783189,21.5607294848121,275.088534873881,36.4074509798588,3.130580530649315e-10,0.0642602384042781,0.104193015127405,True,4FGL J1820.3+3624,63.8999061584473,21.5529460906982,bll,2.3545240757094627e-10,NVSS J182021+362343
1FDL J2144.9-3358,11.420378165804,-49.6091216950217,326.229662938978,-33.9707525979503,9.895664439275034e-10,0.0554073349987006,0.0898387156714762,True,4FGL J2145.0-3356,11.4634675979614,-49.6271705627441,fsrq,1.3855567804199607e-09,PMN J2145-3357
1FDL J0333.5+3105,159.277723473122,-20.1138511397716,53.3882293971092,31.085648409695,9.871735715870542e-10,0.092168880428022,0.149444728827938,False,,,,,,
1FDL J0748.5+2402,196.575707922769,22.7211128652064,117.141850977359,24.0353477062294,9.871357487405158e-10,0.0574841893934209,0.0932061814234779,True,4FGL J0748.6+2400,196.602416992188,22.7332077026367,fsrq,6.750556225121328e-10,OI 275
1FDL J2347.8-1631,65.4256288383613,-71.8593216067177,356.961472847669,-16.5265540444587,9.859285434911801e-10,0.0468091746876139,0.0758974714825918,True,4FGL J2348.0-1630,65.5565643310547,-71.8937072753906,fsrq,2.811856081308406e-09,PKS 2345-16
1FDL J1440.3-1532,337.937541602314,39.8088121817216,220.079918205798,-15.5489911356809,9.858034188693555e-10,0.0648099925370532,0.105084404088652,True,4FGL J1440.0-1530,337.88330078125,39.8744125366211,bll,6.71612543357014e-10,PKS 1437-153
1FDL J1440.9+0611,359.081736627604,56.6144984172975,220.226144360276,6.19702731628736,9.85185111523163e-10,0.0587695728893145,0.0952903416104913,True,4FGL J1440.9+0609,359.055084228516,56.5800895690918,bll,6.493784399097534e-10,PMN J1440+0610
1FDL J1549.9-0700,1.22426554331029,34.9702836784473,237.477945706683,-7.00533264433844,9.851591605389652e-10,0.0520625498248726,0.0844154133470826,True,4FGL J1549.8-0659,1.22326278686523,34.9798049926758,bll,9.647145304825242e-10,NVSS J154952-065907
1FDL J2337.6-7405,309.636190304544,-42.0545987809212,354.414023701831,-74.0995194814253,9.835939301428833e-10,0.0446038693702588,0.0723217376470065,True,4FGL J2339.2-7403,309.519744873047,-42.1345062255859,bll,4.325808877769788e-10,1RXS J233919.8-740439
1FDL J0608.7+2035,189.838731594318,0.344025029755378,92.1778345156969,20.5980437796407,9.832618746546206e-10,0.0915176642402086,0.148388845989555,True,4FGL J0608.8+2034c,189.867462158203,0.352671146392822,unk,8.985425181684548e-10,NVSS J060900+203746
1FDL J0701.7-4634,256.812933710281,-17.6770014335865,105.435898923562,-46.5719591893382,9.822334500822525e-10,0.0573234351628589,0.0929455229577324,True,4FGL J0701.5-4634,256.802093505859,-17.7064018249512,fsrq,1.263018245545311e-09,PKS 0700-465
1FDL J1901.6-0124,32.834328679714,-2.91470404274486,285.409585787113,-1.4153760265631,9.819794514694855e-10,0.0612860185969487,0.0993705597415599,True,4FGL J1901.4-0126,32.7952156066895,-2.89045333862305,PSR,2.6705102573743034e-09,PSR J1901-0125
1FDL J0433.6-6030,270.848000876486,-40.1474566550878,68.4106704096498,-60.504421440888,9.819653423614652e-10,0.0544646857842807,0.0883102910792669,True,4FGL J0433.6-6030,270.858093261719,-40.1500663757324,fsrq,9.35152510983528e-10,PKS 0432-606
1FDL J1754.0-2930,0.457624036709645,-1.86719375466112,268.510102959097,-29.5022066630986,9.81631485970357e-10,0.119148403725576,0.193189979629967,True,4FGL J1754.6-2933,0.482084065675736,-2.0071337223053,,1.8416799196785403e-09,
1FDL J1301.5+0838,310.774925561661,71.3579846517814,195.388215158283,8.64043093845395,9.811332637032725e-10,0.0730359698892054,0.11842219084441,True,4FGL J1301.6+0834,310.822296142578,71.2893600463867,PSR,1.1730242333030103e-09,PSR J1301+0833
1FDL J1924.6+1723,52.1329294880722,0.787222305608124,291.15756348985,17.3939087694908,9.80151660497861e-10,0.148216496238813,0.240321603548737,True,4FGL J1925.2+1729,52.2870941162109,0.69236558675766,PSR,1.766459645224927e-09,PSR J1925+1720
1FDL J1406.0-2501,323.61277749339,34.8360858483686,211.515918608774,-25.0209489196173,9.797351285007033e-10,0.0504209799884875,0.0817537303203852,True,4FGL J1406.1-2508,323.592651367188,34.7167625427246,bll,4.1847983411891216e-10,NVSS J140609-250808
1FDL J0833.9+4223,178.61891731038,36.287918752414,128.498359467663,42.3972118777623,9.792296613611752e-10,0.0579909015442685,0.0940277703251879,True,4FGL J0833.9+4223,178.614852905273,36.2715682983398,fsrq,4.3135042759878667e-10,OJ 451
1FDL J1011.9-4233,274.153081078025,11.2306163410235,152.988620143015,-42.5564922443032,9.790069164483165e-10,0.0525326926670909,0.0851777086664158,True,4FGL J1012.1-4235,274.2099609375,11.2301530838013,PSR,7.339953089768868e-10,PSR J1012-4235
1FDL J0912.8-2102,249.552986577885,18.4638709483707,138.201972058932,-21.0482445281795,9.788311009920838e-10,0.0459848043171,0.0745608131897486,True,4FGL J0912.9-2102,249.566146850586,18.4843769073486,bll,9.816701895815072e-10,MRC 0910-208
1FDL J0502.7+4403,162.680870366832,1.42901759191529,75.6762645977298,44.0614335298747,9.755082800295025e-10,0.0849553435219572,0.137748528768354,False,,,,,,
1FDL J1142.7+0129,267.343895827723,59.538876344048,175.694503776817,1.4975415247568,9.743176276312186e-10,0.0473665376496386,0.076801189313339,True,4FGL J1142.8+0120,267.539428710938,59.4148063659668,PSR,1.0145795314997486e-09,PSR J1142+0119
1FDL J1022.5-0112,245.197966544093,44.35422024505,155.648772873167,-1.20054422116926,9.72434235045048e-10,0.054370754421623,0.0881579812373329,True,4FGL J1022.7-0112,245.236770629883,44.3767356872559,bll,6.754395376340482e-10,RX J1022.7-0112
1FDL J2039.5+5118,88.8929942779269,5.91314431097389,309.897391820717,51.3106807585875,9.721967389896108e-10,0.0925373513852193,0.150042195314928,True,4FGL J2038.7+5117,88.7952880859375,5.99927234649658,fsrq,1.0756382451404534e-09,3C 418
1FDL J2325.4-3559,1.73132680680029,-69.7075674941495,351.352785085241,-35.9854069172666,9.713868947740693e-10,0.0549215508874755,0.0890510560144042,True,4FGL J2325.4-3559,1.72022712230682,-69.711181640625,fsrq,1.5350587467821695e-09,CTS 0490
1FDL J1724.9-1933,5.42822490055787,8.98937100762125,261.249068892173,-19.5546312953892,9.713357204035947e-10,0.0603883708053456,0.0979150784637012,True,4FGL J1725.1-1924,5.58277368545532,9.0322904586792,,7.960512804494613e-10,
1FDL J1724.0+4006,64.920865818691,33.1706554149399,261.004454309786,40.1005585795553,9.70745084244356e-10,0.0586113553743511,0.0950337984000453,True,4FGL J1724.2+4005,64.9142303466797,33.1337394714356,fsrq,8.099767523361833e-10,S4 1722+40
1FDL J1657.1-2012,1.06564648055008,14.0035757253425,254.277916059084,-20.2156813923417,9.702570342328947e-10,0.0498699908211753,0.080860336544365,True,4FGL J1656.9-2010,1.07721662521362,14.0550947189331,bll,7.945253899244165e-10,NVSS J165655-201056
1FDL J0030.8-0211,110.879237150304,-64.5724406757186,7.71184745340431,-2.18361779742526,9.696507997684212e-10,0.0529250412850596,0.0858138731059277,True,4FGL J0030.6-0212,110.743324279785,-64.5794372558594,bcu,1.5311797385564319e-09,PKS B0027-024
1FDL J1503.8+4759,80.9044740975616,56.9054459348509,225.964161797563,47.9865505958181,9.68404680924176e-10,0.0590914714909689,0.0958122563331046,False,,,,,,
1FDL J2147.5+7708,113.251159143525,17.8724447276746,326.87994532146,77.1403590670077,3.8518556200309216e-10,0.0831095111251691,0.13475565449958,True,4FGL J2144.2+7709c,113.12279510498,18.0046138763428,,2.4352878047473325e-10,
1FDL J1207.5-5052,295.889849369017,11.4031142368208,181.882136803634,-50.8672731741699,9.673547310367929e-10,0.0598214931921949,0.096995931937671,True,4FGL J1207.4-5050,295.866821289063,11.4171953201294,PSR,9.405688450314642e-10,PSR J1207-5050
1FDL J0654.9+4244,173.730154942489,18.6293678387395,103.7330488946,42.7427860622675,9.659635079452467e-10,0.0518645086583558,0.0840943073568415,True,4FGL J0654.7+4246,173.681518554688,18.6091365814209,bll,3.2599078991779606e-10,B3 0651+428
1FDL J1253.7+6246,122.478323436129,54.3487922439602,193.437430121135,62.7774240284116,9.657484060002185e-10,0.0470967307967112,0.0763637151784165,True,4FGL J1253.8+6242,122.453422546387,54.4207954406738,bll,4.112279683443632e-10,1RXS J125400.1+624303
1FDL J1251.0-4943,302.869836819915,13.1481676746468,192.76595429144,-49.7235348117338,9.656212177133288e-10,0.0514356746756656,0.0833989760689744,True,4FGL J1250.9-4943,302.843627929688,13.1513576507568,,4.850308488180133e-10,
1FDL J2158.0-1455,40.7524918795217,-47.9751363262177,329.51351300432,-14.931120435071,9.648780794281262e-10,0.0490669671780093,0.0795583073670066,True,4FGL J2158.1-1501,40.6344261169434,-48.0252685546875,fsrq,9.2550173080852e-10,PKS 2155-152
1FDL J1142.2+1547,244.625038687,70.3440004393895,175.555815518061,15.7913442820897,9.620137512737475e-10,0.0540738982618196,0.0876766494709781,True,4FGL J1142.0+1548,244.509979248047,70.3085556030273,bll,6.484461856359758e-10,MG1 J114208+1547
1FDL J1628.0+3222,53.0601319421336,43.1755782610383,247.021250493544,32.3674610826211,9.61564630107222e-10,0.0506295201001877,0.0820918685251507,True,4FGL J1627.7+3219,52.9837532043457,43.2367668151856,psr,7.305585025818573e-10,PSR J1627+3219
1FDL J1928.5+1741,52.8376564141004,0.096886779720816,292.146004684934,17.6852665385868,2.413647032817034e-09,0.121279455899342,0.196645277900833,True,4FGL J1929.0+1729,52.7165374755859,-0.0883643850684166,,3.313150642725304e-09,
1FDL J1151.5-6107,295.765736714466,0.918863635118096,177.894199839288,-61.117248641232,9.603404014831335e-10,0.0671062411988056,0.108807581403563,True,4FGL J1152.0-6107,295.828979492188,0.920839250087738,PSR,1.7039920585659731e-09,PSR J1151-6108
1FDL J1736.4-3426,354.292217839358,-1.25903893573731,264.108018016626,-34.4448198302316,1.2645163235711172e-09,0.0927097346649759,0.150321683870113,True,4FGL J1736.1-3422,354.312744140625,-1.16554069519043,,3.2195957011538204e-09,
1FDL J1927.0+6118,92.7277794775456,19.5022329779165,291.770345872214,61.3137230364495,9.590028989666887e-10,0.0549095551579587,0.0890316143484511,True,4FGL J1927.5+6117,92.7288513183594,19.4450263977051,bll,1.032529839406493e-09,S4 1926+61
1FDL J1745.9+1015,34.8763856295219,19.1451226752179,266.493631107625,10.2575418034777,9.585207524346808e-10,0.0517051817519804,0.0838359603029078,True,4FGL J1745.5+1017,34.8699684143066,19.2448291778564,PSR,1.3988433744671622e-09,PSR J1745+1017
1FDL J1258.4-7729,303.322246365719,-14.6298728130137,194.604132413616,-77.4963312222303,9.560289421460143e-10,0.113752483214089,0.184440900223073,False,,,,,,
1FDL J1306.5+7855,122.007418198344,38.1817696129745,196.643253067196,78.9193004407115,9.554453255204815e-10,0.0489994814914513,0.0794488821643359,True,4FGL J1305.6+7853,122.061248779297,38.2119140625,bll,3.3369745855438277e-10,S5 1304+79
1FDL J0314.0-5059,264.253826820572,-54.043910715843,48.5200171485815,-50.9920157063121,9.546288607365259e-10,0.0456346121688056,0.0739930069136404,True,4FGL J0314.3-5103,264.31201171875,-53.9739189147949,bll,6.465274982048186e-10,PMN J0314-5104
1FDL J1159.0+0935,265.272295021731,68.5490707305229,179.762127877574,9.59813893165829,9.54306583684231e-10,0.0557124094015982,0.0903333632015201,True,4FGL J1159.0+0939,265.153717041016,68.5949401855469,bll,5.942604186515155e-10,GB6 J1158+0937
1FDL J0642.1-0318,214.8186047515,-3.56228090665318,100.545143022828,-3.30069657661691,9.53319858815089e-10,0.0754118221635065,0.122274442098208,True,4FGL J0641.7-0320,214.810516357422,-3.67922854423523,FSRQ,1.465332966077426e-09,PMN J0641-0320
1FDL J0648.8-1742,228.524071783999,-8.53246899542029,102.207410481609,-17.7115145005048,9.529432540462725e-10,0.0649483680976299,0.10530875854844,True,4FGL J0648.4-1743,228.494125366211,-8.62017440795898,fsrq,2.684387379048303e-09,TXS 0646-176
1FDL J0842.5-6057,276.940320043118,-11.3761064319336,130.632923472919,-60.9502726985004,9.51643400098864e-10,0.0588969863352042,0.0954969345383051,True,4FGL J0842.3-6053,276.882141113281,-11.3550186157227,bcu,8.468540868555863e-10,PMN J0842-6053
1FDL J0238.2-3905,248.023425755445,-64.7634054820603,39.571178283998,-39.0946741928935,9.508301842064267e-10,0.0522557210234311,0.0847286217367861,True,4FGL J0238.1-3905,248.033432006836,-64.7959823608398,bll,3.515575608403765e-10,1RXS J023800.5-390505
1FDL J1958.0-3014,10.8752940903535,-26.7529426326853,299.52309571278,-30.2446980056357,9.50424974879132e-10,0.047085160326897,0.0763449560533168,True,4FGL J1958.3-3010,10.9601211547852,-26.781946182251,bll,9.431654346414575e-10,1RXS J195815.6-301119
1FDL J1817.4-4942,344.456044498101,-15.2354178432044,274.366845194137,-49.7046892274686,9.493172226979838e-10,0.053276822696523,0.0863842569979928,True,4FGL J1816.9-4942,344.411743164063,-15.1674661636353,fsrq,8.136080698051272e-10,PMN J1816-4943
1FDL J1405.0-5245,314.071204297941,8.50724694440169,211.266765946726,-52.7647161035303,9.472462180545348e-10,0.0584575164056141,0.0947843473280985,True,4FGL J1404.8-5237,314.073516845703,8.65164661407471,,6.939760432977947e-10,
1FDL J0448.7-1636,215.113041857958,-34.4319651964462,72.183362955352,-16.6044558174777,9.46391432384336e-10,0.0459093630365032,0.0744384957620882,True,4FGL J0448.6-1632,215.036102294922,-34.4392852783203,bll,7.829267234527038e-10,RBS 0589
1FDL J1426.0+3403,57.5568796767411,68.5541896052147,216.511043297826,34.0557404871138,9.454321354838026e-10,0.0554946824849345,0.0899803420076666,True,4FGL J1426.1+3403,57.5616302490234,68.5297546386719,bll,3.413141991259749e-10,RGB J1426+340
1FDL J1942.1+4007,74.0116284852224,8.30432031014927,295.548747137353,40.1315504468529,9.45129937727503e-10,0.072435300468823,0.117448247651999,True,4FGL J1942.1+4011,74.0672988891602,8.34291648864746,bcu,4.032609246529262e-10,87GB 194033.4+400351
1FDL J1107.5+0222,253.352341215198,54.9203829444671,166.888771533737,2.37911570569183,9.431900269661e-10,0.0500844994431431,0.0812081494024268,True,4FGL J1107.6+0222,253.387756347656,54.9245796203613,bll,5.337273401018193e-10,NVSS J110735+022225
1FDL J0323.6-0110,183.985162606897,-45.2343260614695,50.9103104591563,-1.16927338488027,9.4291451236458e-10,0.0556142356903717,0.0901741967636109,True,4FGL J0323.7-0111,184.033676147461,-45.2253952026367,bll,7.448628935868841e-10,1RXS J032342.6-011131
1FDL J1206.6-6900,298.917998130916,-6.49282365858112,181.661217764407,-69.014760052941,9.419801691695518e-10,0.0615459481454508,0.0997920119682613,True,4FGL J1208.0-6900,299.043609619141,-6.45960330963135,,7.909121135796227e-10,
1FDL J1037.4-2821,270.272004775545,25.8832857634317,159.372319815192,-28.3627917557327,9.404587684822658e-10,0.0539976225381372,0.0875529772818909,True,4FGL J1037.7-2822,270.328552246094,25.8939552307129,fsrq,1.5458092583742202e-09,PKS B1035-281
1FDL J0049.7+0238,122.058888176133,-60.2311398707604,12.4255659237592,2.6376655247615,9.394031237775836e-10,0.0559651879926358,0.0907432337957776,True,4FGL J0049.7+0237,122.0830078125,-60.2416687011719,bll,1.2980639896298383e-09,PKS 0047+023
1FDL J0159.8-2741,219.020257009547,-74.8253348374168,29.95521623573,-27.6968523813807,9.392591618269989e-10,0.0554367395546359,0.0898863986503865,True,4FGL J0159.7-2740,218.930557250977,-74.8317642211914,bll,4.0199774065108324e-10,PMN J0159-2739
1FDL J2050.0-2625,18.9298055872935,-36.6836454940408,312.524308563213,-26.4293375372534,9.387217489172313e-10,0.0541479525759601,0.0877967349314652,True,4FGL J2050.4-2627,18.9112186431885,-36.7676467895508,fsrq,5.719786311253472e-10,PMN J2050-2628
1FDL J1804.6-0852,19.6294536596644,6.20562996493574,271.150635918242,-8.87553094457908,9.376164106750386e-10,0.062639779664068,0.101565578254013,True,4FGL J1804.4-0852,19.6193370819092,6.23667621612549,,9.609768536478214e-10,
1FDL J2311.1+0205,79.368588951416,-52.0833351808091,347.786014560264,2.0958052477282,9.341225151428243e-10,0.0547192169946037,0.0887229916703223,True,4FGL J2311.0+0205,79.3467102050781,-52.0681991577149,bll,7.921058808868509e-10,NVSS J231101+020504
1FDL J1300.1-3218,305.073476402484,30.5353348900141,195.041726010188,-32.3001135245802,9.327947218528792e-10,0.0513541739546319,0.0832668297111153,True,4FGL J1259.7-3223,304.974609375,30.4488620758057,bll,8.142903573649106e-10,LEDA 4075145
1FDL J1030.6-2029,263.674106122166,31.4385485557864,157.661812714613,-20.4950426471857,9.325490414054213e-10,0.0502391088529892,0.0814588421329707,True,4FGL J1030.6-2028,263.663696289063,31.4523315429688,bll,4.785844498478298e-10,NVSS J103040-203032
1FDL J2025.2+0319,47.1895179351736,-19.0988194243198,306.312057585273,3.3207492517105,9.316439327383337e-10,0.0563249483993188,0.0913265505998481,True,4FGL J2025.2+0317,47.1588592529297,-19.1115779876709,fsrq,9.743617024327023e-10,PKS 2022+031
1FDL J0758.8-1449,233.957193122607,7.62712409508271,119.713439590866,-14.8307061994451,9.279200525061596e-10,0.0557409905721587,0.090379727260464,True,4FGL J0758.8-1450,233.956192016602,7.61315393447876,,1.1430940638490483e-09,
1FDL J0752.5-1633,234.67315709826,5.44032026878192,118.133931781812,-16.5557937875879,9.274279924139686e-10,0.0544154604493783,0.0882304636176675,True,4FGL J0752.3-1631,234.631637573242,5.41729497909546,bcu,5.400359048834956e-10,NVSS J075223-163340
1FDL J0710.3+5911,157.340916264873,25.4226800431747,107.596925548971,59.194506681855,9.270649461534438e-10,0.0500870571830511,0.0812123011138746,True,4FGL J0710.4+5908,157.408233642578,25.4248123168945,bll,4.884176951769348e-10,1H 0658+595
1FDL J1944.3+3927,73.6097502337302,7.62065180377344,296.077968946301,39.4529788090872,9.269406327103159e-10,0.0565095178713687,0.0916258316711166,True,4FGL J1944.2+3921,73.5279006958008,7.58447694778442,bcu,6.026543708514963e-10,87GB 194223.9+391242
1FDL J2131.2-0920,43.7441871005844,-39.6509674219924,322.822905420807,-9.34748956714926,9.250801454442784e-10,0.0496866220143631,0.0805630247282089,True,4FGL J2131.5-0916,43.8757591247559,-39.6738433837891,bll,6.506920002813388e-10,RBS 1752
1FDL J0640.7+0938,203.142560349414,2.03390882070334,100.191340172851,9.6372417467947,9.249405934080103e-10,0.100512798618692,0.162973732625832,False,,,,,,
1FDL J2347.8+5436,113.72699761323,-7.11951495072113,356.951632686161,54.6110235832841,9.248054916552625e-10,0.0501823282900686,0.0813667740217955,True,4FGL J2347.9+5436,113.742431640625,-7.12806415557861,bcu,3.3353486639242647e-10,NVSS J234753+543627
1FDL J0509.2+5550,153.822246743807,9.30463870378051,77.3039837757539,55.8347174492108,9.227791220213161e-10,0.0710367111405655,0.115180537221529,True,4FGL J0509.2+5550,153.827621459961,9.31134700775147,bcu,3.5269256959402634e-10,GB6 J0509+5546
1FDL J2042.4+2429,67.8496032371952,-10.8347975092169,310.605609024865,24.4961368631924,9.222158030530629e-10,0.0461817840485881,0.0748801975032788,True,4FGL J2042.1+2427,67.7799911499023,-10.8068199157715,bll,4.918317419999596e-10,MG2 J204208+2426
1FDL J0909.6+0159,228.394045045371,31.3607764053221,137.423013379979,1.98840507694109,9.217653954844618e-10,0.0589833909027076,0.0956370130263971,True,4FGL J0909.6+0159,228.390228271484,31.3617668151855,bll,9.426199820694592e-10,PKS 0907+022
1FDL J0441.6+2536,174.43815496067,-13.4960339701881,70.421987575598,25.6098881949307,9.216263434914699e-10,0.0773967073670205,0.125492787994865,False,,,,,,
1FDL J0102.8+4838,124.871745221335,-14.1908869340478,15.7060244585844,48.6379703798637,9.213284455663166e-10,0.0537697411796766,0.0871834868045337,True,4FGL J0102.8+4839,124.875968933105,-14.1695489883423,PSR,2.196683057675841e-09,PSR J0102+4839
1FDL J1626.7-7639,314.286049632945,-18.8051518023782,246.677477073987,-76.6504148541147,9.203229243183356e-10,0.0439798845308282,0.0713099949139268,True,4FGL J1626.6-7639,314.282684326172,-18.8011245727539,bll,4.3331488397413404e-10,PKS 1619-765
1FDL J1023.8+0036,243.538725585965,45.7569301346601,155.95132573582,0.602124169984354,9.19840399664526e-10,0.0575187792588146,0.0932622624041044,True,4FGL J1023.7+0038,243.480041503906,45.782470703125,LMB,2.629747308802166e-09,PSR J1023+0038
1FDL J0746.3-0715,225.776583749625,8.72834667928276,116.577971669597,-7.25959530785648,9.184295320646232e-10,0.0502573470630201,0.0814884063266105,True,4FGL J0746.5-0710,225.732574462891,8.81326103210449,bcu,7.474779684102373e-10,PMN J0746-0709
1FDL J1312.9+0049,314.906029155397,63.1924210149745,198.228928295258,0.821089899607593,9.178304039740194e-10,0.0549094686798162,0.0890314693466475,True,4FGL J1312.7+0050,314.828369140625,63.2202491760254,PSR,2.493300454986524e-09,PSR J1312+0051
1FDL J1209.4+4119,151.521783908531,73.3815936968324,182.357768187817,41.3330648705805,9.17198720048396e-10,0.0557167518548808,0.090340423133117,True,4FGL J1209.4+4118,151.564880371094,73.399772644043,bll,5.678841286105295e-10,B3 1206+416
1FDL J2022.2-4507,355.034649624132,-34.4391100054224,305.565660110125,-45.131597127993,9.170142405645709e-10,0.0536509387064209,0.0869908552875334,True,4FGL J2022.3-4513,354.926574707031,-34.4655456542969,bll,8.98238927682371e-10,PMN J2022-4513
1FDL J1259.2-1757,305.548160005876,44.8680680734976,194.808413790368,-17.9640748560817,9.16965930641172e-10,0.0518818864382407,0.0841224709408901,True,4FGL J1258.6-1759,305.352020263672,44.8420372009277,fsrq,1.105775915277718e-09,PKS B1256-177
1FDL J0158.4-3933,258.918410660422,-71.3382267955454,29.6194071709292,-39.5548315311078,9.160243956618697e-10,0.0565207654970628,0.0916440666980632,True,4FGL J0158.5-3932,258.832458496094,-71.333122253418,bll,7.295328230405572e-10,PMN J0158-3932
1FDL J2233.6+6531,109.292577428522,6.36728579573604,338.414440174804,65.5224797385278,9.159300760155068e-10,0.0973836952270714,0.157900161896016,True,4FGL J2233.3+6530c,109.261940002441,6.3686203956604,,6.883836833893041e-10,
1FDL J1942.9+2330,59.561672835458,-0.0126378847050615,295.749945062814,23.5039800566881,9.156318266432292e-10,0.138833287239913,0.225107456449988,False,,,,,,
1FDL J2056.7+3130,75.429637067042,-8.97923643442569,314.181394815562,31.5138341631793,9.154213561484605e-10,0.0955418260429242,0.154913690811293,False,,,,,,
1FDL J2023.6-1139,32.6123370596784,-25.6864008159733,305.910463326819,-11.6608203071535,9.151188895680393e-10,0.0465429131221292,0.0754657432530233,True,4FGL J2023.6-1139,32.6113739013672,-25.6789646148682,fsrq,1.225682444427889e-09,PMN J2023-1140
1FDL J0648.4-6100,270.925214369569,-23.8573278289722,102.110616603977,-61.0024127094404,9.149764580493272e-10,0.0504127128588594,0.081740330231436,True,4FGL J0647.7-6058,270.877502441406,-23.9363460540772,bll,4.610714865460608e-10,PMN J0647-6058
1FDL J1750.5-3705,353.542268176635,-5.08797887024108,267.649541630431,-37.0844927184576,9.14894296103532e-10,0.0527916272709762,0.085597554988349,True,4FGL J1750.3-3702,353.547149658203,-5.01915693283081,glc,2.0475841022715713e-09,NGC 6441
1FDL J1557.6-7040,317.217812929512,-13.1609913447168,239.407070647566,-70.6712813541043,9.109646405722085e-10,0.0540164641026005,0.0875835273669102,True,4FGL J1557.5-7040,317.214935302734,-13.1550674438477,bll,6.504888294678324e-10,PKS 1552-705
1FDL J0204.9+1509,147.988951232242,-44.1025543073204,31.2264216398579,15.165568252124,9.10835942547881e-10,0.0641915661040546,0.104081667310357,True,4FGL J0204.8+1513,147.942367553711,-44.0439376831055,bcu,8.244509519528265e-10,4C +15.05
1FDL J1536.8-8004,309.873776884937,-19.5090587294179,234.211738473861,-80.0707839025745,9.095064011587802e-10,0.0490639286087985,0.0795533774932978,True,4FGL J1537.7-7957,309.981567382813,-19.4453220367432,bcu,7.429338810815976e-10,PMN J1537-7958
1FDL J1110.2-1837,271.980487235349,38.0893327870686,167.571505931342,-18.6284389269114,9.094105748885688e-10,0.0553980381639154,0.0898236479999768,True,4FGL J1110.5-1836,272.040008544922,38.1409873962402,bll,4.775709827598007e-10,CRATES J111027.78-183552.6
1FDL J2149.4+0320,60.455407206447,-36.5972368680544,327.363929242318,3.34446307004435,9.090861472699625e-10,0.0489689617109882,0.0793993927165467,True,4FGL J2149.6+0323,60.5515022277832,-36.61279296875,bll,5.199808361666669e-10,PKS B2147+031
1FDL J0806.3+5935,157.595100363216,32.5377596354793,121.581811227149,59.5844889053449,3.6189464762790084e-10,0.0765928257615156,0.124189364452217,True,4FGL J0806.5+5930,157.677719116211,32.5734596252441,bll,2.794470210787381e-10,SBS 0802+596
1FDL J1544.1-2555,344.747601642117,22.6060095854677,236.042752716735,-25.9167168331338,9.08733545209945e-10,0.075980639587075,0.123196751564904,True,4FGL J1544.2-2554,344.757598876953,22.603515625,,1.0907860170661363e-09,
1FDL J1550.9+0526,14.2634953635201,42.1599089859743,237.725910659628,5.44470657829864,9.085899317306171e-10,0.0543022550227636,0.088046918803558,True,4FGL J1550.7+0528,14.2742557525635,42.1994857788086,fsrq,8.333833623197505e-10,4C +05.64
1FDL J0524.3+2839,177.71435789661,-4.06971484157657,81.088721442745,28.6583274989167,9.081896745844555e-10,0.0544306626007721,0.0882551286623521,True,4FGL J0524.5+2839,177.734619140625,-4.04178619384766,bcu,7.531949508532421e-10,NVSS J052429+283918
1FDL J1347.2-2959,317.096329690827,31.3366962611704,206.824419414956,-29.9939998438532,9.078482902383948e-10,0.0546682469491551,0.0886403511604461,True,4FGL J1347.1-2959,317.054565429688,31.3562774658203,bll,4.563235067589488e-10,NVSS J134706-295840
1FDL J2225.3-0459,58.8096795895336,-48.7887750494788,336.344309043303,-4.99755445455505,9.070377451205501e-10,0.051620751569983,0.0836990637894695,True,4FGL J2225.7-0457,58.9422569274902,-48.8329162597656,fsrq,1.0201577360646752e-09,3C 446
1FDL J1226.7-1329,293.78669922328,48.9387927245789,186.696060325432,-13.4946905433851,9.053212616862672e-10,0.0528860511135984,0.0857506426209802,True,4FGL J1226.8-1329,293.819854736328,48.9426879882813,bll,7.216220399008931e-10,PMN J1226-1328
1FDL J0543.3-0119,206.192716964884,-15.7304071596809,85.8296358769964,-1.32327550105662,9.048487692218345e-10,0.0692172801298127,0.11223048424231,False,,,,,,
1FDL J0225.3-7944,297.876976067169,-36.4428918756999,36.325119197879,-79.7464963992043,9.046342783850045e-10,0.0487900176549688,0.0791092491889859,True,4FGL J0224.0-7941,297.911804199219,-36.5155944824219,bll,2.861716974500439e-10,PMN J0223-7940
1FDL J1913.1+1009,44.4313337902341,-0.149357989669945,288.293876191193,10.1506417096269,9.041924575829192e-10,0.182829851629243,0.296444481205594,True,4FGL J1912.7+0957,44.2075271606445,-0.145558759570122,,2.665534015733328e-09,
1FDL J0023.2+4453,117.707711782073,-17.6864939961468,5.82490896562689,44.8996384874699,9.024316532361995e-10,0.0614870393304897,0.0996964892001156,True,4FGL J0023.7+4457,117.804466247559,-17.6453227996826,fsrq,5.470033315191357e-10,B3 0020+446
1FDL J1209.3+5445,135.616900179982,61.3276325910827,182.340392861091,54.7522383778632,9.005836953542022e-10,0.0573134848783018,0.0929294015771172,True,4FGL J1208.9+5441,135.783752441406,61.354736328125,fsrq,1.1239338348900674e-09,TXS 1206+549
1FDL J1805.7+0619,33.418338363222,13.0352241664734,271.429353247181,6.32730274458964,8.996805258414614e-10,0.0559337837725393,0.0906923132675815,True,4FGL J1805.6+0615,33.3503227233887,13.0074348449707,PSR,9.74717639934397e-10,PSR J1805+0615
1FDL J1623.3-2306,353.587330942091,18.3026556254065,245.82601819058,-23.1099904348916,8.99642823675857e-10,0.0645796463951518,0.104710907501885,True,4FGL J1623.7-2315c,353.53759765625,18.1364097595215,,3.857748565039287e-10,
1FDL J1650.4-3010,352.064552492057,9.11531437235859,252.601913441428,-30.1812145383795,8.984748398706659e-10,0.0639411733177236,0.103675683517278,True,4FGL J1649.8-3010,351.984680175781,9.21156120300293,psr,1.6335114372267867e-09,PSR J1649-3012
1FDL J1146.0-0637,275.43943980931,52.721995580549,176.51082452985,-6.62365716689858,3.574957473946702e-10,0.0706168515501709,0.114499782925792,True,4FGL J1146.0-0638,275.435516357422,52.7050552368164,,2.696713408134599e-10,
1FDL J1912.7-1224,24.1780148119605,-10.302612962683,288.199539251035,-12.4047071029676,8.952832927078221e-10,0.0589551094745971,0.0955911725467412,True,4FGL J1912.4-1222,24.1768188476563,-10.2152833938599,bcu,1.2273699834253191e-09,TXS 1909-124
1FDL J2039.4+5219,89.698734949596,6.54180936392883,309.86800147093,52.3287483387892,8.9453109134272e-10,0.0536896366024587,0.0870535962071265,True,4FGL J2039.5+5218,89.6913146972656,6.52476263046265,bll,4.655502372497011e-10,1ES 2037+521
1FDL J0318.0+0258,178.301012985968,-43.5848438572909,49.5024925464668,2.98004648021571,8.940770764555896e-10,0.0533911812727865,0.0865696766146706,True,4FGL J0318.2+0254,178.435592651367,-43.5866203308106,PSR,1.176400532543198e-09,PSR J0318+0253
1FDL J1225.8+2949,185.759587077457,83.7740609983536,186.474290609157,29.8262482708194,8.919086995673055e-10,0.0549225404827113,0.0890526740481197,True,4FGL J1225.9+2951,185.426956176758,83.7729110717773,,1.4434456963030582e-09,
1FDL J0610.3-2100,227.762812320475,-18.1469616336567,92.5992301172752,-21.0078070120784,8.900311362983447e-10,0.0652356852008643,0.105774632540077,True,4FGL J0610.2-2100,227.739944458008,-18.1799850463867,PSR,1.1737676386402995e-09,PSR J0610-2100
1FDL J2052.1-5534,341.884193375939,-38.9809802293731,313.039588044761,-55.5745781574382,8.888256108783958e-10,0.0580941277562599,0.0941951474942574,True,4FGL J2052.2-5533,341.896789550781,-38.9982872009277,bcu,1.0898030256001332e-09,PMN J2052-5533
1FDL J1717.2-4351,344.397360437629,-3.40910527695232,259.304338531643,-43.8563110901522,8.886213021588416e-10,0.114160924980371,0.185103131855183,True,4FGL J1716.1-4342c,344.409729003906,-3.16684007644653,,8.47685310834123e-10,
1FDL J0402.0-2614,223.027428930913,-47.6730007649153,60.5153179845184,-26.2419832364043,8.884478894279905e-10,0.0547482405387365,0.0887700491043936,True,4FGL J0402.0-2616,223.070999145508,-47.6840209960938,bll,5.940072878019008e-10,PKS 0359-264
1FDL J0911.6-6449,282.128210010967,-11.2596644245241,137.900392599649,-64.821039027368,8.88248985216023e-10,0.0629108958665718,0.102005172977377,True,4FGL J0912.1-6449,282.173675537109,-11.2152757644653,glc,3.8110276046054986e-10,NGC 2808
1FDL J0348.8-1615,207.502170379784,-47.6060496031547,57.2191824354653,-16.2587761777409,8.880596953013507e-10,0.0508026756319484,0.0823726185457596,True,4FGL J0348.6-1609,207.338104248047,-47.628475189209,bll,5.94693350119968e-10,PKS 0346-163
1FDL J1507.1+1720,22.7222202748897,57.2323765559951,226.778732701812,17.3401501777933,8.871945800379792e-10,0.053806715399558,0.0872434393463522,True,4FGL J1507.2+1721,22.7715187072754,57.2002868652344,bll,3.1931307598043185e-10,NVSS J150716+172103
1FDL J2024.8-3252,9.68522754202335,-32.9321399005153,306.201076546644,-32.8689823695752,8.836430784719439e-10,0.060925654752173,0.0987862437934672,True,4FGL J2024.6-3252,9.66957855224609,-32.8981399536133,fsrq,8.169247500688924e-10,PKS 2021-330
1FDL J1509.8+5554,91.7903575278752,52.0188398839126,227.460398554527,55.9127606674315,8.83537282310034e-10,0.0516158951401531,0.0836911872283225,True,4FGL J1509.7+5556,91.8394088745117,52.0112152099609,bll,3.396763426088967e-10,SBS 1508+561
1FDL J0312.2-0924,191.59896804725,-52.3708186288974,48.0619876508377,-9.40746637872484,8.809175859737928e-10,0.0700530155832813,0.113585558381344,True,4FGL J0312.1-0921,191.495742797852,-52.3700294494629,psr,1.029847651601301e-09,PSR J0312-09
1FDL J0517.8+7351,138.671294153668,19.8641081485338,79.4664656588732,73.8608897699593,8.801837776994396e-10,0.049329866907998,0.0799845748024615,True,4FGL J0516.4+7350,138.628433227539,19.771089553833,bll,3.9361458537001676e-10,GB6 J0516+7350
1FDL J2118.1+3727,82.8958733202001,-8.31790172336381,319.545749907912,37.4650408428599,8.801079013952608e-10,0.0545566263694529,0.0884593638342528,True,4FGL J2117.9+3729,82.8800964355469,-8.2739725112915,,5.617409315483711e-10,
1FDL J0322.5+5752,141.947638956395,0.691652712474693,50.6395312505472,57.8721771672322,8.799287749636174e-10,0.0902103579550316,0.146269128690883,False,,,,,,
1FDL J0312.5+3615,152.319228803039,-18.4308568812581,48.1265395969264,36.2653700646473,8.775677200092336e-10,0.049303587323153,0.0799419577433734,True,4FGL J0312.9+3614,152.409271240234,-18.412935256958,bll,3.8646821853838276e-10,V Zw 326
1FDL J1647.3+4949,76.6421798133068,40.1161193089495,251.833324368531,49.8285300458017,8.768891975286205e-10,0.0603089966807514,0.0977863775041049,True,4FGL J1647.5+4950,76.645133972168,40.077808380127,bll,1.0901246572103671e-09,SBS 1646+499
1FDL J1955.1+1358,52.7584100664271,-7.28431295328911,298.78468137807,13.9814609251322,8.768765983602899e-10,0.058774514354347,0.0952983391860169,True,4FGL J1955.2+1358,52.7767372131348,-7.31348752975464,fsrq,9.2948543306548e-10,87GB 195252.4+135009
1FDL J0019.7-8150,304.304465000777,-35.1980323541568,4.92765021988339,-81.8454955053097,8.762195927233492e-10,0.0493471384405448,0.0800125772007778,True,4FGL J0019.3-8152,304.314361572266,-35.1620903015137,bll,6.129447505109907e-10,PMN J0019-8152
1FDL J1514.9+4447,74.1924767002011,56.4172302306402,228.726961663743,44.7916886287876,8.756784054926612e-10,0.064644059620327,0.104815355428142,True,4FGL J1514.8+4448,74.2278137207031,56.4160766601563,,7.250176570217093e-10,
1FDL J0133.0-5201,288.315254283008,-63.9028372483317,23.2539971667982,-52.0293833103358,8.723505515689764e-10,0.0544813057101535,0.0883372381111362,True,4FGL J0133.1-5201,288.255798339844,-63.9024276733398,fsrq,1.7198009683028202e-09,PKS 0131-522
1FDL J1816.7+1751,45.3698619897646,15.5089326758478,274.19822518933,17.856416581963,8.710292113337467e-10,0.0450780513593013,0.0730905830145687,True,4FGL J1816.7+1749,45.3385925292969,15.5064535140991,,5.843451833520419e-10,
1FDL J0539.8-2840,232.946177948885,-27.3002885404564,84.9696616841056,-28.6731624362406,8.707601790612976e-10,0.0590266041291822,0.0957070878993202,True,4FGL J0539.9-2839,232.938079833984,-27.2744960784912,fsrq,7.555717163043595e-10,PKS 0537-286
1FDL J1316.1-3336,308.815510500712,28.9846244853253,199.03998118707,-33.6045370137991,8.693704612359187e-10,0.0563918021969915,0.0914349611901108,True,4FGL J1316.1-3338,308.797515869141,28.9542007446289,fsrq,2.3907684720825273e-09,PKS 1313-333
1FDL J1855.2+0500,37.8243874770914,1.4225364131502,283.824776823583,5.00254360642939,8.688043765845729e-10,0.106193254639581,0.172184174674769,True,4FGL J1855.2+0456,37.7670631408691,1.40314030647278,,2.095397633183893e-09,
1FDL J1828.2-0339,27.0119520990861,3.48191240296052,277.051082085661,-3.6654084183349,8.67920607151e-10,0.122477882003397,0.198588432174686,False,,,,,,
1FDL J1813.0-3140,0.54879297719341,-6.49674749131651,273.257447412425,-31.6810590981752,8.678250060398735e-10,0.0484663312480437,0.0785844112227469,True,4FGL J1812.8-3144,0.477776110172272,-6.49766683578491,,8.659333805560721e-10,
1FDL J0909.1+2306,204.514209768071,39.9237536037598,137.286431442524,23.1133001343721,8.672059321304138e-10,0.0506255133896715,0.0820853621975183,True,4FGL J0908.9+2311,204.397308349609,39.9073600769043,bll,4.825232990945949e-10,RX J0908.9+2311
1FDL J0814.3-1012,231.900650786213,13.2483061439965,123.581013072338,-10.2005762155232,8.666972927768833e-10,0.053851493956486,0.0873160400633644,True,4FGL J0814.2-1013,231.899459838867,13.2143430709839,bll,1.003478966588034e-09,NVSS J081411-101208
1FDL J1338.9+1159,341.588540169903,71.2114741651599,204.728607782192,11.9960878148527,8.645207867129628e-10,0.0492659992665575,0.0798810253435726,True,4FGL J1338.9+1153,341.421173095703,71.1266708374023,bll,4.475105286338987e-10,SDSS J133859.05+115316.7
1FDL J2109.8+0445,54.9570687998681,-27.7739651827893,317.468397093512,4.75095216360248,8.636806704368022e-10,0.048005832767344,0.0778377563360471,True,4FGL J2109.6+0440,54.8507385253906,-27.7642288208008,bll,2.9138205737133655e-10,GALEXASC J210940.09+044000.8
1FDL J1959.0-4249,357.049448064935,-29.9807558312787,299.760066660679,-42.8204936127072,8.633766917566582e-10,0.0617205552560301,0.100075120612106,True,4FGL J1959.1-4247,357.095123291016,-30.0004253387451,fsrq,8.009010676879312e-10,PMN J1959-4246
1FDL J1544.5-0653,0.271154894577064,36.0482027401109,236.144915349476,-6.89198617372117,8.630190851824492e-10,0.0520071661223869,0.0843256063442125,True,4FGL J1544.3-0649,0.279705107212067,36.1415901184082,bcu,1.0176330889066776e-09,NVSS J154419-064913
1FDL J2336.4-4117,345.517846062825,-69.0883580603526,354.109692759658,-41.2870299843591,8.624137656370236e-10,0.0568670974982502,0.0922056097813339,True,4FGL J2336.6-4115,345.515319824219,-69.1382446289063,fsrq,7.866914897292077e-10,PKS 2333-415
1FDL J1648.8-1411,4.93244336946254,19.1375308096315,252.22436799406,-14.1958866952751,8.621928162266874e-10,0.0987335111166945,0.160088769967556,False,,,,,,
1FDL J1219.3-4827,297.465547475768,14.0681107787996,184.849113939504,-48.4632611133106,8.608868618066927e-10,0.0606811192614372,0.0983897467686834,True,4FGL J1219.0-4827,297.413543701172,14.0703115463257,bll,6.025747678606307e-10,PMN J1219-4826
1FDL J1159.4-2141,287.209111589236,39.5971738713158,179.873920777261,-21.6834803068254,8.607301978175264e-10,0.0585818529383949,0.0949859508219132,True,4FGL J1159.3-2142,287.18017578125,39.5701370239258,fsrq,1.4338916720646464e-09,PMN J1159-2142
1FDL J2322.8+3439,102.964821349899,-24.7522619238139,350.71048929233,34.6610371158322,8.606127185354085e-10,0.0553413869856647,0.0897317952733429,True,4FGL J2322.7+3436,102.923500061035,-24.7895755767822,bll,4.0465303330350366e-10,TXS 2320+343
1FDL J1612.2+1407,27.8771186620125,41.593204575311,243.051756328201,14.125931329396,8.598690553484768e-10,0.0516030790634555,0.0836704169793921,True,4FGL J1612.1+1407,27.8551940917969,41.6076393127441,,6.649376604883628e-10,
1FDL J0730.4+3313,185.769111259852,22.0926878126742,112.622472477159,33.2274721128324,8.595602430346649e-10,0.0582972104375375,0.0945244409293671,True,4FGL J0730.4+3308,185.864547729492,22.0637016296387,bll,3.4415226224382417e-10,1RXS J073026.0+330727
1FDL J0243.3+7120,131.708990180928,10.3988901809948,40.8315337452548,71.3382532089576,8.578247255693214e-10,0.0596177672807353,0.0966656079306413,True,4FGL J0243.4+7119,131.725463867188,10.3917427062988,bll,9.603530193302843e-10,S5 0238+711
1FDL J1417.6-4402,318.881982479486,16.150246211495,214.400499247811,-44.036710734777,8.573852344679374e-10,0.0643896304945079,0.104402818588428,True,4FGL J1417.6-4403,318.886474609375,16.1324214935303,psr,1.118543146994e-09,PSR J1417-4402
1FDL J0703.4-0047,215.013263527759,2.31184360464163,105.866178686716,-0.796599928435871,8.55928721924775e-10,0.0544321621533305,0.0882575485539212,True,4FGL J0703.3-0050,215.041610717773,2.26414513587952,bcu,1.079018652205832e-09,TXS 0700-007
1FDL J0138.1+2248,136.775410068374,-38.7985022800987,24.5312237853696,22.8149847212008,8.543826096119759e-10,0.0532147803359155,0.0862836596474235,True,4FGL J0138.0+2247,136.75227355957,-38.8220863342285,bll,3.9574868382352685e-10,GB6 J0138+2248
1FDL J1315.6-0734,313.38154330979,54.7982724749795,198.913982651087,-7.58136549749473,8.539469269513573e-10,0.0540817804338875,0.0876894409817644,True,4FGL J1315.9-0732,313.514801025391,54.8213653564453,bll,5.862216823082632e-10,NVSS J131552-073301
1FDL J2247.4-0000,70.1157745441523,-49.7236406423692,341.858889703124,-0.0089439427418758,8.538283288485048e-10,0.0576903250691879,0.093540413990427,True,4FGL J2247.4-0001,70.1055679321289,-49.741626739502,bll,5.596195173929175e-10,PKS 2244-002
1FDL J1036.4-8315,298.911670280189,-21.4621671517545,159.119343129938,-83.2537123162301,8.523309128860583e-10,0.0565536990194363,0.0916974656576617,True,4FGL J1036.5-8318,298.948455810547,-21.510082244873,PSR,7.191734985312336e-10,PSR J1036-8317
1FDL J1400.6-2422,322.458046748951,35.8547373065628,210.162165216912,-24.3789739386721,8.520554133712215e-10,0.0528204224414687,0.0856442427004029,True,4FGL J1400.0-2415,322.352844238281,36.0035591125488,,7.60996488047283e-10,
1FDL J2051.3-0828,39.1959443113574,-30.4624821138244,312.82953202218,-8.48032356514057,8.512559490052698e-10,0.0511254796834441,0.0828960263136404,True,4FGL J2051.0-0826,39.2117919921875,-30.387149810791,PSR,5.64711610806512e-10,PSR J2051-0827
1FDL J0906.6-0900,238.348332665124,24.67772943162,136.658914604934,-9.01609928967755,8.504368692009696e-10,0.0573634378998866,0.0930103895657284,True,4FGL J0906.3-0905,238.368621826172,24.5720806121826,bll,4.805566500287739e-10,PMN J0906-0905
1FDL J0021.8-2552,41.9105572815951,-83.2586560602533,5.45481031713717,-25.8824662958127,8.48085894472485e-10,0.053260457300095,0.0863577192831633,True,4FGL J0021.5-2552,41.9261016845703,-83.1996765136719,bll,6.543885988641306e-10,CRATES J002132.55-255049.3
1FDL J1349.6-1138,324.844563048516,48.7346785972786,207.41451983442,-11.6442752961853,8.471075646545192e-10,0.0600904258077405,0.0974319866907685,True,4FGL J1349.5-1131,324.870544433594,48.8618927001953,fsrq,8.720399402584177e-10,PKS 1346-112
1FDL J1125.9-5823,291.908163952896,2.64674654561274,171.490783594462,-58.3836808006886,8.467627798538225e-10,0.0876207785224126,0.142070340770111,True,4FGL J1125.6-5825,291.880767822266,2.59406614303589,PSR,1.075918798498776e-09,PSR J1125-5825
1FDL J1256.1-1148,304.774310378904,51.0434714301818,194.042778638867,-11.8113434207491,8.453020456901808e-10,0.0558448295844905,0.0905480785410838,True,4FGL J1256.2-1146,304.807769775391,51.0787124633789,bll,7.741456919951871e-10,PMN J1256-1146
1FDL J1830.1+0615,36.1012402733226,7.57985677372652,277.525563476056,6.25320566651274,8.450227474004197e-10,0.0609225933431485,0.0987812758680135,True,4FGL J1830.1+0617,36.1372566223145,7.58582258224487,fsrq,8.506293447396728e-10,TXS 1827+062
1FDL J1746.8-5455,337.490498120724,-13.3530987639975,266.709068200995,-54.9291240191118,8.438397899343551e-10,0.0457733417797169,0.0742179344422839,True,4FGL J1747.1-5453,337.543731689453,-13.3757467269897,bcu,2.8659460915569923e-10,PMN J1747-5450
1FDL J0230.6+4034,142.558394164135,-18.4864074744007,37.6559420555194,40.5749668221588,8.431711921806714e-10,0.053367213122123,0.0865308124618745,True,4FGL J0230.8+4032,142.611022949219,-18.5013160705566,fsrq,9.005028944741865e-10,B3 0227+403
1FDL J0734.4+4109,177.728374482786,25.1510031707168,113.600506167415,41.1639142751382,8.4255154634801e-10,0.0512734619397903,0.0831359704669342,True,4FGL J0733.7+4110,177.688385009766,25.0419292449951,bll,3.5957584132439985e-10,GB6 J0733+4111
1FDL J0113.2-3551,276.237884605305,-80.1176526527814,18.3177115023693,-35.8512513306995,8.410396680615464e-10,0.0549582166756085,0.0891105152238429,True,4FGL J0113.1-3553,276.476806640625,-80.0917358398438,fsrq,4.436465084189933e-10,PMN J0113-3551
1FDL J2145.8+0722,63.6112204598501,-33.3813151793404,326.462216495211,7.37137905030422,2.6563929563507287e-10,0.0735786058090113,0.119302040464154,True,4FGL J2145.7+0718,63.5412292480469,-33.4069137573242,bll,2.2633588059317586e-10,MS 2143.4+0704
1FDL J2256.6-2011,41.5301579194472,-62.8739201481745,344.151480406422,-20.1915904558138,8.386724946473886e-10,0.0564810635170957,0.0915796869447676,True,4FGL J2256.6-2011,41.5309867858887,-62.8951148986816,bll,8.42097891418092e-10,PKS 2254-204
1FDL J0056.3-0938,126.957940415442,-72.471386244364,14.0884841698738,-9.63807851920532,8.375265051167727e-10,0.0498041095441837,0.0807535173251538,True,4FGL J0056.3-0935,126.946327209473,-72.4331512451172,bll,7.224748577172591e-10,TXS 0053-098
1FDL J2207.0-5343,340.033414362145,-49.8588099938643,331.766936466595,-53.7250079756741,8.358885186144296e-10,0.0614714920875747,0.099671291024735,True,4FGL J2207.5-5346,339.9189453125,-49.9061889648438,fsrq,6.298794263948081e-10,PKS 2204-54
1FDL J0416.8+0105,191.82077047682,-33.1594348036388,64.2213540524334,1.08541944971727,8.346693768857944e-10,0.0554660308597969,0.0899338856324956,True,4FGL J0416.9+0105,191.821899414063,-33.1533966064453,bll,6.171313460257011e-10,1ES 0414+009
1FDL J0705.4-4842,259.141238562603,-17.8682134118949,106.353127331289,-48.7098767415738,8.341378725251525e-10,0.058863590698129,0.0954427718393058,True,4FGL J0705.7-4848,259.259948730469,-17.8452644348145,bcu,6.967592058870763e-10,PMN J0705-4847
1FDL J0105.2+3930,125.821860289673,-23.2930663587219,16.3001585433465,39.5014422419376,8.337464543180281e-10,0.0556176502386396,0.0901797416594638,True,4FGL J0105.1+3929,125.814743041992,-23.2985992431641,bll,4.6490619687311607e-10,GB6 J0105+3928
1FDL J1347.8-3751,315.058637504968,23.685418237738,206.961504574742,-37.8544398314573,8.336406431915665e-10,0.0603931592687503,0.0979228525446513,True,4FGL J1347.6-3751,315.01611328125,23.68577003479,fsrq,6.265660212889657e-10,PMN J1347-3750
1FDL J0858.2-4251,264.317574293046,1.87696351841866,134.56069863186,-42.851200116658,8.332674168582737e-10,0.0933180452030658,0.151308022958561,False,,,,,,
1FDL J0137.6-2431,201.473168014143,-79.2839926454887,24.4147509842233,-24.5291483165973,8.301981475744699e-10,0.0664594446336956,0.107758870708632,True,4FGL J0137.6-2430,201.395980834961,-79.2871856689453,fsrq,9.398605227417534e-10,PKS 0135-247
1FDL J0827.4-6402,278.519835631068,-14.5669967599362,126.851214410296,-64.0339653919539,8.296416756889541e-10,0.0514386203335701,0.0834037494276724,True,4FGL J0826.4-6404,278.500335693359,-14.6736402511597,bll,4.096253891638924e-10,SUMSS J082627-640414
1FDL J1027.6+6317,145.69382855484,46.9858886040951,156.906825686049,63.2853631446527,8.285417551681921e-10,0.0617857962113679,0.100180908138612,True,4FGL J1027.6+6317,145.691070556641,46.980598449707,bll,3.5827008026956264e-10,RX J1027.4+6317
1FDL J1358.5+7641,117.971364342252,39.7753980222379,209.649268402137,76.6990234290885,8.282937798577508e-10,0.0630737658118493,0.102269252137792,True,4FGL J1358.1+7642,118.008689880371,39.777717590332,fsrq,3.921858948707779e-10,S5 1357+76
1FDL J0400.4+3928,158.099319147698,-10.1584118688537,60.1200433153892,39.4729618623244,8.28162878833729e-10,0.0614446898576094,0.0996278173996005,True,4FGL J0400.7+3920,158.221923828125,-10.2179203033447,bcu,3.7777983519227116e-10,GB6 J0400+3921
1FDL J1318.6-1233,313.24532638736,49.7653948936419,199.663627630524,-12.5605588835207,8.278614884868542e-10,0.0558038719168431,0.0904816772718265,True,4FGL J1318.7-1234,313.284820556641,49.7404441833496,bcu,5.524233293030534e-10,PMN J1318-1235
1FDL J2245.7+1546,83.7980626031952,-37.3767007617396,341.449728741866,15.770248984649,8.278158929237005e-10,0.0757799230300573,0.122871293693007,True,4FGL J2245.9+1544,83.8225402832031,-37.4181938171387,bll,5.621349496998106e-10,87GB 224338.7+152914
1FDL J2106.4+7512,110.005151466056,18.334537876955,316.613323631937,75.2025983325527,8.274710339277537e-10,0.0605034638632057,0.0981016931696649,True,4FGL J2105.9+7508,109.935035705566,18.3245010375977,,3.7861258572746687e-10,
1FDL J1628.1-3202,347.464078108272,11.5185050170503,247.026147721152,-32.0462758005345,8.262889025200945e-10,0.0691228472043497,0.11207735424088,True,4FGL J1628.1-3204,347.450042724609,11.4914436340332,PSR,1.7062531387779243e-09,PSR J1628-3205
1FDL J1511.9-2253,340.47979961224,29.5496402306571,227.992117677977,-22.8898017895794,8.258972118902561e-10,0.0620896239906525,0.10067353244347,True,4FGL J1512.1-2255,340.506225585938,29.49241065979,bll,5.478129061486925e-10,1RXS J151213.1-225515
1FDL J1543.7+0453,12.3083843290554,43.3661430623497,235.928251047726,4.88828357766899,8.247548535912942e-10,0.0564738776745764,0.0915680356103825,True,4FGL J1543.6+0452,12.2693462371826,43.3740386962891,agn,4.6199269410074345e-10,CGCG 050-083
1FDL J1818.6+0904,37.3868524631959,11.3801505511863,274.656835317021,9.07598809866044,8.243757348092099e-10,0.0563010814062854,0.091287867449116,True,4FGL J1818.6+0903,37.3847160339356,11.3593902587891,fsrq,1.0303299324831983e-09,MG1 J181841+0903
1FDL J0623.3+3044,182.416177266826,8.01351528567055,95.8289557321211,30.7350075435097,8.232315381998526e-10,0.0563997180234592,0.0914478046688348,True,4FGL J0623.2+3044,182.409820556641,8.01105308532715,bll,5.195903707289061e-10,GB6 J0623+3045
1FDL J0425.5-5337,262.29144184269,-42.9126023936604,66.3911702260607,-53.6180235867307,8.229575615503934e-10,0.0595043306595848,0.0964816872744927,True,4FGL J0424.9-5331,262.192535400391,-43.0142593383789,bll,7.63561547323377e-10,PMN J0425-5331
1FDL J1814.1-2528,6.16115479452636,-3.77091538707832,273.526867324804,-25.4670074671606,8.200028465650588e-10,0.0597995289059855,0.0969603216708283,True,4FGL J1814.6-2537,6.08805227279663,-3.96108388900757,,6.441961408754081e-10,
1FDL J1323.8+1404,334.641160308993,74.9193645037473,200.964506062553,14.0807798789489,8.186314023893707e-10,0.055894637126429,0.0906288318535953,True,4FGL J1323.9+1405,334.691040039063,74.9194259643555,bll,4.820508436864657e-10,RX J1323.9+1406
1FDL J1936.8-4720,351.146641243253,-27.0084577908489,294.218678180624,-47.3436526777879,8.185686730424017e-10,0.0553798854625881,0.0897942112580809,True,4FGL J1936.9-4720,351.154174804688,-27.022928237915,bll,6.326115742361083e-10,PMN J1936-4719
1FDL J1252.8-7655,303.017078124908,-14.0520343124909,193.224582166609,-76.9235404354978,8.172896516348462e-10,0.0949126406613521,0.153893525044647,False,,,,,,
1FDL J1640.3-2403,355.479023642289,14.7104985274705,250.09301771639,-24.0591351247006,8.172054983401487e-10,0.11349510507336,0.184023557546728,False,,,,,,
1FDL J0030.4-1645,96.7600637453809,-78.5458983901792,7.61121286411003,-16.755367887569,8.140296803568113e-10,0.0460919304357672,0.0747345106564465,True,4FGL J0030.2-1647,96.4662704467773,-78.5657730102539,bll,2.8775040683548525e-10,2MASS J00302045-1647130
1FDL J2000.5+7043,103.32087279733,20.067299597672,300.141077803749,70.7214028449079,8.12444457003633e-10,0.0514569571158962,0.0834334819197577,True,4FGL J2001.7+7040,103.31559753418,19.9583873748779,bll,4.4200670901162203e-10,TXS 2001+705
1FDL J1904.6-3713,359.872585109058,-18.4541850521912,286.154525710132,-37.2194457788554,8.111983152147694e-10,0.0995745776904942,0.161452493623049,False,,,,,,
1FDL J1816.2-2359,7.69696053412152,-3.51002479598729,274.073363844054,-23.9936158931453,8.108545536657793e-10,0.121959293933107,0.197747583446153,False,,,,,,
1FDL J0127.4-0817,148.947177112842,-69.3301277033413,21.8609450193156,-8.29744226161493,8.097640274850302e-10,0.0595197753021943,0.0965067194509057,True,4FGL J0127.2-0819,148.845947265625,-69.3813781738281,bll,7.259439716023053e-10,PMN J0127-0821
1FDL J0932.4+5306,163.504931623649,45.2211255940069,143.104908430839,53.1146118628781,8.096050342225161e-10,0.0610767467213307,0.0990312417989027,True,4FGL J0932.6+5306,163.511627197266,45.2560920715332,fsrq,5.292439264614757e-10,S4 0929+53
1FDL J1241.3-1456,299.300646762318,47.866925453892,190.339136783559,-14.9337289815738,8.094790251586745e-10,0.0500970357188279,0.0812284765154216,True,4FGL J1241.8-1456,299.460662841797,47.8691825866699,bll,3.761990441386587e-10,RX J1241.8-1455
1FDL J1359.9-3745,317.602082473969,23.1469610231341,209.991264856574,-37.764867390911,8.08975184996614e-10,0.0578918175477445,0.0938671154225675,True,4FGL J1359.8-3746,317.580902099609,23.1493740081787,bll,7.429066251063431e-10,PMN J1359-3746
1FDL J1623.2-6932,319.632125936979,-13.871543148258,245.805323409713,-69.5387493980279,8.082374318020294e-10,0.0547080887373238,0.0887049365821011,True,4FGL J1623.9-6936,319.625030517578,-13.9642534255981,,6.026936172354168e-10,
1FDL J1855.4+0757,40.4717151810309,2.7248336735456,283.869313950436,7.95091329694298,8.076647336415532e-10,0.153697332629178,0.249208356070464,True,4FGL J1856.2+0749,40.456470489502,2.49523615837097,unk,1.617919020979741e-09,NVSS J185612+075340
1FDL J1238.4-2004,298.766815294686,42.6887345268814,189.600943179146,-20.0775782838116,8.074365414408476e-10,0.0535757648170209,0.086868976281312,True,4FGL J1238.3-1959,298.749633789063,42.7711410522461,bll,6.383006345700436e-10,PMN J1238-1959
1FDL J1215.2+1654,261.741796547797,76.7934209465203,183.811711637794,16.912647075029,8.073882039128381e-10,0.0584856125004196,0.094829908348492,True,4FGL J1215.0+1656,261.551818847656,76.7907791137695,fsrq,6.497840598918002e-10,TXS 1212+171
1FDL J1924.7+2811,61.7015486666787,5.83631185098123,291.198633691709,28.1959642890586,8.07239342507802e-10,0.0658063050058158,0.106699852913504,True,4FGL J1925.0+2815,61.7910537719727,5.813796043396,bcu,6.719100831276137e-10,NVSS J192502+281542
1FDL J1213.7-4351,295.772236173772,18.4944278541876,183.425730725569,-43.8521082720751,8.071001722585785e-10,0.0593527986932007,0.0962359778369166,True,4FGL J1213.8-4345,295.787048339844,18.5932674407959,bll,3.28816529560072e-10,PMN J1213-4343
1FDL J2006.0-2310,18.9968910377121,-26.173361835821,301.51096002357,-23.171279496278,8.070789122501109e-10,0.0700102768207427,0.113516271475593,True,4FGL J2005.9-2309,19.003719329834,-26.1371078491211,fsrq,9.528177136175484e-10,TXS 2002-233
1FDL J1110.4-6456,292.497326666025,-4.13610515803316,167.613471769961,-64.9418444113358,8.068972586528659e-10,0.0642574863351918,0.104188555650971,False,,,,,,
1FDL J1733.8-6057,331.188074895128,-14.7821738001244,263.450379671967,-60.9661209019182,8.059259131824559e-10,0.051697728335325,0.0838238777097545,True,4FGL J1733.6-6054,331.235137939453,-14.7416944503784,bcu,3.818357852125587e-10,PMN J1733-6055
1FDL J0719.6-4011,252.079074974935,-12.1728760828089,109.907876416519,-40.1940826616171,8.058525787416438e-10,0.0533690865246143,0.0865338581699037,True,4FGL J0719.7-4012,252.103363037109,-12.1694993972778,bll,5.674309355718775e-10,1RXS J071939.2-401153
1FDL J1659.8-3131,352.265898831144,6.69078766239264,254.963627950447,-31.5258091421863,8.050347732487028e-10,0.0573977775561821,0.0930660753876439,True,4FGL J1659.7-3131,352.260314941406,6.70602560043335,bcu,1.0669349848058116e-09,NVSS J165949-313047
1FDL J1007.5-3332,267.867727072255,17.9457843874422,151.884835766163,-33.5404773035843,8.049913987482367e-10,0.0605501511041768,0.0981774039075578,True,4FGL J1007.6-3332,267.888061523438,17.9573650360107,fsrq,1.1707073088729203e-09,PKS 1005-333
1FDL J0504.4+6406,146.584048578868,13.6096019009856,76.1095871897866,64.1097885696743,8.049913987482367e-10,0.0634837834896644,0.102934051964446,True,4FGL J0505.6+6405,146.683853149414,13.7095518112183,bcu,5.170996408843108e-10,TXS 0500+640
1FDL J0538.2-0712,211.085738994864,-19.5427997515055,84.5567309296539,-7.21026975377142,8.033535552500684e-10,0.083357671104187,0.13515803980327,False,,,,,,
1FDL J0312.5-2226,212.482868485637,-57.7362461290028,48.1391655419099,-22.4487123402712,8.021424866652988e-10,0.0526276432388107,0.0853316558194914,True,4FGL J0312.5-2221,212.314163208008,-57.7115325927734,bll,3.452122476765851e-10,NVSS J031235-222118
1FDL J0340.7-2118,213.777757418445,-51.1337911606389,55.1930019884687,-21.3017232532866,8.011807021516696e-10,0.0599901005556689,0.0972693214936503,True,4FGL J0340.5-2118,213.779266357422,-51.1782760620117,bll,8.960990283135573e-10,PKS 0338-214
1FDL J0130.0+6319,127.253510127611,0.778498972041969,22.5217908687287,63.325488154006,8.010099668856863e-10,0.099986637278951,0.162120624539914,True,4FGL J0129.0+6312,127.158241271973,0.649351477622986,bcu,7.079109520802263e-10,2MASS J01283059+6306298
1FDL J1400.5-5606,312.50198547765,5.46713761200906,210.127828740673,-56.1158109257329,8.00584246460172e-10,0.0650101025996869,0.105408866711574,True,4FGL J1400.6-5605,312.525024414063,5.48977041244507,bcu,7.863965034715648e-10,PMN J1400-5605
1FDL J0931.9+6742,145.085741455389,39.7523199843583,142.994358589641,67.7153191210533,8.00160668429618e-10,0.0569735134519023,0.092378152394783,True,4FGL J0931.9+6737,145.196304321289,39.7927131652832,rdg,4.462422376061425e-10,NGC 2892
1FDL J0703.6-3912,249.858063894798,-14.5695388375192,105.911907234777,-39.2127957767196,8.000782788430117e-10,0.0550326993896131,0.0892312804087987,True,4FGL J0703.2-3914,249.86344909668,-14.6461791992188,bll,5.861615637314799e-10,1RXS J070312.7-391417
1FDL J1404.9+0403,343.386565944052,61.0119027967816,211.234590234221,4.0521068402652,7.993448109001817e-10,0.0551310324651682,0.0893907142030388,True,4FGL J1404.8+0402,343.349273681641,61.0039978027344,bll,5.030120764359934e-10,MS 1402.3+0416
1FDL J1722.7-0418,18.4420170654262,17.5046304372807,260.676170740541,-4.31383113535158,7.990022457791471e-10,0.0821238773975643,0.133157543405221,True,4FGL J1722.8-0418,18.4701366424561,17.4794883728027,,9.304055303971379e-10,
1FDL J0529.0+0938,194.520099456046,-13.4447661114382,82.2517726792142,9.63521414279044,7.988147583540269e-10,0.0563975098654382,0.0914442066440418,True,4FGL J0529.1+0935,194.576965332031,-13.4260311126709,bcu,3.951106664068504e-10,GB6 J0529+0934
1FDL J0131.2+5547,128.550266570482,-6.64353143630212,22.8203327700744,55.7929727550217,7.987267692247752e-10,0.0519079625702026,0.0841647640216352,True,4FGL J0131.2+5547,128.552108764648,-6.65141534805298,bcu,5.450202511525504e-10,TXS 0128+554
1FDL J0339.3-1740,208.199416534117,-50.2616427599299,54.8252370616861,-17.6798319141986,7.975436838742263e-10,0.0481213208294403,0.0780250168916504,True,4FGL J0339.2-1736,208.076370239258,-50.2443695068359,bll,6.779088401742682e-10,PKS 0336-177
1FDL J2007.4+2513,63.9260677540438,-3.89402184310435,301.872896204353,25.231412435659,7.969919227734353e-10,0.0985515471187715,0.159793736075953,True,4FGL J2007.9+2511,63.9524765014649,-4.00566339492798,,7.350484665380462e-10,
1FDL J0012.9-3956,332.434606540953,-74.9110149454091,3.23509712271004,-39.9337940171643,7.93107980671214e-10,0.0557599292417741,0.0904104230430786,True,4FGL J0013.1-3955,332.339874267578,-74.936164855957,bll,4.18483747655074e-10,PKS 0010-401
1FDL J0925.8+3122,194.65493101487,45.3467455128933,141.452376087976,31.3683034644747,7.930946860567391e-10,0.0468284047446329,0.0759286450001456,True,4FGL J0925.7+3126,194.542877197266,45.3520355224609,bll,2.6314339596211767e-10,B2 0922+31B
1FDL J1704.2+1233,32.4570987114351,29.3905962818163,256.061765095325,12.5535934531899,7.925080457793616e-10,0.0486072447918602,0.0788128984164864,True,4FGL J1704.2+1234,32.4788436889648,29.4011325836182,bll,3.165584461228832e-10,NVSS J170409+123421
1FDL J1647.5-6439,325.014080161391,-12.4725042933776,251.88266739902,-64.651407615271,7.924074682373287e-10,0.0577952362277846,0.0937105270304292,True,4FGL J1647.4-6438,325.015563964844,-12.4646825790405,bcu,6.992303402952871e-10,PMN J1647-6437
1FDL J0237.9+5240,138.813410023515,-6.88382341512604,39.477917902573,52.6735412178369,7.921304715814243e-10,0.0590126989348543,0.0956845403321418,True,4FGL J0237.8+5238,138.826583862305,-6.92049694061279,,1.338036126341535e-09,
1FDL J0051.1-0648,122.699551264757,-69.6850497936663,12.7782285944843,-6.81344884412118,7.919787336582343e-10,0.0584858063711514,0.0948302249012052,True,4FGL J0051.1-0648,122.711502075195,-69.6812133789063,fsrq,9.088233499099373e-10,PKS 0048-071
1FDL J0509.1-6416,274.275588736126,-35.2785055810633,77.2837630944308,-64.2774777218824,7.908435191636507e-10,0.0555296384765884,0.0900370220370145,True,4FGL J0509.9-6417,274.270080566406,-35.1894073486328,bcu,3.2368105418179027e-10,RBS 0625
1FDL J1541.8-2915,341.981116561827,20.4063276972478,235.454943218144,-29.2619835903299,7.904856674379633e-10,0.0538070760871904,0.0872440265088059,True,4FGL J1541.9-2915,342.019653320313,20.3887748718262,bcu,4.4151332589947856e-10,NVSS J154203-291509
1FDL J0533.3+5946,152.22056052651,14.136577184976,83.3280642487018,59.777555102965,7.90389132019308e-10,0.0869840726614211,0.141037956578819,True,4FGL J0533.6+5945,152.257537841797,14.167839050293,,7.294078119279844e-10,
1FDL J2321.1-1618,55.658393852994,-66.460480474718,350.289823910916,-16.3031383655066,7.902869308962587e-10,0.0525560613008663,0.0852155982529689,True,4FGL J2321.5-1619,55.7466773986816,-66.5464096069336,bll,3.4631994494382923e-10,NVSS J232137-161935
1FDL J0444.6+3424,167.993573928301,-7.3623169427411,71.1660084789404,34.4040339601001,7.89596473468055e-10,0.0633999828675888,0.102798170056736,True,4FGL J0444.6+3425,167.979095458984,-7.35688877105713,bcu,6.365151739018414e-10,B2 0441+34
1FDL J0809.5+5339,164.643339854075,32.9212994820545,122.375617116454,53.6599678847765,7.875636081695838e-10,0.0590392217372948,0.095727544072912,True,4FGL J0809.5+5341,164.61051940918,32.9243659973145,fsrq,1.0950820250599236e-09,87GB 080551.6+535010
1FDL J0325.5+2222,163.68281587185,-28.0475181947129,51.3952646210417,22.3726081142648,7.873665490130413e-10,0.0728384969120796,0.118102003322068,True,4FGL J0325.7+2225,163.678268432617,-27.9736442565918,fsrq,1.1500074226233892e-09,TXS 0322+222
1FDL J2015.2+3147,70.3570179101835,-1.74072208249119,303.816356790079,31.7872040887177,7.872421160038208e-10,0.133302361373231,0.21613950111184,False,,,,,,
1FDL J1829.7+0103,31.4076976357121,5.30598028438164,277.443002910033,1.06547346128398,7.870196938731315e-10,0.093672281126613,0.151882383864161,False,,,,,,
1FDL J0758.9+2704,194.303464701275,25.959450336493,119.744859447046,27.0781499499831,7.865449010612173e-10,0.0593505602357876,0.0962323680847316,True,4FGL J0758.9+2703,194.310943603516,25.9392509460449,bll,4.781013918098154e-10,SDSS J075846.99+270515.5
1FDL J1304.1-2410,306.650776119574,38.6015199554726,196.044646662422,-24.1782126918389,7.862605394425697e-10,0.0646586500883918,0.104839013080263,True,4FGL J1304.2-2412,306.656372070313,38.569091796875,bll,5.563398630670234e-10,PMN J1304-2412
1FDL J1744.2-5712,335.252205186361,-14.1248928453803,266.063604316645,-57.2079896570436,7.855115225085031e-10,0.0496644698716964,0.0805271041618764,True,4FGL J1744.6-5713,335.254821777344,-14.1801195144653,bll,4.329883951381674e-10,PMN J1744-5715
1FDL J0343.3+3610,157.631479388915,-14.867976931954,55.8271652398738,36.1713854989348,7.851429221584376e-10,0.0653794857586874,0.106007793411599,True,4FGL J0343.4+3621,157.540863037109,-14.7009525299072,fsrq,4.2823949941706014e-10,OE 367
1FDL J1333.7+5058,107.139854031286,64.8416957727952,203.445810577334,50.9684556152865,7.846241659373251e-10,0.0649828403226315,0.105364661898333,True,4FGL J1333.7+5056,107.119644165039,64.8726272583008,fsrq,9.71073332856065e-10,CLASS J1333+5057
1FDL J1104.5+0729,245.784804731251,57.9557963748781,166.144522511263,7.48962633964379,7.819849594451315e-10,0.0583925664651124,0.0946790301418604,True,4FGL J1104.4+0730,245.721832275391,57.9484367370606,bll,4.937009134842184e-10,MG1 J110424+0730
1FDL J1354.9+3706,73.5592158798185,73.3039927774728,208.725697038186,37.1028967713281,7.817958486664699e-10,0.0546174385272924,0.0885579602975474,True,4FGL J1354.4+3707,73.8040618896484,73.3644256591797,bll,2.6980992440250873e-10,NVSS J135426+370654
1FDL J0025.0+6405,120.052170429033,1.37249462836374,6.25755832305989,64.0964871488566,7.810548256966696e-10,0.0631611003807892,0.102410855047545,True,4FGL J0025.3+6408,120.093605041504,1.42184805870056,snr,8.606357848606193e-10,Tycho
1FDL J1506.5-6223,317.888683477164,-3.51659402722084,226.638017272584,-62.3978278362548,7.803462721228653e-10,0.14139852635699,0.229266817531193,True,4FGL J1507.9-6228e,317.993286132813,-3.65631866455078,,1.180851638693525e-09,
1FDL J0437.4-4719,253.481530926198,-41.9246407213744,69.3665823624588,-47.3198355241674,7.79916592627311e-10,0.0665003051622036,0.107825108360163,True,4FGL J0437.2-4715,253.397262573242,-41.9650459289551,PSR,2.083487826709529e-09,PSR J0437-4715
1FDL J1936.7+8355,116.311480698656,25.7784084663864,294.198793998723,83.9218438891639,1.9587382308036598e-10,0.0746389086401373,0.121021218255255,True,4FGL J1937.0+8354,116.298797607422,25.7671546936035,bcu,1.724554943294265e-10,6C B194425+834912
1FDL J0125.2-2548,204.968643541717,-82.3288305270771,21.3041349722087,-25.8135685700222,7.79216535518079e-10,0.0579016633928287,0.0938830765147767,True,4FGL J0125.3-2548,204.982711791992,-82.2894439697266,bll,5.094454302856376e-10,PKS 0122-260
1FDL J1419.8-5156,316.493722173739,8.5897697650129,214.951998652603,-51.9397817930148,7.787912080014293e-10,0.0635595007744731,0.103056825601708,True,4FGL J1419.6-5153,316.493225097656,8.64274215698242,bcu,6.698005483585233e-10,PMN J1419-5155
1FDL J0247.7+6023,136.822738176868,0.699606811847651,41.9337627267014,60.3963634482276,1.5180382688312234e-09,0.108097690511975,0.175272074119156,True,4FGL J0248.4+6021,136.911010742188,0.708723306655884,PSR,3.687817384800951e-09,PSR J0248+6021
1FDL J1049.8+1428,230.841853400051,59.0072257039106,162.459082023148,14.4747075119318,7.777680164070205e-10,0.0590143496367868,0.0956872170720385,True,4FGL J1049.8+1429,230.834579467773,59.0186157226563,bcu,6.216506753808915e-10,MG1 J104945+1429
1FDL J2045.9+3056,73.5204566069687,-7.54986695500475,311.493856391578,30.9383135936265,7.771964353157658e-10,0.0818728483442728,0.132750511349187,False,,,,,,
1FDL J2057.1+7728,111.571434204271,20.1536669346574,314.29695985489,77.4826551031576,7.762050787060984e-10,0.12270075733853,0.198949808813882,False,,,,,,
1FDL J1749.3-0258,23.0275050770907,12.3690673037166,267.337167032023,-2.97233449111859,7.751592966741687e-10,0.0844068589210762,0.136859201335441,True,4FGL J1749.8-0303,23.0172805786133,12.2214040756226,,1.1015395262603531e-09,
1FDL J1547.2-2805,343.754074451118,20.527740967431,236.80173954343,-28.0882527273707,7.747027899474015e-10,0.0585568680881807,0.0949454525545979,True,4FGL J1547.3-2802,343.816131591797,20.5445175170898,bll,3.3099095686495156e-10,1RXS J154711.8-280222
1FDL J1725.4+5851,87.454910817386,33.9762705238023,261.374658551465,58.8535123471405,7.746360066391565e-10,0.0589770529805272,0.0956267345894348,True,4FGL J1725.5+5851,87.4596481323242,33.9693641662598,bll,4.687227828092944e-10,7C 1724+5854
1FDL J2259.7-1552,50.6698972855338,-61.7744437622567,344.934207322749,-15.87421392214,7.743151560402918e-10,0.0573124622188883,0.0929277346231822,True,4FGL J2259.8-1552,50.675106048584,-61.7931900024414,bcu,4.681873222445175e-10,GALEXASC J225957.26-155332.5
1FDL J1954.9-1603,25.1566948657815,-21.1118637294249,298.743544023886,-16.0551920267952,7.742409898485681e-10,0.062071303613846,0.100643831099772,True,4FGL J1955.1-1604,25.154504776001,-21.1481971740723,bll,6.452610112894773e-10,1RXS J195500.6-160328
1FDL J0954.9-3946,269.830902657874,11.4906367705196,148.726506055586,-39.7748636721715,7.728479868628676e-10,0.0667703556669231,0.108262987985684,True,4FGL J0955.3-3949,269.933441162109,11.513521194458,bin,1.306546426604882e-09,CRTS J095527.8-394752
1FDL J1420.4+7728,116.895042821947,38.5974180049607,215.118778191329,77.4678778424287,7.717309538602806e-10,0.0552124672852451,0.0895227583749524,True,4FGL J1418.9+7731,117.025718688965,38.5750427246094,bll,3.5221769945081855e-10,1RXS J141901.8+773229
1FDL J0802.2-5614,269.981692856561,-13.2208799618742,120.556114322513,-56.2345144354667,7.71487049119933e-10,0.0586070521705927,0.0950268148298426,True,4FGL J0802.1-5612,269.948944091797,-13.2096033096313,,1.196222787491763e-09,
1FDL J1220.0+3427,163.59669126672,80.0441198994617,185.006145379422,34.4601514532755,7.707539515986093e-10,0.061335731175998,0.0994511494216074,True,4FGL J1220.1+3432,163.14453125,80.0114669799805,bll,5.156115534532546e-10,GB2 1217+348
1FDL J0259.0+0555,170.71583126126,-44.7909119878792,44.7582800972178,5.92034176145464,7.70259458505995e-10,0.0643821640927833,0.10439071265168,True,4FGL J0259.0+0552,170.748687744141,-44.8268241882324,,7.835373461162475e-10,
1FDL J0319.9+1845,165.123467390064,-31.6834171783822,49.9867196671319,18.7613474349478,7.664956950081934e-10,0.0546681904599164,0.0886402566990316,True,4FGL J0319.8+1845,165.116973876953,-31.6984176635742,bll,4.069189429856124e-10,1E 0317.0+1835
1FDL J1106.9-4442,284.094833452496,14.3168708645544,166.74637911506,-44.7006732564101,7.66036035524704e-10,0.0611103754009873,0.0990857582671759,True,4FGL J1107.0-4449,284.168792724609,14.2046432495117,fsrq,6.426321141894674e-10,PKS 1104-445
1FDL J0401.7+2112,171.438777334213,-23.2484462853973,60.4394318382153,21.2096006366096,7.642916590120756e-10,0.0607576256773379,0.0985138127920023,True,4FGL J0401.7+2112,171.452911376953,-23.2478923797607,fsrq,6.14434003676223e-10,TXS 0358+210
1FDL J2043.5+2743,70.624114544212,-9.10231393799355,310.895692075979,27.7210784715851,7.642019824917346e-10,0.0755408438860413,0.12248366172337,True,4FGL J2043.7+2741,70.6222915649414,-9.14530849456787,PSR,1.2184936393211387e-09,PSR J2043+2740
1FDL J1423.1+3736,67.2334082230557,68.056551563049,215.796393305823,37.6165692683891,7.631796825211206e-10,0.0595313975301198,0.0965255788127267,True,4FGL J1423.1+3738,67.3078765869141,68.0490341186523,bll,6.170779998093677e-10,NVSS J142304+373729
1FDL J1107.6+1502,234.273367999237,63.0276388588582,166.918669584981,15.0392741941934,7.62598734069577e-10,0.0577607615949479,0.0936546195570768,True,4FGL J1107.8+1501,234.341857910156,63.0568084716797,bll,5.784794865348886e-10,RX J1107.7+1502
1FDL J0700.3+1305,202.212962115655,7.87953178235489,105.095399457054,13.0898509831764,7.617354369100877e-10,0.0590152711269304,0.0956887107613702,True,4FGL J0700.2+1304,202.224472045898,7.85180044174194,bll,5.056587926155487e-10,GB6 J0700+1304
1FDL J2333.2-5528,324.109584154176,-58.3193160058643,353.301742653782,-55.4749537065306,7.612613135615491e-10,0.0571141393304101,0.0926061708520455,True,4FGL J2333.1-5527,324.135620117188,-58.3234329223633,bin,6.188335399670564e-10,1FGL J2333.0-5535
1FDL J1949.3+0910,47.8435255158356,-8.45784743525086,297.346668014631,9.17564756023117,7.609532916472635e-10,0.0591893192787901,0.0959709085236497,True,4FGL J1949.5+0906,47.802978515625,-8.52977848052979,bll,6.085150161538876e-10,1RXS J194934.1+090655
1FDL J1730.4-0402,19.6941508631166,15.975582962355,262.604819410287,-4.03870940962536,7.606599665747407e-10,0.0635920576489157,0.10310961102281,True,4FGL J1730.4-0359,19.7380180358887,15.9953107833862,,1.4480773247171894e-09,
1FDL J1514.8-3616,332.739310217467,18.1648228522601,228.721130013644,-36.2709414918221,7.603376216641805e-10,0.0648441425189615,0.105139775932926,True,4FGL J1514.7-3617,332.697143554688,18.1624450683594,bcu,6.53196163824532e-10,PMN J1514-3617
1FDL J0802.1-0945,229.939547393066,10.9055018692616,120.541244910788,-9.75013618652132,7.600317935317614e-10,0.0681900117380686,0.110564855491459,True,4FGL J0802.3-0942,229.924865722656,10.952672958374,bcu,5.395629498750053e-10,WISEA J080215.63-094250.9
1FDL J1452.2+6357,103.515825597392,48.3684045830347,223.055641514658,63.9544361014286,7.595369040087822e-10,0.046194946540652,0.0749015442305599,True,4FGL J1451.4+6355,103.576217651367,48.4551239013672,bll,2.5548027582367183e-10,RX J1451.4+6354
1FDL J1307.0-4036,306.122156273343,22.1749279628444,196.751407074018,-40.6003677981837,7.592368523341038e-10,0.0636193819297729,0.10315392890752,True,4FGL J1306.8-4035,306.089447021484,22.1773681640625,psr,8.986017485668184e-10,PSR J1306-4035
1FDL J1513.4-3229,334.683978997445,21.4768565208139,228.354660695033,-32.4994988956587,7.58633471149764e-10,0.0684096046889465,0.110920885920129,True,4FGL J1513.4-3231,334.678649902344,21.4476890563965,fsrq,8.04602162673973e-10,PKS 1510-324
1FDL J2307.5+1446,88.7407299083069,-41.0901176839806,346.88119810446,14.7818838112973,7.566341170915471e-10,0.0662191971691683,0.107369310230868,True,4FGL J2307.6+1451,88.8422775268555,-41.0399475097656,bll,3.9338493573737305e-10,MG1 J230734+1449
1FDL J0635.0-7511,286.275595193429,-27.1964224344378,98.7745384238268,-75.1913765441117,7.557106106031028e-10,0.0605139921182372,0.0981187625767411,True,4FGL J0635.6-7518,286.404907226563,-27.1710758209229,fsrq,6.463895529940088e-10,PKS 0637-75
1FDL J0012.0+7044,119.668421265847,8.12180574154614,3.02013793667373,70.7437591816797,7.554446327691127e-10,0.0728290717849835,0.118086721219495,True,4FGL J0012.0+7043,119.661102294922,8.11163711547852,bcu,3.7565356381108467e-10,TXS 0008+704
1FDL J0433.9-5726,266.939163512586,-40.9053102498135,68.4761580870101,-57.4386449782052,7.554292559617484e-10,0.0590929174322786,0.0958146049883898,True,4FGL J0433.7-5725,266.931243896484,-40.9262351989746,bcu,4.275420850685663e-10,SUMSS J043344-572613
1FDL J1732.2-5044,340.050697815157,-9.33537764753343,263.057170221046,-50.735439926099,7.553252446022254e-10,0.0729424328655263,0.118270532220942,True,4FGL J1732.7-5050,340.004638671875,-9.45592021942139,PSR,8.883741520193665e-10,PSR J1732-5049
1FDL J0824.7+5551,161.984966968556,35.1191760117277,126.197907934981,55.8564755826073,7.544051422155728e-10,0.0588027907414215,0.0953441974871317,True,4FGL J0824.7+5552,161.954284667969,35.1179504394531,fsrq,5.069428210546788e-10,OJ 535
1FDL J1442.7+1202,8.3456305453758,59.8680981521199,220.682091875796,12.0335382637429,7.537893548995671e-10,0.0572484926990613,0.0928240201978142,True,4FGL J1442.7+1200,8.32852554321289,59.8434677124023,bll,4.527095920359159e-10,1ES 1440+122
1FDL J0601.1+3838,173.210918603658,7.66106012620957,90.2770501617204,38.6424575139009,7.53197517612953e-10,0.057642716150437,0.0934632099389461,True,4FGL J0601.0+3838,173.214782714844,7.65150880813599,bll,7.675183266719897e-10,B2 0557+38
1FDL J1724.7-1916,5.63490887796223,9.19222630491556,261.187028682042,-19.2728896722984,7.528080248935839e-10,0.0926095158980498,0.150159173381518,False,,,,,,
1FDL J0518.4+0716,195.216495696654,-16.9039461068352,79.6116788370126,7.2689845046793,7.514895745896812e-10,0.0603618127758067,0.0978720246550585,False,,,,,,
1FDL J0401.9-2039,215.116074291788,-46.2272733866947,60.4871464743517,-20.6541456443967,7.513456217038396e-10,0.0615367732473269,0.0997771455490752,True,4FGL J0401.9-2034,215.014602661133,-46.2046966552734,bcu,6.515926687100658e-10,PMN J0401-2034
1FDL J1745.2-3616,353.688504463328,-3.74544021852133,266.305490273782,-36.2709913334499,7.512268813321658e-10,0.0818303414936236,0.132681586033923,True,4FGL J1745.6-3626,353.590423583984,-3.90681123733521,,7.318561867641903e-10,
1FDL J1412.4-6634,310.86715115791,-4.96064476488458,213.101556311762,-66.5768568891233,7.509319107408303e-10,0.0570058751992397,0.0924306222376994,True,4FGL J1412.1-6631,310.857818603516,-4.89974403381348,,1.1498412222366028e-09,
1FDL J0047.3-2513,97.1182720823807,-87.882666399576,11.8405397023,-25.21853960536,7.504923677918092e-10,0.060834018367257,0.0986376779634118,True,4FGL J0047.5-2517,97.5743942260742,-87.9693603515625,sbg,7.912951405231182e-10,NGC 253
1FDL J1657.0-3923,345.694161375734,2.28664363527904,254.250943442835,-39.3974193161093,7.497549815556302e-10,0.107457346403938,0.174233798359959,True,4FGL J1657.4-3917c,345.825988769531,2.29142022132874,,9.206831963481931e-10,
1FDL J0739.2-8247,295.117416944471,-25.4195797117097,114.810506637031,-82.7889776409158,7.495772550903009e-10,0.0582780883425781,0.0944934244969341,True,4FGL J0737.3-8247,295.098205566406,-25.4751777648926,bcu,5.231000632655024e-10,SUMSS J073706-824836
1FDL J1856.0-1438,20.3505855074555,-7.62648897361522,284.024251484936,-14.6351436363051,7.492739607853039e-10,0.057967995737629,0.0939906321482525,True,4FGL J1855.9-1435,20.3779830932617,-7.58119058609009,PSR,7.76903708032961e-10,PSR J1855-1436
1FDL J1623.0-7206,317.674847365726,-15.5987319241376,245.753729166372,-72.1011005758542,7.490927606478257e-10,0.0584442685878308,0.0947628856417217,True,4FGL J1622.2-7202,317.678039550781,-15.5117034912109,,5.085363241619234e-10,
1FDL J0315.7-1029,193.84936610504,-52.204375926734,48.9460832518093,-10.4864450115151,7.486605690131538e-10,0.0563277970250852,0.0913311809590558,True,4FGL J0315.9-1033,193.979446411133,-52.199592590332,fsrq,5.662937896389052e-10,PKS 0313-107
1FDL J1431.1-3118,326.746953635843,26.9082458617638,217.785780020153,-31.3118007509649,7.466553133993638e-10,0.0616167600020835,0.0999068392342762,True,4FGL J1431.1-3120,326.739501953125,26.8727512359619,bll,5.252032142522012e-10,PKS 1428-311
1FDL J1120.2+0712,251.40210995705,60.6016263845206,170.067480602928,7.20857449855325,7.461798550131386e-10,0.0687150754049053,0.11141619271208,True,4FGL J1120.6+0713,251.504287719727,60.6733512878418,bcu,1.0162375385647238e-09,1RXS J112041.6+071335
1FDL J0054.3-2459,139.928764770459,-87.7649434493618,13.5801408294353,-24.9889930661598,7.459368804900921e-10,0.0517681720696955,0.0839380947470653,True,4FGL J0054.7-2455,141.986465454102,-87.6800918579102,bll,7.298830984048266e-10,FRBA J0054-2455
1FDL J1628.2-6148,325.760691765421,-8.97541530016935,247.071307588989,-61.807867137376,7.456422014441968e-10,0.0505227202370459,0.0819186938570718,True,4FGL J1628.8-6149,325.790832519531,-9.04176044464111,fsrq,7.140102953329118e-10,LQAC 247-061
1FDL J1132.1-4736,289.36059638036,13.1579670117787,173.046214209299,-47.6145464670183,7.451870173317944e-10,0.0568627312283681,0.0921985294446046,True,4FGL J1132.2-4736,289.366333007813,13.1614189147949,bcu,3.9223913006480865e-10,SUMSS J113209-473856
1FDL J1232.3-3721,298.744368685741,25.3544904911148,188.097127752463,-37.3623198372792,7.44610849667471e-10,0.0664805861718891,0.107793138550782,True,4FGL J1232.5-3720,298.784790039063,25.3786640167236,bcu,4.06057354407352e-10,NVSS J123235-372051
1FDL J2134.0-0149,52.4346981172747,-36.4342876273699,323.504368703663,-1.82006049489971,7.444664316803518e-10,0.0543123152503094,0.0880632381798991,True,4FGL J2134.2-0154,52.3911018371582,-36.5349884033203,bll,1.0835300434663964e-09,PKS 2131-021
1FDL J1759.3-1231,15.5925494675036,5.56556481003407,269.831832416067,-12.5221504827482,7.411330148872695e-10,0.0899840522869267,0.145902204237934,True,4FGL J1759.8-1250,15.5763149261475,5.30254745483398,,4.795141506086509e-10,
1FDL J0254.4+5103,141.830763877966,-7.23849997754839,43.6086514644128,51.063780182542,7.398031224700682e-10,0.0552116399014613,0.0895214167310713,True,4FGL J0253.9+5103,141.766006469727,-7.27212572097778,fsrq,7.914572885958647e-10,TXS 0250+508
1FDL J0115.7-1134,144.305290525922,-73.4324535975008,18.9487920251867,-11.5796838830659,7.394471169519625e-10,0.0559548066247158,0.0907264035996322,True,4FGL J0116.0-1136,144.503860473633,-73.4403991699219,fsrq,8.445812382795737e-10,PKS 0113-118
1FDL J0435.5+3230,168.195953610014,-10.0366050516992,68.8975833857025,32.5038380839292,7.388860036289784e-10,0.0626312172533082,0.101551692344901,True,4FGL J0435.5+3232,168.148895263672,-10.0205345153809,,4.332478542590224e-10,
1FDL J1849.2+4247,72.2727232483697,18.4182259854312,282.317829566455,42.7936319463067,7.388700791842631e-10,0.0507473956591475,0.0822829871985294,True,4FGL J1848.9+4247,72.2472839355469,18.4664497375488,bll,2.570563206738541e-10,RGB J1848+427
1FDL J1544.2+4936,79.1332008919012,50.1520457338053,236.050858694626,49.6126790119393,7.382616687090413e-10,0.0583084653813615,0.0945426900309692,True,4FGL J1544.0+4939,79.2024765014648,50.1599884033203,PSR,4.305968359652468e-10,PSR J1544+4937
1FDL J0646.3-5449,264.346821836614,-22.5843956391043,101.596749231368,-54.8310402340235,7.381962590579993e-10,0.066896421961532,0.10846739320923,True,4FGL J0646.4-5455,264.448638916016,-22.5947074890137,psr,5.878258435565441e-10,PSR J0646-54
1FDL J1845.8-0829,24.7240145903324,-2.62349464513276,281.451966123234,-8.49934303771654,7.381874203604641e-10,0.0968554852213354,0.157043696768381,True,4FGL J1845.8-0831,24.7063102722168,-2.63099837303162,spp,1.3712599944426527e-09,SNR G025.1-02.3
1FDL J1712.0-1923,3.84274696577886,11.6272340010812,258.003682483396,-19.384522175383,7.375954686406307e-10,0.0560980804036831,0.0909586992731022,True,4FGL J1711.9-1922,3.84276437759399,11.6570997238159,,6.970479193846302e-10,
1FDL J0205.3-1705,186.327478459386,-70.1873059411038,31.3447748452548,-17.0916497678115,7.372246365006935e-10,0.0545528159971198,0.0884531770089722,True,4FGL J0205.0-1700,185.980834960938,-70.2019729614258,fsrq,8.403569506931773e-10,PKS 0202-17
1FDL J0656.2+4229,174.069735723552,18.7770065173073,104.071309139299,42.4912074751642,2.9284186226988023e-10,0.099157712134863,0.160776583526809,True,4FGL J0656.3+4235,173.973510742188,18.8261451721191,bll,2.267196291816376e-10,4C +42.22
1FDL J0444.1-6653,278.202753894531,-37.1280564283288,71.0362607359793,-66.8876323630562,7.342717166877673e-10,0.0583818369093676,0.0946616578339021,True,4FGL J0443.3-6652,278.208038330078,-37.2045021057129,bcu,3.498902834131456e-10,PMN J0443-6651
1FDL J2040.1-5735,339.62512917913,-37.0684887471796,310.029568972563,-57.5940805454717,7.331103653813243e-10,0.075179453239099,0.121897676395869,True,4FGL J2040.0-5737,339.596374511719,-37.0567855834961,bcu,3.2550356854343926e-10,PKS 2036-577
1FDL J1744.3-1558,10.9522513954403,6.98166102603131,266.077668758893,-15.9743583427452,7.327575805288049e-10,0.105449012646729,0.170977438121764,True,4FGL J1744.7-1557,11.01171875,6.90591287612915,,1.0400627026285747e-09,
1FDL J0442.5+6146,146.92082131556,10.2164666287479,70.6417778814741,61.7752504226724,7.31717766391378e-10,0.055858010571623,0.0905694561620985,True,4FGL J0442.7+6142,146.986404418945,10.1846904754639,bll,3.7348407699866465e-10,GB6 J0442+6140
1FDL J1932.1+2220,57.330305096907,1.59735850549771,293.039895071545,22.3462595941231,7.303138216224262e-10,0.0986591557994727,0.159968198323343,True,4FGL J1932.2+2221,57.3549346923828,1.58440601825714,PSR,4.679687748421202e-10,PSR J1932+2220
1FDL J0038.2-2459,68.1015204483717,-86.3454856925634,9.56408226839498,-24.9850264688986,7.302701010784649e-10,0.0595053570013655,0.0964833446389579,True,4FGL J0038.2-2459,68.0495300292969,-86.3492050170898,fsrq,1.4487882005198571e-09,PKS 0035-252
1FDL J2030.6-1437,30.3577524868536,-28.4524420263167,307.668455144561,-14.61884614544,2.9040986170432845e-10,0.067608852717005,0.109622539545419,True,4FGL J2030.5-1439,30.2980842590332,-28.4358367919922,fsrq,2.122703679496851e-10,NVSS J203028-143918
1FDL J1057.9-2754,274.351766713106,28.5971444385343,164.482263237143,-27.9008746779512,7.293176434136482e-10,0.053955077168774,0.0874840013662439,True,4FGL J1057.8-2754,274.327239990234,28.5844707489014,bll,4.5544684690312915e-10,RX J1057.8-2753
1FDL J0950.1+4552,172.925498587772,49.7361589990241,147.546202060534,45.8678454401834,7.292652506385046e-10,0.0640728795536026,0.103889226016755,True,4FGL J0950.2+4553,172.893432617188,49.7451324462891,bll,4.069090897562688e-10,RX J0950.2+4553
1FDL J1827.2+1138,40.6827333027709,10.6066291707091,276.800970509625,11.6485592430394,7.28507722765748e-10,0.0613175522766959,0.0994216830507394,True,4FGL J1827.5+1141,40.7509460449219,10.5545997619629,,1.058707232992617e-09,
1FDL J0350.2-2101,214.402206411883,-48.9365247787107,57.5699156751304,-21.0267867112098,7.28230392265561e-10,0.0612727646443523,0.0993490645464476,True,4FGL J0349.8-2103,214.40397644043,-49.0348205566406,fsrq,1.0882377221577142e-09,PKS 0347-211
1FDL J0610.2-1850,225.652075091818,-17.329287755068,92.5579877625648,-18.83787022392,7.27773637711212e-10,0.0569109385174627,0.0922766854853612,True,4FGL J0610.1-1848,225.618057250977,-17.3280754089355,bll,4.681163789932441e-10,PMN J0610-1847
1FDL J0939.8+6147,151.661103527002,43.1450525830413,144.958035841836,61.7930242161483,7.269654317100233e-10,0.0683931367398298,0.110894189706673,True,4FGL J0940.4+6148,151.588119506836,43.2049217224121,bll,2.2818685829761878e-10,RX J0940.3+6148
1FDL J0635.1-2338,232.630477979425,-13.9303824366613,98.7857866206197,-23.6370422257326,7.269532458218604e-10,0.0599067638388375,0.0971341960523256,True,4FGL J0634.9-2335,232.56965637207,-13.9596843719482,fsrq,4.37322927870909e-10,PMN J0634-2335
1FDL J1909.1+2101,53.6615235308696,5.72131739015764,287.275777219754,21.0330364683419,7.262433354384676e-10,0.0619685300179939,0.100477188405635,True,4FGL J1908.9+2103,53.6703109741211,5.7645583152771,PSR,6.916439088122671e-10,PSR J1908+2105
1FDL J0940.9-1334,248.178761587247,28.4231456016128,145.225121829904,-13.5716149407001,7.260120684363086e-10,0.0641148427077231,0.103957275696446,True,4FGL J0940.9-1335,248.207321166992,28.4251041412354,fsrq,6.853801970407858e-10,TXS 0938-133
1FDL J0511.7+3747,168.712992110758,-0.970641819874758,77.9324654867338,37.7970202224524,7.241246973624664e-10,0.0962520090219612,0.156065212634114,False,,,,,,
1FDL J1617.2-5846,326.979253113875,-5.87535157438445,244.300006643876,-58.7765837719037,7.226660956702933e-10,0.0844558676840799,0.136938668091709,True,4FGL J1617.3-5849,326.962768554688,-5.9280481338501,fsrq,1.064613619483623e-09,MRC 1613-586
1FDL J0311.1+3816,150.946523369827,-16.8813903839001,47.7856731874263,38.2748771705867,7.226539818505203e-10,0.0542099262347305,0.0878972139814372,True,4FGL J0310.9+3815,150.918563842773,-16.9214401245117,fsrq,3.6852584872626437e-10,B3 0307+380
1FDL J0958.0+4726,170.051749465771,50.6807310031588,149.512345423107,47.4340716407953,7.225449666098613e-10,0.0660248623831111,0.107054210752563,True,4FGL J0958.0+4728,170.001846313477,50.6696624755859,fsrq,5.533533076196305e-10,OK 492
1FDL J0147.9+5834,130.253454237476,-3.49253773183007,26.979933146023,58.5740056811944,7.222162900651552e-10,0.0947973933119626,0.153706655356256,False,,,,,,
1FDL J1625.9+4134,65.7497650135297,44.2274086680925,246.478030713993,41.5819762493612,7.21862697369751e-10,0.0663758255851022,0.107623278612436,True,4FGL J1625.7+4134,65.7347183227539,44.2505416870117,fsrq,4.079416526803215e-10,4C +41.32
1FDL J1721.3-5310,337.054203141692,-9.24777281262694,260.340578656005,-53.1752165900442,7.21834175434328e-10,0.0754055436032762,0.12226428497039,True,4FGL J1721.3-5257,337.244171142578,-9.12775993347168,,7.591121065075868e-10,
1FDL J1648.5+4236,67.2022238315187,40.0344070083648,252.146061663006,42.6112364865223,7.216820774772018e-10,0.0629172809980413,0.102015520628009,True,4FGL J1648.2+4232,67.1194152832031,40.0864486694336,bcu,4.984617163472649e-10,NVSS J164831+423322
1FDL J0525.9-8307,295.571878792311,-29.4426865368387,81.4881041606453,-83.1196366452385,7.216630674861185e-10,0.0794128287649021,0.128761779995517,True,4FGL J0524.7-8304,295.533477783203,-29.4923038482666,,2.791799291745889e-10,
1FDL J0129.6+3437,131.789953425114,-27.592342777071,22.4055055421329,34.6217769965926,2.2815033983476816e-10,0.071248967243804,0.115524708886705,True,4FGL J0129.7+3436,131.830413818359,-27.5917263031006,bcu,2.0320431448617169e-10,TXS 0126+343
1FDL J1739.0-2518,2.32183469298551,3.14570526524808,264.772031180071,-25.3071440248899,7.214436247595984e-10,0.140897001289367,0.228453595406082,True,4FGL J1739.3-2531,2.1669499874115,2.97997236251831,,1.9229844383517047e-09,
1FDL J1906.3+1650,49.6150388610364,4.39220343012787,286.595150463575,16.8379974738896,7.208046837461503e-10,0.052664416514481,0.08539128468037,True,4FGL J1906.1+1651,49.6152687072754,4.4507212638855,,5.148469983673465e-10,
1FDL J0956.7+2518,205.429577136677,50.9687008320713,149.181493468259,25.301868915481,7.191081982662316e-10,0.0650439554297894,0.105463753690885,True,4FGL J0956.7+2516,205.459136962891,50.9595413208008,fsrq,6.749386050053373e-10,OK 290
1FDL J1359.1+5541,104.3937386518,58.9362536237758,209.779503320709,55.6890672516142,7.190754802480834e-10,0.0619682389680396,0.10047672020524,True,4FGL J1359.1+5544,104.446174621582,58.8839492797852,fsrq,6.465335489203028e-10,87GB 135720.6+555936
1FDL J0653.7+2816,187.566749052057,12.9463617562251,103.446332988236,28.2763673605482,7.173882183659322e-10,0.0612033756369099,0.099236550498848,True,4FGL J0653.7+2815,187.570816040039,12.9273824691772,bll,6.279397557484855e-10,GB6 J0653+2816
1FDL J1322.8-0934,315.710908457469,52.5211663833315,200.704101624896,-9.57028379056428,7.173057628818656e-10,0.0563951130885189,0.0914403227105856,True,4FGL J1322.6-0936,315.634582519531,52.4926261901856,fsrq,6.708123501120156e-10,PKS B1319-093
1FDL J1846.1-2529,9.43136096968232,-10.2364787214178,281.540922124741,-25.4849839218915,7.157220546379376e-10,0.0846133322024803,0.137193978997446,True,4FGL J1845.8-2521,9.51764965057373,-10.1202411651611,,1.1154950296798916e-09,
1FDL J0339.1+5600,144.870962778364,0.453812328683936,54.7932271801142,56.0087056438367,7.155198393078154e-10,0.130756684071823,0.212011876544107,False,,,,,,
1FDL J2014.3-0047,41.9867425197253,-18.7439676742053,303.590369317764,-0.795778887198748,7.154821444639425e-10,0.0612393656022199,0.0992949081801571,True,4FGL J2014.3-0047,41.9944000244141,-18.7498435974121,bll,4.812041320967353e-10,PMN J2014-0047
1FDL J1546.1-1001,357.733145952091,33.6659238936178,236.542296041062,-10.0314807942297,7.151823698310129e-10,0.0614173914462199,0.0995835561430907,True,4FGL J1546.1-1003,357.715118408203,33.6534156799316,bll,4.082650051362435e-10,PMN J1546-1003
1FDL J0515.7-4551,251.616842808841,-35.3558949167191,78.9268377366903,-45.8517750824105,7.150539334404971e-10,0.0580555620642817,0.0941326196690383,True,4FGL J0515.6-4556,251.733642578125,-35.3772888183594,fsrq,1.3023182532378994e-09,PKS 0514-459
1FDL J1925.1+2819,61.8635066090838,5.82117297591813,291.299002406904,28.3315151757341,7.138272452140297e-10,0.0595149506445763,0.0964989131369369,False,,,,,,
1FDL J0505.8+6113,149.087790970158,12.0758605097571,76.4528832292133,61.2312233217418,7.13312903043816e-10,0.0530321237808123,0.0859874973258928,True,4FGL J0506.0+6113,149.109268188477,12.0959014892578,bll,6.302564581339708e-10,RX J0505.9+6113
1FDL J0503.7+4517,161.816261591825,2.33377148870908,75.9451360620544,45.2978647299105,7.13263368059938e-10,0.0669013378640704,0.108475363447174,True,4FGL J0503.6+4518,161.794906616211,2.32800507545471,bcu,6.256298257234505e-10,GB6 J0503+4517
1FDL J1257.1+3644,116.139483976263,80.3143490001758,194.282313168753,36.738725662164,7.129696450581379e-10,0.0571093077576957,0.0925983349684071,True,4FGL J1257.2+3646,116.032661437988,80.27978515625,bll,5.200836428187472e-10,RX J1257.3+3647
1FDL J1023.5-3234,270.113260128259,20.714557859447,155.879637343532,-32.5679170421587,7.113699572397147e-10,0.0620815059860383,0.100660368131418,True,4FGL J1023.9-3236,270.221252441406,20.7416820526123,fsrq,7.275834379427693e-10,PKS 1021-323
1FDL J0939.3-6402,283.713922726365,-8.58957865425968,144.836467364033,-64.0359844008456,7.112745671064892e-10,0.097876106627373,0.158698546106471,True,4FGL J0938.9-6403,283.695220947266,-8.62754631042481,bcu,3.5177055712765077e-10,1RXS J093850.5-640334
1FDL J0353.7+5658,145.860728193145,2.45063710367577,58.4328313045585,56.973379196791,7.111655654739766e-10,0.106295125424034,0.172349343058304,True,4FGL J0353.0+5654,145.837905883789,2.34023380279541,bll,4.1434194963940735e-10,GB6 J0353+5654
1FDL J0506.7+5038,157.832180226115,5.95373920417784,76.6895337544547,50.6496230673349,7.109016463574914e-10,0.0547420685692258,0.0887600365956419,True,4FGL J0506.1+5028,157.917205810547,5.76848745346069,psr,3.7748928982672675e-10,PSR J0506+50
1FDL J0931.5-3601,263.782921092806,11.233514373088,142.892765992356,-36.0250747494422,2.822840371702765e-10,0.0639636342051563,0.103712094439848,True,4FGL J0931.4-3559,263.739776611328,11.2311153411865,,2.0924673105326972e-10,
1FDL J0250.9+5627,138.928355156907,-2.65599054245943,42.7404051666726,56.4576642889108,7.077473305702748e-10,0.106466129660289,0.172626625098758,True,4FGL J0250.7+5630,138.882553100586,-2.61610817909241,bcu,5.339220732203387e-10,RX J0250.7+5629
1FDL J1947.6+3209,67.5784180180496,3.42317600622707,296.917147124605,32.1604837211965,7.071831756853077e-10,0.0839875423204527,0.136179324408455,False,,,,,,
1FDL J0805.0-0115,222.712077441623,15.7128031605525,121.260258479383,-1.26311162370563,7.069833728730268e-10,0.0565164264039194,0.0916370297993479,True,4FGL J0805.2-0110,222.6572265625,15.7874145507813,fsrq,5.758396537380861e-10,PKS B0802-010
1FDL J0427.2+3646,163.931012469193,-8.42687355354181,66.8124261304391,36.7714132899196,7.057891211933624e-10,0.0974671702315679,0.158035516547752,True,4FGL J0427.9+3632c,164.099746704102,-8.49097061157227,,5.025666549585138e-10,
1FDL J0157.6-4620,273.055846244019,-66.7569817834609,29.404416615023,-46.3457337688454,7.051539126543744e-10,0.0616926057312112,0.100029808511891,True,4FGL J0157.7-4614,272.846801757813,-66.8217926025391,fsrq,5.204506825506883e-10,PMN J0157-4614
1FDL J2023.6-0123,42.61015655076,-21.0696623302751,305.913666491592,-1.39301059568878,7.045378341922558e-10,0.0628885931969224,0.101968987828448,True,4FGL J2023.6-0123,42.6109962463379,-21.0821380615234,bcu,5.969740812794554e-10,PMN J2023-0123
1FDL J0146.4-6750,295.163543694249,-48.4510929750798,26.6087222958303,-67.8392165806213,7.045293984995221e-10,0.0576654088593554,0.0935000119228915,True,4FGL J0146.0-6746,295.181518554688,-48.5230407714844,bcu,3.987095376078997e-10,SUMSS J014554-674646
1FDL J1335.8-6256,307.956764906465,-0.502190292874409,203.959654164542,-62.9399497305327,7.04335405441232e-10,0.159479209699455,0.258583234089644,False,,,,,,
1FDL J0001.7+2113,107.730947644167,-40.1776323390363,0.448920124138652,21.2242838539918,7.037975651150706e-10,0.0630271997356022,0.102193748792646,True,4FGL J0001.5+2113,107.649353027344,-40.167652130127,fsrq,1.3590526481976895e-09,TXS 2358+209
1FDL J1214.2-4415,295.937998527397,18.1088829505683,183.560304695265,-44.2571499207854,7.029688484433004e-10,0.0819418727146427,0.132862430105834,True,4FGL J1213.9-4416,295.892486572266,18.0796279907227,,6.578307343296784e-10,
1FDL J1818.1-1338,17.0206063324898,1.00263288623001,274.542658648424,-13.648996624117,6.998949823441952e-10,0.157290613176163,0.255034607421802,True,4FGL J1818.0-1339c,17.0063076019287,1.02138733863831,,1.718386322124843e-09,
1FDL J1609.0+1032,23.1372908879831,40.7626677555342,242.253913094811,10.5474075471671,6.986190116507876e-10,0.0764666946174799,0.123984846761681,True,4FGL J1608.7+1029,23.0286140441895,40.8063926696777,fsrq,8.315595434460477e-10,4C +10.45
1FDL J1554.4-0256,6.01134514299978,36.6424346310585,238.614642753342,-2.93336837420463,6.978097608572229e-10,0.093864265555701,0.15219367775597,False,,,,,,
1FDL J0102.3+6608,124.038827342193,3.28632355932238,15.5917073600391,66.1345797861564,6.970264844355322e-10,0.169606554439603,0.275003947727445,False,,,,,,
1FDL J0223.1-1117,181.061572093487,-63.2701034634983,35.7844201423776,-11.2970797431245,6.970264844355322e-10,0.0599952626378928,0.0972776820602741,True,4FGL J0223.1-1117,181.070678710938,-63.2642364501953,bll,2.4907204076995976e-10,1RXS J022314.6-111741
1FDL J1050.4+0430,245.651664496242,53.3554311486279,162.613874126949,4.51595343287664,6.968779449089336e-10,0.0619375054324094,0.100426882761457,True,4FGL J1050.1+0432,245.54997253418,53.3192253112793,fsrq,5.89951587581794e-10,MG1 J105009+0433
1FDL J0945.1+5753,156.241509062888,45.3518596437688,146.292328810319,57.8969016944798,6.964692074519407e-10,0.061566983372961,0.0998261285350468,True,4FGL J0945.7+5759,156.081893920898,45.3843879699707,bll,3.532064918321254e-10,GB6 J0945+5757
1FDL J1533.8+3411,54.5909371445293,54.608404727309,233.45731905803,34.1918684501984,6.958290563348838e-10,0.0531641910785386,0.0862016341710553,True,4FGL J1533.2+3416,54.7251091003418,54.7190742492676,bll,3.576440810171277e-10,RX J1533.3+3416
1FDL J1956.0+1201,51.1628498222247,-8.46848908234291,299.016040186191,12.0194802030816,3.4824409416181667e-10,0.0641913397195568,0.104081311874425,True,4FGL J1955.8+1154,51.0387802124023,-8.47746086120606,,1.8643894761360966e-10,
1FDL J1621.6-2012,355.629621506789,20.5111334122129,245.408657080888,-20.205384746023,6.938739130175257e-10,0.118147877684348,0.191567691117901,False,,,,,,
1FDL J0657.4-4657,256.921279137027,-18.5022466573193,104.36165986102,-46.9595158584765,6.933789293134215e-10,0.0682458397385787,0.110655363287327,True,4FGL J0657.4-4658,256.941284179688,-18.5105972290039,,4.5356973732424416e-10,
1FDL J1923.2-7457,319.889377791977,-28.1819095303039,290.801092724835,-74.9551388633488,6.930867558161475e-10,0.0520142710465566,0.0843371302759585,True,4FGL J1922.5-7453,319.965911865234,-28.1367626190186,bcu,3.9875328039506996e-10,1RXS J192244.1-74541
1FDL J0227.5+7547,128.84491862153,14.0310425598678,36.8812018635263,75.7877969617988,6.919806016278238e-10,0.115560984163237,0.187373214650897,False,,,,,,
1FDL J1544.4-1124,356.1788357699,33.0321536116311,236.11626732046,-11.4142890670234,6.909076477901961e-10,0.0768337916468545,0.124580066171676,True,4FGL J1544.5-1126,356.176879882813,32.9939308166504,lmb,1.0410752260270326e-09,1RXS J154439.4-112820
1FDL J1024.4-0720,251.678342614372,40.4723803269486,156.118004866128,-7.34050684875425,6.90854705543618e-10,0.0631299323204475,0.102360319661024,True,4FGL J1024.5-0719,251.665985107422,40.4924430847168,PSR,7.550864933314472e-10,PSR J1024-0719
1FDL J0645.0+6038,155.006895406665,22.6550814936491,101.251261544206,60.6431432816946,6.907537956232641e-10,0.0568341379116305,0.0921521661772282,True,4FGL J0644.6+6039,154.980667114258,22.616527557373,bll,3.1608721196008105e-10,NVSS J064435+603849
1FDL J1251.0-0202,302.725994348942,60.8338653337954,192.759055441597,-2.03772163694721,6.906529004423509e-10,0.0529355907731703,0.0858309713544479,True,4FGL J1251.3-0201,302.883758544922,60.8446388244629,bcu,7.358582077010566e-10,TXS 1248-017
1FDL J2039.9-7115,323.169827426711,-34.2075047331154,309.980035490523,-71.2513320469965,6.893888262525473e-10,0.0601308059635271,0.0974974571848273,True,4FGL J2040.2-7115,323.145355224609,-34.2300910949707,bll,4.190908453605146e-10,PKS 2035-714
1FDL J1513.3-2548,338.83780947941,26.9895975269715,228.345443966048,-25.8122837854501,6.893376511358182e-10,0.0666168259668733,0.108014046810128,True,4FGL J1513.4-2549,338.850677490234,26.963249206543,PSR,1.0506611136662514e-09,PSR J1513-2550
1FDL J0152.5+6630,128.98202180637,4.35859078209815,28.1466174537855,66.5093917541249,6.890653313636642e-10,0.0904152067742092,0.146601283903314,False,,,,,,
1FDL J2159.7+2135,78.1444445673545,-25.9839795373692,329.932378185556,21.5936786328594,6.881946308123254e-10,0.0514640204285948,0.0834449455058525,True,4FGL J2200.1+2138,78.2529602050781,-26.0126667022705,bll,4.34955294004169e-10,TXS 2157+213
1FDL J1422.3+5802,101.918325247091,55.2204843296447,215.592652305622,58.0411532476076,2.1755486524716053e-10,0.061740429461361,0.10010734004065,True,4FGL J1422.6+5801,101.849021911621,55.2114334106445,bll,1.7631000825968354e-10,1ES 1421+582
1FDL J1225.1+4334,139.130024169614,72.7251111806336,186.294518509833,43.567690474924,6.870370531855744e-10,0.0666516773378671,0.108070553566582,True,4FGL J1224.9+4334,139.259887695313,72.70947265625,bll,4.0553535529674884e-10,B3 1222+438
1FDL J1710.1-3008,354.709621220439,5.76165626864147,257.525827950372,-30.13837455203,6.866653296044286e-10,0.114720727005733,0.186010807823274,True,4FGL J1711.0-3002,354.907287597656,5.64339065551758,,1.2857392928111722e-09,
1FDL J1438.6+3710,63.668333151467,65.2937532337945,219.662279509013,37.1829236776373,6.866439533928053e-10,0.0649642859224927,0.105334579335236,True,4FGL J1438.9+3710,63.6092643737793,65.2362823486328,fsrq,1.0424868746028435e-09,B2 1436+37B
1FDL J1815.8-2720,4.6881048278876,-5.01058416602012,273.97208289442,-27.3471313295335,6.852411574718595e-10,0.103087755051097,0.167148850232975,True,4FGL J1816.4-2727,4.64740562438965,-5.16688632965088,,7.529392109795197e-10,
1FDL J0354.4+4641,152.507273946146,-5.40888592366167,58.6078104249873,46.6856052076758,6.848753257373173e-10,0.0640742766228066,0.103891505107239,True,4FGL J0354.4+4643,152.483779907227,-5.37956619262695,bcu,7.17416515083613e-10,B3 0350+465
1FDL J0535.7-6610,276.075734721939,-32.260630217715,83.9255238505824,-66.179851362321,6.845277206102012e-10,0.0708309653073209,0.114846949735378,False,,,,,,
1FDL J0550.7-3219,237.616222178466,-26.1511286678558,87.6775960099738,-32.3167143354208,6.838936322098023e-10,0.0566123332023054,0.0917925226257333,True,4FGL J0550.5-3216,237.559646606445,-26.1820049285889,bll,3.3408922850419737e-10,PKS 0548-322
1FDL J0112.2-7507,301.141698133696,-41.9309681442672,18.0538304794815,-75.1249832618617,6.830769018879572e-10,0.0592043607179542,0.0959953052810174,True,4FGL J0112.8-7506,301.086486816406,-41.9491500854492,bll,3.217101585129001e-10,2MASS J01123146-7506179
1FDL J1329.7+7005,118.187453209011,46.6852834011688,202.449814558686,70.0879884711354,6.830196528131529e-10,0.0533875024507115,0.0865637188529138,True,4FGL J1330.2+7002,118.112777709961,46.7224197387695,bll,3.2691788165450925e-10,NVSS J133025+700141
1FDL J1937.3-4000,359.11581660694,-25.3856683028551,294.327849429713,-40.0131557294068,6.827792590893134e-10,0.0594300799814532,0.0963612889110215,True,4FGL J1937.2-3958,359.144439697266,-25.3638763427734,fsrq,6.072696789871657e-10,PKS 1933-400
1FDL J0707.1+6110,155.097796934521,25.3964766114678,106.785379468128,61.1802462935624,6.82614956975518e-10,0.0588691770635789,0.0954518316842292,True,4FGL J0706.9+6109,155.115081787109,25.3672981262207,bll,3.006962456808537e-10,TXS 0702+612
1FDL J1129.9+3809,174.946777423353,69.6882349358991,172.498871395106,38.1533983734,6.814643167913758e-10,0.113238224438382,0.183607053861848,True,4FGL J1131.0+3815,174.416458129883,69.8197708129883,fsrq,9.304780279606462e-10,B2 1128+38
1FDL J1830.3-3127,2.44393845519452,-9.68036754138397,277.5864075871,-31.452214184984,6.807597027812586e-10,0.0640833755016856,0.103906238428983,True,4FGL J1830.8-3132,2.41134905815125,-9.80681896209717,,8.034507503751341e-10,
1FDL J2234.9+0942,76.2864387756928,-40.4809881479272,338.72718065153,9.71261562972271,6.80061517171587e-10,0.0586695614823495,0.0951281708635431,True,4FGL J2234.7+0943,76.2674179077148,-40.4426918029785,PSR,1.6666813484889074e-09,PSR J2234+0944
1FDL J2241.1+6203,108.303278252673,2.94944344925961,340.288492511274,62.0624969415144,6.790631442022039e-10,0.10480656069942,0.169935763206528,False,,,,,,
1FDL J0250.8+6938,133.035155139986,9.13880376869239,42.7049359307375,69.6338571544988,6.787802539652613e-10,0.132919598161351,0.215518900440918,False,,,,,,
1FDL J2033.8+6310,98.1875203312273,13.4877786819377,308.47117939509,63.1679266170326,2.6998149631670426e-10,0.0727587054183724,0.117972617463336,True,4FGL J2033.7+6308,98.1479187011719,13.4855690002441,bcu,1.9294559006066686e-10,87GB 203249.5+625814
1FDL J1804.9-3621,355.595111482017,-7.22661079315084,271.22525390802,-36.3594764632446,6.780329506969465e-10,0.0904273573005152,0.146620977900543,True,4FGL J1805.1-3618,355.662322998047,-7.23736524581909,,1.0035499098393075e-09,
1FDL J0849.9-3540,257.76354641056,5.25035094874388,132.483471844618,-35.669287346096,6.777732120263931e-10,0.0700813041251265,0.113631424674059,True,4FGL J0849.8-3541,257.761535644531,5.2186427116394,bcu,9.39935351773613e-10,PMN J0849-3541
1FDL J2212.5-2525,26.4633167086061,-54.4922674688053,333.139539588516,-25.4309458215218,6.776985555755292e-10,0.0729290302352758,0.118248796246251,True,4FGL J2212.9-2526,26.486307144165,-54.5693321228027,fsrq,5.419035775666714e-10,PKS 2210-25
1FDL J1112.3+3453,186.669290523833,67.4637892332204,168.08441321211,34.8966085368215,6.776320208874981e-10,0.065857113785544,0.106782225206007,True,4FGL J1112.5+3448,186.878723144531,67.5353317260742,fsrq,7.783337307998294e-10,TXS 1109+350
1FDL J1602.8-1929,352.991360627583,24.2585920665966,240.717016419318,-19.4856602757536,6.776255300481642e-10,0.0574606042059764,0.0931679348671131,True,4FGL J1602.9-1928,353.011199951172,24.2621765136719,bcu,3.701141615408688e-10,PMN J1602-1929
1FDL J1053.9+4931,160.1551401853,58.2436160253907,163.48662563507,49.5265358998918,6.773253966537785e-10,0.0616878058836083,0.100022015158636,True,4FGL J1053.7+4930,160.226379394531,58.2208557128906,bll,4.3699868723656716e-10,GB6 J1053+4930
1FDL J0754.6-3954,255.008718009901,-6.11910454380756,118.668008001843,-39.9121282310503,6.772572767793729e-10,0.0571867924238746,0.0927239731894247,True,4FGL J0754.9-3953,255.022567749023,-6.06229972839356,,6.167348298724561e-10,
1FDL J2348.3-5105,325.201668369666,-63.229602512108,357.09221187685,-51.0847023417629,6.759181680016997e-10,0.0743680582626895,0.120582071569131,True,4FGL J2347.9-5106,325.27685546875,-63.1733283996582,,5.060287189273538e-10,
1FDL J2033.2+3841,78.112950729475,-0.765436459687703,308.301931974404,38.6934883493655,6.75360785607707e-10,0.19057143368008,0.308996903790796,False,,,,,,
1FDL J1720.6+0710,28.9565468604929,23.4398946081993,260.150779979025,7.16777050262073,6.744266451515762e-10,0.0708565254226572,0.114888387411949,True,4FGL J1720.6+0708,28.9424705505371,23.4190196990967,,9.190317395990632e-10,
1FDL J2007.9-4425,355.517654547835,-31.8278219727127,301.980883823828,-44.4188496989269,6.737696433893864e-10,0.0585920112118093,0.0950024174163525,True,4FGL J2007.9-4432,355.381072998047,-31.8460540771484,nlsy1,5.884716602899687e-10,PKS 2004-447
1FDL J1742.7-3326,355.835790654272,-1.84171572849483,265.691942110706,-33.4478213931659,1.344231288882231e-09,0.151128469276452,0.245043160158935,True,4FGL J1742.3-3318,355.906158447266,-1.688685297966,PSR,2.923459252457405e-09,PSR J1742-3321
1FDL J0157.0-5305,282.231043061677,-61.3253790042033,29.263238883446,-53.0860054951639,6.733744595660929e-10,0.0641913861025405,0.104081382862531,True,4FGL J0156.9-5301,282.203216552734,-61.3819885253906,bll,5.228727451012104e-10,1RXS J015658.6-530208
1FDL J0730.7-6604,277.622897833944,-20.8010017778401,112.696124123803,-66.0713700823106,6.730874918022267e-10,0.0644475069016729,0.104496657399917,True,4FGL J0730.7-6602,277.597564697266,-20.7930431365967,bll,3.4476141386186043e-10,PMN J0730-6602
1FDL J1547.8-2758,343.946073442203,20.5202000470677,236.960350367989,-27.9751680118331,6.725445225699969e-10,0.0539838889531096,0.0875307142157798,False,,,,,,
1FDL J0011.5+0058,102.500477014379,-60.3015504894041,2.89864048818442,0.980069022145306,6.72130742510056e-10,0.0577806003045121,0.0936867837597733,True,4FGL J0011.4+0057,102.407234191895,-60.3026924133301,fsrq,4.2882067341487584e-10,RX J0011.5+0058
1FDL J1707.9+1645,37.313210402301,30.2182629818926,256.988491842588,16.752914819673,6.716030194368771e-10,0.052509059737393,0.0851393958853361,True,4FGL J1707.5+1649,37.3411140441895,30.3390598297119,fsrq,4.042293444417311e-10,MG1 J170732+1649
1FDL J1727.2-2304,2.74522394663073,6.61662548977549,261.818731028417,-23.0778590294919,6.702710778166805e-10,0.122211258962826,0.198156135460182,True,4FGL J1727.6-2304,2.79440116882324,6.55001831054688,,8.08288491693787e-10,
1FDL J2046.9-6838,325.996865013657,-35.5288741953853,311.725300639291,-68.649675861189,6.694978705439007e-10,0.0636541199857904,0.10321025352257,True,4FGL J2045.9-6835,326.091430664063,-35.4615478515625,psr,4.759799776543615e-10,PSR J2045-68
1FDL J0904.8-3507,259.323469767031,7.92058460012563,136.212870548922,-35.1298412300777,6.693119206655304e-10,0.073256306464604,0.118779447890494,True,4FGL J0904.5-3513,259.360473632813,7.80942344665527,bcu,5.851315543203839e-10,NVSS J090442-351423
1FDL J0123.6-2308,185.958367221873,-81.6953777923738,20.9061985448926,-23.134847187309,6.690170716143779e-10,0.0544500069267884,0.0882864796116115,True,4FGL J0123.7-2311,186.413925170898,-81.7001342773438,bll,5.334907515752717e-10,1RXS J012338.2-231100
1FDL J2052.4+7744,111.6339122503,20.507199171046,313.112655417213,77.735328500912,6.68840865199764e-10,0.0885113956631257,0.143514394160548,False,,,,,,
1FDL J0939.1-7606,292.148249796836,-17.453717537124,144.798968313272,-76.1163998672569,6.687143455911e-10,0.0625858863148306,0.101478191189467,True,4FGL J0940.3-7610,292.248291015625,-17.4494609832764,,1.0352342316721772e-09,
1FDL J0023.2+0921,111.348032026047,-52.8817205683291,5.80518210583722,9.35421181544108,6.684677812252977e-10,0.0697799370678094,0.11314279508332,True,4FGL J0023.4+0920,111.420188903809,-52.8965377807617,PSR,1.2196341714343362e-09,PSR J0023+0923
1FDL J1527.5+1010,15.7674642927009,49.571069156425,231.875292894478,10.1817183477618,6.681669038021523e-10,0.0860002090865174,0.13944270305783,True,4FGL J1527.8+1013,15.90283203125,49.5133209228516,,4.678533116475592e-10,
1FDL J0100.6-5655,300.415439784995,-60.1604335303033,15.1536239238296,-56.9229586056784,6.680629085421439e-10,0.0809944366845297,0.131326244290019,True,4FGL J0059.4-5654,300.730346679688,-60.18505859375,,5.589786966631037e-10,
1FDL J0505.4+0424,196.031919024525,-21.1424226616706,76.374778661113,4.40686709815695,6.678293781944129e-10,0.0946394797401791,0.15345063308838,True,4FGL J0505.6+0415,196.177307128906,-21.1905765533447,bll,5.502580058269756e-10,MG1 J050533+0415
1FDL J0824.8+3918,182.099342820378,34.1795199344837,126.208050508877,39.310878967864,6.670813515564373e-10,0.0639763614820056,0.103732741080263,True,4FGL J0824.9+3915,182.167297363281,34.1925888061523,fsrq,6.137390040628077e-10,4C +39.23
1FDL J1535.7+3738,60.4842755007444,54.0634550391279,233.943122065817,37.6474369822775,6.669567619335407e-10,0.0825718927631463,0.133883937198032,True,4FGL J1535.9+3743,60.6112861633301,54.0258445739746,,5.867227814704279e-10,
1FDL J2156.1+1817,74.9243779703656,-27.8091815533759,329.039220456482,18.2964209162434,6.665384389113206e-10,0.0632788447561303,0.102601757147858,True,4FGL J2156.0+1818,74.9140930175781,-27.7828121185303,bll,4.404301923166543e-10,RX J2156.0+1818
1FDL J0649.5-3138,241.51311159111,-14.2117479146511,102.386351233762,-31.6473422602909,6.660390305425476e-10,0.0615066331213777,0.0997282586073349,True,4FGL J0649.5-3139,241.525375366211,-14.2093296051025,bll,3.750496302412642e-10,NVSS J064933-313917
1FDL J0556.6-4351,250.4990897683,-27.9070410862387,89.1505653365998,-43.8627823232459,6.659401506108187e-10,0.0620512186250416,0.100611261269595,True,4FGL J0556.2-4352,250.493896484375,-27.9618282318115,bll,5.801499836088907e-10,SUMSS J055618-435146
1FDL J1808.1-3355,358.077179718091,-6.65775522977086,272.047963006275,-33.9219050394792,6.656691035187083e-10,0.113907021542391,0.184691467182932,True,4FGL J1808.4-3358,358.045501708984,-6.72543478012085,,1.4865634279104254e-09,
1FDL J1656.0-2732,354.937627177159,9.78666879237357,254.005683437715,-27.5408286235612,6.654762489730409e-10,0.0836926876394376,0.135701238928018,True,4FGL J1656.5-2733,354.997741699219,9.67760467529297,,6.565692434179481e-10,
1FDL J1102.1+8119,127.766659415985,34.7578319619987,165.549788901166,81.3195836019441,6.647626952724024e-10,0.0548321635005165,0.0889061148023431,True,4FGL J1058.5+8115,127.95361328125,34.7431755065918,fsrq,4.336834780183096e-10,S5 1053+81
1FDL J0725.2+0213,214.814693278845,8.53909392809867,111.316931339182,2.22308021253729,6.641548676869791e-10,0.053037413262603,0.0859960758265693,True,4FGL J0725.5+0216,214.801712036133,8.62778282165527,bcu,5.475997988391157e-10,NVSS J072534+021645
1FDL J0231.6+7256,130.214821145714,11.4968517924601,37.9055730362692,72.9362733080418,6.637319442898945e-10,0.0979695184842918,0.158850010567299,False,,,,,,
1FDL J2357.9+6534,117.430740940359,3.27120611378642,359.479070885466,65.5696922172029,6.637303548605446e-10,0.150911239221529,0.244690923660215,False,,,,,,
1FDL J1513.4-7130,313.773617322876,-11.6928317683582,228.364375965963,-71.509272081879,6.635555408669072e-10,0.0598423219303925,0.0970297097124211,True,4FGL J1513.2-7131,313.753784179688,-11.6943483352661,bcu,4.3327141874272e-10,PMN J1512-7131
1FDL J2338.9+2123,101.252711835534,-38.4083343173354,354.746399227094,21.3942189892433,6.635396509689573e-10,0.0656379253701059,0.106426834504179,True,4FGL J2338.9+2124,101.24910736084,-38.3962821960449,bll,4.1558498309335324e-10,RX J2338.8+2124
1FDL J0604.7-0729,214.37913399862,-13.7554315264442,91.1964215986207,-7.48436665278163,6.631981101836122e-10,0.0742612237670431,0.120408838743934,False,,,,,,
1FDL J1947.4+2746,63.767601904038,1.25023259077455,296.87333926358,27.7768018109396,6.627527828814025e-10,0.084627931691628,0.137217654640234,True,4FGL J1947.7+2744,63.7564086914063,1.18390166759491,pwn,1.199997656797791e-09,PWN G63.7+1.1
1FDL J1553.9-0448,4.07546550173503,35.5892228716705,238.482742213032,-4.8141459071182,6.627472281020508e-10,0.0937706561248733,0.152041889652262,False,,,,,,
1FDL J2212.8+2806,85.2626414102242,-22.9296479277401,333.210922042972,28.1093012207827,6.623172708025391e-10,0.0515984084056472,0.0836628338087898,True,4FGL J2212.6+2800,85.1633148193359,-22.9860382080078,bll,4.89129459158022e-10,MG3 J221240+2759
1FDL J1159.4-2226,287.452221208108,38.8622818879378,179.865428992849,-22.4420750579928,6.619620923166384e-10,0.0597399493025363,0.0968637233375114,True,4FGL J1159.2-2227,287.395538330078,38.8314552307129,bcu,8.31372637399852e-10,PKS 1156-221
1FDL J0328.9+5833,142.259027298159,1.93064549031198,52.226184878957,58.5636814182641,6.608976992721073e-10,0.161624238891681,0.262061239920129,True,4FGL J0330.7+5845,142.349349975586,2.02197790145874,,6.673523400557713e-10,
1FDL J0718.1+4541,172.093223799603,23.4929767309143,109.543879170622,45.68595071004,6.605670094118243e-10,0.0644823749148102,0.104553190368853,True,4FGL J0718.0+4536,172.160705566406,23.4555339813232,fsrq,6.452833267722723e-10,S4 0714+45
1FDL J0319.6-7045,287.521077716585,-41.6552925808083,49.9009414777409,-70.7555192276217,1.6589753000440812e-10,0.0835934457676606,0.135540323519353,True,4FGL J0319.4-7045,287.531646728516,-41.6670341491699,bcu,1.1396882743097692e-10,MRSS 054-102986
1FDL J1410.4+2820,41.5094855998785,72.4919838819938,212.614650145137,28.3459193399048,6.60176407443384e-10,0.061425246484365,0.0995963015431546,True,4FGL J1410.4+2820,41.496753692627,72.4846801757813,bll,2.5548513304940457e-10,RX J1410.4+2821
1FDL J2026.3+1431,57.258230291318,-13.42646470363,306.575244533872,14.5199450241364,6.592332744105211e-10,0.0667604729250877,0.108246963520545,True,4FGL J2026.3+1431,57.2732276916504,-13.4441690444946,,4.380732443465263e-10,
1FDL J2153.8-1138,44.4411610287817,-45.6291062297383,328.462259550853,-11.6405584875834,6.590691143859564e-10,0.06595620494266,0.10694288359592,True,4FGL J2153.8-1137,44.4529647827149,-45.6233863830566,fsrq,6.599155666364709e-10,PMN J2153-1136
1FDL J0528.3-5917,267.955015388875,-33.5927165591841,82.0802410274615,-59.2875253146284,6.5867624348616e-10,0.0574083343612842,0.0930831901126572,True,4FGL J0528.7-5920,268.019622802734,-33.5360679626465,bll,2.810432164768173e-10,1RXS J052846.9-592000
1FDL J1458.7-2121,338.570697316803,32.5614082941855,224.68263455936,-21.358083532551,6.572392933011497e-10,0.0703652496369272,0.114091827546461,True,4FGL J1458.8-2120,338.602386474609,32.5667037963867,,6.416260300845521e-10,
1FDL J0003.3-5249,318.903179038848,-62.7897980593396,0.842223623895875,-52.8224319565929,6.572267023547548e-10,0.0684819648636844,0.111038222609913,True,4FGL J0003.1-5248,318.989898681641,-62.7889442443848,bcu,3.15297954411875e-10,RBS 0006
1FDL J1715.9+2313,45.1204455019393,30.7164360301053,258.990824735308,23.2318274780091,6.563082144734874e-10,0.0585926815945439,0.0950035074138021,True,4FGL J1716.1+2309,45.0511932373047,30.6536331176758,,2.74789385690255e-10,
1FDL J0345.2-2351,218.143781182031,-50.8355072726195,56.3112520333796,-23.8659663126485,6.56006526317474e-10,0.0637689169546768,0.103396386418365,True,4FGL J0345.2-2353,218.175643920898,-50.8335952758789,bll,7.783815259010395e-10,NVSS J034518-235218
1FDL J1829.9-4443,350.066242749297,-15.1647972288767,277.483030299769,-44.7200504229628,6.55613911032527e-10,0.078872555910362,0.127885764523839,True,4FGL J1830.2-4443,350.0859375,-15.2087278366089,bcu,7.931826861984347e-10,PMN J1830-4441
1FDL J0857.8-1948,246.232999939661,16.5052751590104,134.453633760099,-19.8132835889477,6.555511143965021e-10,0.058362995730792,0.0946311016147153,True,4FGL J0857.9-1949,246.258987426758,16.5305557250977,fsrq,6.290071796755115e-10,PKS 0855-19
1FDL J2147.1+0931,65.8306663694412,-32.2432019071968,326.797279666265,9.53113886695972,6.551901504472803e-10,0.0598318890119611,0.0970127984677362,True,4FGL J2147.1+0931,65.8080368041992,-32.2409591674805,FSRQ,1.7350584302633363e-09,PKS 2144+092
1FDL J1753.8+2437,49.8580491722972,23.0203964879701,268.472785665371,24.6322292963774,6.545032990937643e-10,0.0569469023963934,0.0923350068063904,True,4FGL J1753.9+2443,49.9651374816895,23.0350894927979,,3.6666586433753423e-10,
1FDL J0405.9-1304,205.735144489246,-42.549844664382,61.4789531446691,-13.0742186852654,6.540473644994913e-10,0.060073496911408,0.0974045483824616,True,4FGL J0405.6-1308,205.787307739258,-42.6322326660156,fsrq,5.575677142211076e-10,PKS 0403-13
1FDL J0901.0-4452,266.181535486401,0.923291783305476,135.258662401073,-44.8830912738328,6.538704033572853e-10,0.125863757170976,0.20407836197759,False,,,,,,
1FDL J1728.3+0425,27.257502537198,20.4738972763744,262.09100664314,4.41930359985735,6.535706183494517e-10,0.072054460980018,0.116830757519017,True,4FGL J1728.4+0427,27.3117980957031,20.4654140472412,fsrq,6.80358880345011e-10,PKS 1725+044
1FDL J0235.8+5651,136.864028958838,-3.15713266985531,38.9510485193309,56.8646934594193,6.535698358008987e-10,0.103434581517567,0.167711206654893,True,4FGL J0235.3+5650,136.818664550781,-3.194748878479,,6.885229608677433e-10,
1FDL J1824.2-5427,340.313034941213,-18.0516839235795,276.071103545386,-54.4575909222091,6.53538534627119e-10,0.0651380173885856,0.105616281007222,True,4FGL J1824.2-5427,340.318908691406,-18.0490169525147,,6.591830969959743e-10,
1FDL J0339.0-2847,225.558894758026,-53.1418023943618,54.7617290425575,-28.7862487821607,6.53116115475764e-10,0.0609805788840747,0.0988753098988769,True,4FGL J0338.9-2848,225.57975769043,-53.158561706543,bcu,4.3986481124136384e-10,NVSS J033859-284619
1FDL J2201.4-6925,321.305088622429,-41.1097837420342,330.353574576994,-69.421402177568,6.528627950523487e-10,0.0617628691839601,0.100143723253743,True,4FGL J2201.0-6928,321.276550292969,-41.0511054992676,,4.5830506056887533e-10,
1FDL J1552.2+5435,85.6064611156395,47.3064884806489,238.061081246757,54.5907128239037,6.528620133513035e-10,0.06785547914964,0.110022417409815,True,4FGL J1553.1+5438,85.6071624755859,47.1682281494141,PSR,4.2517050991008887e-10,PSR J1552+5437
1FDL J0242.6-0001,172.093443587261,-51.9491368334923,40.6546102102206,-0.0203781170206087,6.522658481731818e-10,0.0612303947023552,0.0992803597627201,True,4FGL J0242.6-0000,172.093566894531,-51.9308319091797,sbg,5.26677257361996e-10,NGC 1068
1FDL J0330.0+5044,146.823231384474,-4.6215910674705,52.500152857621,50.7455367866286,6.520909305965002e-10,0.0736830748799706,0.119471415413562,True,4FGL J0330.1+5038,146.911956787109,-4.69635486602783,,6.800537355466928e-10,
1FDL J0050.3-5402,303.277107482186,-63.0844650479387,12.5933647342801,-54.0430739395803,6.52050331439497e-10,0.0621137412513638,0.100712634654504,True,4FGL J0049.4-5402,303.581451416016,-63.0890274047852,bcu,2.8294055987032607e-10,PMN J0049-5402
1FDL J0903.2+4658,172.871765221658,41.5755807186266,135.806079226588,46.9775728773448,6.51752161265308e-10,0.0546803546984943,0.0886599778081128,True,4FGL J0903.1+4652,173.017501831055,41.5741386413574,fsrq,4.4881451333189654e-10,S4 0859+47
1FDL J0038.0+1240,117.838119939428,-50.0615547923189,9.51022846696141,12.6776446592358,6.51652281341494e-10,0.0636541016663518,0.103210221826479,True,4FGL J0037.8+1239,117.773231506348,-50.083179473877,bll,7.29609317406954e-10,NVSS J003750+123818
1FDL J2039.1-3615,6.34711829530535,-36.4969242385115,309.796625194333,-36.2557175143002,6.513574127767585e-10,0.0834145074427878,0.135250175539666,True,4FGL J2039.4-3616,6.33735847473145,-36.5464515686035,PSR,5.163259264584497e-10,PSR J2039-3616
1FDL J1048.7+2343,213.045264557855,62.1524817019602,162.179446738387,23.725528642647,6.507135346122394e-10,0.0613153899612743,0.0994181818925614,True,4FGL J1048.6+2340,213.136535644531,62.1343002319336,PSR,6.379379802190498e-10,PSR J1048+2339
1FDL J2037.2-3330,9.60130412647457,-35.6054819932217,309.304305725718,-33.5075010304974,6.50400400479671e-10,0.0512257702851651,0.0830586285834239,True,4FGL J2036.9-3329,9.60673904418945,-35.5438232421875,bll,2.6755739290784675e-10,1RXS J203650.9-332817
1FDL J1543.3-5151,327.860731980107,2.49425721511639,235.842125165549,-51.8560193622681,1.2975267497283338e-09,0.105424812542478,0.170938173144091,True,4FGL J1543.6-5148,327.925323486328,2.49664974212647,PSR,2.116552932918125e-09,PSR J1543-5149
1FDL J1400.5-1433,326.961933078281,45.0647142852103,210.146440809497,-14.5563709282763,6.49936429153843e-10,0.0681277008742691,0.110463801295629,True,4FGL J1400.6-1432,326.981719970703,45.0691795349121,PSR,1.0333055522337986e-09,PSR J1400-1431
1FDL J1601.9+2308,38.5699206194117,46.9564671400648,240.477147808246,23.1368205053264,6.490514433014943e-10,0.0629369959304493,0.102047482104316,True,4FGL J1602.2+2305,38.5428161621094,46.8744583129883,,6.211538505773716e-10,
1FDL J1841.5+2907,58.4065515288948,14.8067397194392,280.377396180943,29.1182477439173,6.489861669911434e-10,0.0559778256400298,0.0907637263541465,True,4FGL J1841.3+2909,58.4275169372559,14.8470125198364,bll,3.5599989622880907e-10,MG3 J184126+2910
1FDL J1807.4-4342,349.243890375129,-11.083417549485,271.854706949048,-43.7041001286721,6.487841628735539e-10,0.0833093160247906,0.135079628398071,True,4FGL J1807.8-4340,349.306518554688,-11.1390581130981,glc,5.782136991427932e-10,NGC 6541
1FDL J0850.6+3457,188.420010966622,38.5916875735507,132.658849292155,34.961765255887,6.482421704350667e-10,0.0667479209581881,0.108226609972059,True,4FGL J0850.5+3455,188.458648681641,38.569507598877,bll,3.3221697615104517e-10,RX J0850.5+3455
1FDL J2017.7-4118,359.472997814821,-33.1482186520594,304.431377414844,-41.312499870039,6.481040270685434e-10,0.0599079257224401,0.097136067963484,True,4FGL J2017.5-4113,359.561737060547,-33.1070938110352,bcu,2.582793423577812e-10,SUMSS J201729-411516
1FDL J2300.8-0157,71.767691204518,-53.4753125275515,345.221887501899,-1.96352631719266,6.478960914597633e-10,0.0639186999721484,0.103639243305409,True,4FGL J2301.0-0158,71.8027648925781,-53.5124397277832,fsrq,8.71883010233887e-10,PKS B2258-022
1FDL J0849.7-2910,252.629260764347,9.29201317231839,132.446447080863,-29.1684324629961,6.47664957809176e-10,0.060529789886827,0.0981443814316195,True,4FGL J0849.4-2911,252.591156005859,9.21562194824219,bcu,4.53291598701e-10,NVSS J084922-291149
1FDL J1439.3+3928,68.6620890449809,64.431897560593,219.848941026238,39.4671351545814,6.472974855665213e-10,0.0558256343232806,0.0905169601129803,True,4FGL J1439.3+3932,68.8276748657227,64.4205780029297,bll,5.025860283502935e-10,PG 1437+398
1FDL J2309.1+5951,110.41538063899,-0.496017797440512,347.285066287231,59.8662792171152,6.468651588451583e-10,0.122917277538209,0.199300896501234,False,,,,,,
1FDL J0518.8+3841,168.798040817358,0.680003673141115,79.7038322660359,38.6895226240139,6.464486011175656e-10,0.0913333723800292,0.148090023780738,False,,,,,,
1FDL J2338.1-0236,84.2382119438262,-59.8603041940403,354.545516547906,-2.6109224778768,6.463773950601869e-10,0.0649113597501344,0.10524876611417,True,4FGL J2338.0-0230,84.2881546020508,-59.7563743591309,fsrq,7.921989730874657e-10,PKS 2335-027
1FDL J0729.2-2128,236.237551314263,-1.76490195499825,112.316474087362,-21.4683746324755,6.455389923664164e-10,0.137931637579075,0.223645531981155,False,,,,,,
1FDL J1706.6-1921,3.12358591505052,12.8783259369615,256.663440258029,-19.3627709872688,6.451371926156859e-10,0.105115323881866,0.170436393587321,True,4FGL J1705.6-1909,3.14273738861084,12.9942817687988,PSR,5.946342307439068e-10,PSR J1705-1906
1FDL J2049.8+3206,74.9530798327884,-7.46565676916373,312.450128150952,32.1045091463622,6.449101318986458e-10,0.115643584342681,0.187507151037388,False,,,,,,
1FDL J1504.9+0325,2.16731034846964,50.2757296237428,226.236190134827,3.42657858270451,6.44431558304975e-10,0.0798604850249855,0.129487617990405,True,4FGL J1505.0+0326,2.22855281829834,50.2611274719238,NLSY1,1.0625945678910398e-09,PKS 1502+036
1FDL J0147.4-5201,283.797671512594,-62.9680845318343,26.8713523329936,-52.0278829262975,6.443976085168034e-10,0.0523580426530331,0.0848945216189211,True,4FGL J0146.9-5202,283.988189697266,-62.991943359375,bll,3.136619020072118e-10,PKS 0144-522
1FDL J1306.4-7744,303.753516343912,-14.8916738899517,196.600995867128,-77.7395405830556,6.442371428192274e-10,0.0890111992804061,0.144324790881148,False,,,,,,
1FDL J1748.8-3914,351.496002168212,-5.88169546845759,267.20568257726,-39.2425277857501,6.438315280280134e-10,0.0770737566601165,0.124969150417204,False,,,,,,
1FDL J1125.7-3553,284.055964261088,23.8274383973748,171.435293118595,-35.8834387116716,6.435956795156469e-10,0.0560376105551698,0.0908606655383386,True,4FGL J1125.5-3557,284.049896240234,23.7454490661621,bll,5.235640809786446e-10,PMN J1125-3556
1FDL J1039.2-5307,283.767722811232,4.75282917411511,159.818477696763,-53.1295349769534,6.43316780740944e-10,0.0930655097158188,0.150898550967405,True,4FGL J1038.8-5312,283.750122070313,4.65442419052124,fsrq,9.252318911023847e-10,MRC 1036-529
1FDL J0145.1-2729,217.790173590322,-78.0744849477796,26.2814490742381,-27.4979960835679,6.424331163499572e-10,0.061671222833674,0.0999951300875795,True,4FGL J0145.0-2732,217.973541259766,-78.0956573486328,fsrq,6.018479603575598e-10,PKS 0142-278
1FDL J0841.5+7050,143.595738432919,34.4525960847704,130.390065520421,70.8438487844035,6.42137806222856e-10,0.0735113776214037,0.119193023309044,True,4FGL J0841.3+7053,143.549240112305,34.4244613647461,FSRQ,1.619628542393059e-09,4C +71.07
1FDL J0107.7+6502,124.652177050787,2.23160669721553,16.9371359933516,65.0488608060876,6.418856696538284e-10,0.137940407393532,0.22365971912259,False,,,,,,
1FDL J0509.0+1016,191.256356127033,-17.2832267538062,77.2549021041764,10.2768451693358,6.401832692965002e-10,0.0772237247085759,0.125212324425946,True,4FGL J0509.4+1012,191.376907348633,-17.2448863983154,fsrq,7.345491992438723e-10,PKS 0506+101
1FDL J1106.7-1743,270.479333332478,38.4582528468044,166.682922468069,-17.7272205214856,6.39870605613197e-10,0.0692136156467463,0.112224539943528,True,4FGL J1106.7-1742,270.48828125,38.476676940918,,5.554686155484491e-10,
1FDL J0444.4+3202,169.790450494845,-8.91594460411716,71.1155574351351,32.0427176193862,6.392977854130233e-10,0.0827585770376989,0.134186643298732,False,,,,,,
1FDL J1703.3-2848,354.904889383449,7.72557804666664,255.843691275289,-28.8153590217147,6.388172575153129e-10,0.0765043777351807,0.124045940780088,True,4FGL J1703.6-2850,354.926940917969,7.66432619094849,,8.186705757751155e-10,
1FDL J0730.5-0537,222.445031968804,6.07449331422425,112.643620605765,-5.62472999505469,6.387744254378346e-10,0.0593188939957343,0.0961810061672023,True,4FGL J0730.5-0535,222.405197143555,6.08637285232544,bll,9.334505390867776e-10,TXS 0728-054
1FDL J2009.5-7726,316.713525266413,-30.6457768100209,302.377125262549,-77.4409866720891,6.376511099594831e-10,0.0694317010789161,0.112578157298127,True,4FGL J2007.3-7728,316.70068359375,-30.5252876281738,bcu,4.4269166110666447e-10,PKS 2000-776
1FDL J1207.5-6439,298.255279918167,-2.18386138113996,181.887035762451,-64.656342443128,6.366562985722255e-10,0.114651939949183,0.185899252236239,True,4FGL J1207.9-6443c,298.308013916016,-2.24926280975342,,9.965774872000566e-10,
1FDL J0738.4-6727,279.30271811171,-20.5866479437508,114.622596789538,-67.4636364268294,6.360939720490656e-10,0.0560361247752123,0.0908582591657606,True,4FGL J0739.8-6722,279.258392333984,-20.4328899383545,bcu,2.911456631338183e-10,1RXS J073928.1-672147
1FDL J2052.5+1220,59.1177301394928,-19.9303951444873,313.137773114647,12.3439656600022,6.353670373368212e-10,0.0597655154052305,0.0969051753199351,True,4FGL J2052.7+1218,59.1270523071289,-19.9910488128662,PSR,4.4372150398430676e-10,PSR J2052+1218
1FDL J1639.9+2231,41.1680405941962,38.3788507759753,249.988729843832,22.5225042967774,6.350498824906837e-10,0.0602233341021116,0.0976474921490012,True,4FGL J1640.1+2222,41.0048866271973,38.3023376464844,PSR,4.0588649108386216e-10,PSR J1640+2224
1FDL J1128.8-6207,293.443256098619,-0.792120224679258,172.210190658772,-62.1325578592628,6.339953608214453e-10,0.165003104481122,0.267539819222127,True,4FGL J1127.9-6158,293.299407958984,-0.679897785186768,,1.6368285615797618e-09,
1FDL J1143.7-6539,296.030886242685,-3.70249738182321,175.943837806683,-65.6635989966017,6.335248868388058e-10,0.135481936624961,0.219673508763396,False,,,,,,
1FDL J0718.8-1728,231.550566586836,-2.03544192238165,109.716010098005,-17.4672500509627,6.326652778261383e-10,0.107080871332102,0.173623370027408,False,,,,,,
1FDL J0623.4-3359,241.676587142986,-20.1708310199473,95.8596281745643,-33.9855760181439,6.325031897129287e-10,0.0553946793230111,0.0898182001554031,True,4FGL J0623.7-3348,241.528381347656,-20.0482749938965,bcu,6.73182398713834e-10,PMN J0623-3350
1FDL J1819.0+2134,49.1393788680165,16.5049082920259,274.772803307937,21.5749587319418,6.317796021254256e-10,0.0572744549494522,0.0928661176882848,True,4FGL J1819.1+2133,49.1182060241699,16.4924621582031,bll,3.356899203055264e-10,MG2 J181902+2132
1FDL J0800.5+4402,175.711069405321,30.4570423490286,120.126819162551,44.0425399745316,6.301930364968639e-10,0.0570671246695877,0.0925299392361299,True,4FGL J0800.9+4401,175.755569458008,30.5372428894043,bll,3.1832791957953077e-10,B3 0757+441
1FDL J0017.5-0513,101.213369833464,-66.665463524999,4.39543148193262,-5.23202008481825,6.30143237636057e-10,0.063826500774911,0.103489742157125,True,4FGL J0017.5-0514,101.209854125977,-66.6678161621094,FSRQ,7.581995031813449e-10,PMN J0017-0512
1FDL J0936.2-2107,253.503178132768,22.4828521094173,144.05624635014,-21.1293916437154,6.289808745007383e-10,0.0592029874532348,0.0959930705992583,True,4FGL J0936.3-2111,253.580657958984,22.4594554901123,bll,2.3795573844687107e-10,TXS 0933-209
1FDL J2309.9-0553,69.7012986224599,-57.8564301826562,347.489819150482,-5.89165260823087,6.279349269128544e-10,0.0572183017416646,0.0927750689769219,True,4FGL J2310.0-0555,69.6933517456055,-57.9000587463379,PSR,1.0399072714051272e-09,PSR J2310-0555
1FDL J2130.0+5040,93.731327555192,-0.410555928259957,322.516133511223,50.6781319477681,6.277755540351824e-10,0.129649456321307,0.210216599961648,False,,,,,,
1FDL J0947.7-4240,270.658947719675,8.39574083264807,146.929465089089,-42.6762378138308,6.276237363788242e-10,0.0741986150416886,0.120307321949281,True,4FGL J0947.8-4234,270.610931396484,8.49774932861328,,2.6439320177651377e-10,
1FDL J0430.1-3055,231.220436335897,-42.5178298303916,67.5325762574088,-30.9313694058555,6.27551598284459e-10,0.0554510818377702,0.0899096478629025,True,4FGL J0429.9-3101,231.32568359375,-42.5765151977539,bcu,3.888889488212754e-10,MRSS 421-156568
1FDL J1032.8+3735,184.334802571809,59.1264589603806,158.209378536157,37.5871046101795,6.274268790601501e-10,0.0715135362077149,0.115953689805494,True,4FGL J1032.6+3737,184.274322509766,59.0923118591309,bll,5.245323064784202e-10,B3 1029+378
1FDL J0009.2+0630,104.538865103852,-54.8446937719,2.32286873085692,6.51490891712006,6.269853018946691e-10,0.0603932070345691,0.0979229401260889,True,4FGL J0009.1+0628,104.480735778809,-54.8682975769043,bll,4.770014938593191e-10,TXS 0006+061
1FDL J1050.1+1543,228.745342635129,59.6669299893446,162.540436777793,15.7285006684519,6.267841419496594e-10,0.0505943553935613,0.0820348449385842,True,4FGL J1049.5+1548,228.473297119141,59.5737991333008,bll,4.726121161091612e-10,GB6 J1049+1548
1FDL J1647.9-1209,6.55599256661432,20.5110423896844,251.990607052799,-12.1544881844453,6.262890231928985e-10,0.0793707015385325,0.128693460068808,False,,,,,,
1FDL J0932.2-8536,299.253206675126,-24.2440463229939,143.072145509806,-85.6063094723038,6.248299522679347e-10,0.0595230861351181,0.096512089994121,True,4FGL J0931.2-8533,299.203125,-24.229606628418,bcu,4.0199973905252756e-10,PKS 0936-853
1FDL J2113.2+6152,100.037007920166,9.13865292302486,318.30002596481,61.8711054770048,6.246938062506972e-10,0.115745611082905,0.187672579113297,False,,,,,,
1FDL J0321.9+4102,151.184691237435,-13.4301407168417,50.481656708532,41.0423685157831,6.245337604192952e-10,0.0641994239616544,0.104094419518716,False,,,,,,
1FDL J0229.4-3648,244.116652391612,-67.1678576813558,37.3532465730103,-36.8036416235761,6.240194983146661e-10,0.0689659590087378,0.111822983470386,True,4FGL J0229.5-3644,243.935791015625,-67.1615676879883,fsrq,7.022548098589708e-10,PKS 0227-369
1FDL J0032.4-5526,308.579496571584,-61.4830817574614,8.10912941448579,-55.4363255477297,6.239253624799607e-10,0.0604681049476803,0.0980443747462791,True,4FGL J0032.3-5522,308.638946533203,-61.5490074157715,bcu,4.4724524084216455e-10,SUMSS J003210-552228
1FDL J1221.6-0634,289.770064888742,55.5325948145428,185.406136265201,-6.57542838194869,6.236064521902394e-10,0.0581245475759375,0.0942444737099287,True,4FGL J1221.4-0634,289.710906982422,55.517765045166,PSR,8.971051124184725e-10,PSR J1221-0633
1FDL J2324.7+0802,89.0364432435767,-49.0328841732752,351.189031576662,8.04958792655324,6.234026441554632e-10,0.0618971275203158,0.100361409614395,True,4FGL J2324.7+0801,89.0208129882813,-49.0516700744629,bll,6.752162717837962e-10,PMN J2324+0801
1FDL J1042.2-4126,278.406203353094,15.1929589417402,160.555680903702,-41.4441200509063,6.232309894512827e-10,0.0548429780311823,0.0889236622012831,True,4FGL J1042.1-4128,278.416137695313,15.1580848693848,bll,2.629944595433642e-10,1RXS J104204.1-412936
1FDL J1451.0+5158,89.0775172338959,56.5592431235987,222.754959701335,51.9799512769077,6.231160818513176e-10,0.055509450551068,0.0900042903498887,True,4FGL J1450.8+5201,89.1682510375977,56.5460815429688,bll,6.193532908760345e-10,SDSS J145059.99+520111.7
1FDL J1416.0+1316,2.11054365142881,65.8545417729065,214.016311061845,13.2712849709635,6.22992244138859e-10,0.0541588962283699,0.0878144656555837,True,4FGL J1416.1+1320,2.27407598495483,65.8920211791992,bcu,4.919821772197962e-10,PKS B1413+135
1FDL J2031.6+1221,56.1093230621866,-15.6923038230259,307.901897393993,12.3506945946932,6.226551722051931e-10,0.049838663667424,0.0808095462022473,True,4FGL J2032.0+1219,56.146125793457,-15.7882862091064,bll,4.823058619152221e-10,PKS 2029+121
1FDL J1910.7-6000,336.454514221495,-25.6169491476714,287.682178781183,-60.0165475204664,6.222363238289954e-10,0.0742809712716703,0.120440871820086,True,4FGL J1910.8-6001,336.453216552734,-25.6358661651611,glc,6.457588352937194e-10,NGC 6752
1FDL J0909.9-5044,271.528863208179,-1.89351988013154,137.483128949841,-50.7395413346321,6.219800859103691e-10,0.169112082379687,0.274202189171495,True,4FGL J0911.0-5047,271.686065673828,-1.80861830711365,bcu,5.637811884007249e-10,AT20G J091058-504807
1FDL J1107.3-7649,296.986798139259,-15.169236080391,166.846483230629,-76.8244088854701,6.215572263281135e-10,0.150517926069577,0.244053191257091,False,,,,,,
1FDL J0226.1+1313,155.60088222235,-43.5617616486407,36.5495690693483,13.2179394239861,6.212477087436187e-10,0.0523399047035794,0.0848651053815117,True,4FGL J0225.8+1310,155.530288696289,-43.6377792358398,bcu,3.251225677569636e-10,NVSS J022551+131046
1FDL J0847.0+1135,215.418715143455,30.8722699468775,131.774285824175,11.5856577447786,6.206313652145697e-10,0.0609403344484136,0.0988100607927198,True,4FGL J0847.2+1134,215.454132080078,30.8988018035889,bll,4.203378478617736e-10,RX J0847.1+1133
1FDL J0115.8+7641,124.378970892307,13.8885601001978,18.9728634859818,76.6915537787814,6.203067113519983e-10,0.076987412493779,0.124829154523953,False,,,,,,
1FDL J0650.7+6524,150.121631016231,24.4249929879692,102.682399287169,65.4148143721274,6.195436642023149e-10,0.0601707250020186,0.0975621776679758,True,4FGL J0651.4+6525,150.12971496582,24.4997787475586,bcu,3.229909395496833e-10,NVSS J065125+652458
1FDL J1843.2-1237,20.7491299824835,-3.93583879075568,280.809135910306,-12.6309746629814,6.19169906238289e-10,0.0969132702636004,0.15713740297248,True,4FGL J1843.3-1242,20.6893081665039,-3.99970293045044,,9.230138320326375e-10,
1FDL J0839.4+0107,224.942989454359,24.3999065511397,129.870387146343,1.12897852122119,6.190120167937228e-10,0.0604211164532327,0.0979681678609254,True,4FGL J0839.8+0105,225.032653808594,24.4604568481445,fsrq,7.521006595290203e-10,PKS 0837+012
1FDL J2044.5+5008,88.6447852412425,4.56702641741735,311.149762974721,50.1347662742766,6.185163722818615e-09,0.0905828853093667,0.146873141458303,True,4FGL J2045.2+5026e,88.7528686523438,4.6704306602478,SNR,1.0646465931074545e-08,HB 21
1FDL J2200.0+7630,113.386113582388,16.9327145740825,330.000236276336,76.5123622345754,6.176327550918396e-10,0.124184354283151,0.201355324775853,False,,,,,,
1FDL J1159.6-0723,281.109117008773,53.2664074029186,179.903678488231,-7.39534896616284,6.169187926882345e-10,0.0659146211858574,0.10687548562556,True,4FGL J1159.5-0723,281.098052978516,53.2691040039063,bll,3.905073209242715e-10,PMN J1159-0723
1FDL J1158.2-6331,297.049166349479,-1.26059562294606,179.571933425039,-63.5236421874784,6.167888014918133e-10,0.138486077726068,0.224544506318918,True,4FGL J1157.7-6327,296.977813720703,-1.20748353004456,,1.1744618610975974e-09,
1FDL J1742.4+5945,88.4577147027914,31.7906653981499,265.613887530652,59.7505483612175,6.166381641508879e-10,0.06206331314063,0.100630866733502,True,4FGL J1742.5+5944,88.451904296875,31.7841491699219,bll,3.8237471522428734e-10,RGB J1742+597
1FDL J0606.6-4727,254.871434695592,-26.9271185185398,91.659087444968,-47.4617887760503,6.159755017801071e-10,0.0654071356228663,0.106052613964885,True,4FGL J0606.5-4730,254.914886474609,-26.9472045898438,bcu,3.0095181902112245e-10,RX J060635.9-473001
1FDL J0250.8+2559,153.913172954364,-29.5974809520484,42.724324045721,25.9919812770929,6.14912894305114e-10,0.0740442784023648,0.120057094610695,True,4FGL J0251.0+2605,153.884170532227,-29.494312286377,PSR,8.647292881747147e-10,PSR J0251+26
1FDL J1531.0+5740,91.6713081784633,48.6318415856495,232.750051949825,57.6718155105777,6.146478969517632e-10,0.0470378079478873,0.0762681772959161,True,4FGL J1530.9+5736,91.5918655395508,48.6689224243164,bll,2.2343600580843057e-10,WN B1529+5746
1FDL J0122.1+6147,126.551772536112,-0.85730515315494,20.5363131506734,61.7984299991981,6.141447165631583e-10,0.0880411125724315,0.14275188139358,False,,,,,,
1FDL J1123.9+2336,218.191113169975,69.959573884843,170.995877164847,23.60439127938,6.139417955246059e-10,0.0617314272291521,0.100092768538188,True,4FGL J1124.0+2336,218.164459228516,69.9701385498047,fsrq,4.138979436962842e-10,OM 235
1FDL J0513.5+4043,166.548737536033,1.03389904734041,78.3813327615112,40.7263540866233,6.1386387990334e-10,0.0880312455793916,0.142735854504965,True,4FGL J0512.8+4041,166.502105712891,0.915331959724426,bcu,8.180305322014191e-10,B3 0509+406
1FDL J2006.5+0149,43.4051751480561,-15.7759724430566,301.636974872981,1.81736123186705,6.13853589900185e-10,0.0650789914932344,0.105520557771164,True,4FGL J2006.4+0147,43.3811912536621,-15.7742280960083,PSR,4.874973202895204e-10,PSR J2006+0148
1FDL J1419.7+3820,69.7567932009046,68.4006776615976,214.92604838358,38.3401617698499,6.135214624644367e-10,0.0643903560571574,0.104403988512674,True,4FGL J1419.5+3821,69.8480606079102,68.4125061035156,fsrq,4.19304924115238e-10,B3 1417+385
1FDL J2331.1-2144,44.9791909260106,-70.9727034080338,352.783295807806,-21.7470834096489,6.135155857214286e-10,0.0720510476601356,0.116825221395929,True,4FGL J2331.0-2147,44.8206100463867,-70.9719848632813,fsrq,1.0010645645763816e-09,PMN J2331-2148
1FDL J1205.8-2629,290.420672091397,35.2765497761094,181.463443712324,-26.4853140076931,6.133437158899394e-10,0.055630653065699,0.0902008108606657,True,4FGL J1205.7-2635,290.416076660156,35.1638069152832,fsrq,5.935930080802621e-10,PKS 1203-26
1FDL J0539.3+1441,191.448705325755,-8.65858547662653,84.8495909327286,14.689328616753,6.132320997443962e-10,0.0759305372395592,0.123115503144332,True,4FGL J0539.6+1432,191.602432250977,-8.68741416931152,FSRQ,7.284233771720493e-10,TXS 0536+145
1FDL J1447.0-5803,317.749814813566,1.45214753003896,221.754519497967,-58.0552141729735,6.131072899595707e-10,0.151391382736474,0.245469459635891,True,4FGL J1447.4-5757,317.842803955078,1.5231397151947,,2.283339295416908e-09,
1FDL J0736.9-3240,246.918833698308,-5.64694267169258,114.240030451892,-32.6809216395104,6.123208390709156e-10,0.0918071646229263,0.148858232557068,True,4FGL J0736.9-3231,246.78596496582,-5.57480525970459,,8.776830373591337e-10,
1FDL J1712.5+2930,51.9413321002268,33.2738493202815,258.127392366843,29.5074217502315,6.122841822264574e-10,0.0591757235549621,0.0959488750828515,True,4FGL J1712.7+2932,52.0008659362793,33.2301139831543,bll,3.2103913971681663e-10,RX J1712.8+2931
1FDL J2100.4+7716,111.50546947995,19.8874765648615,315.108831526191,77.2747347896453,6.121419744443231e-10,0.129678966210437,0.210264420086283,False,,,,,,
1FDL J0704.3-1037,223.843138666384,-2.20120292321947,106.07788039275,-10.6193995876804,6.113918990203026e-10,0.141708208269742,0.22976893280384,True,4FGL J0703.3-1042,223.810989379883,-2.26004266738892,bcu,6.025621113181501e-10,NVSS J070322-104426
1FDL J2016.1-2331,19.5013822825797,-28.4824153379852,304.043798953332,-23.52492975504,6.10996721638334e-10,0.0615843178465034,0.0998542197132845,True,4FGL J2016.3-2331,19.5091743469238,-28.5262451171875,bcu,4.3992606779674754e-10,1RXS J201604.8-233049
1FDL J0312.7+0136,178.451004298436,-45.4885752785115,48.177526078265,1.60782911273708,6.10312352488931e-10,0.0567087073378379,0.0919487905308484,True,4FGL J0312.8+0134,178.531341552734,-45.4798393249512,fsrq,5.158057869714128e-10,PKS 0310+013
1FDL J0439.2-4520,250.800797455821,-41.7259805123606,69.8027353547719,-45.335145069014,6.091457240646981e-10,0.0576146746639225,0.0934177490434376,True,4FGL J0438.9-4521,250.833786010742,-41.7659645080566,bll,7.596744899807105e-10,PKS 0437-454
1FDL J1646.2-4401,340.840581661548,0.895773334997938,251.551383945361,-44.0254919572336,6.090815440186006e-10,0.121167831003099,0.196464286104781,True,4FGL J1646.5-4406,340.815521240234,0.804785132408142,,1.039297536920003e-09,
1FDL J2232.4+7515,114.305705746293,14.7677151086014,338.110788691477,75.2587545674955,6.08867173348759e-10,0.0945406264456398,0.153290332154904,False,,,,,,
1FDL J1603.2+5009,78.6439428375476,47.058557976669,240.804184384391,50.1585186046193,6.078634071218305e-10,0.0561703844300272,0.0910759475212827,True,4FGL J1603.8+5009,78.6057662963867,46.9587326049805,bll,2.3457316644659443e-10,SDSS J160339.49+500955.5
1FDL J2250.4+3300,95.5273430504035,-23.3475048696991,342.601192538266,33.0046389307007,6.073919615410717e-10,0.0902257056908995,0.146294033256032,True,4FGL J2250.5+3305,95.6086578369141,-23.281270980835,,6.384695550032403e-10,
1FDL J1203.1-3931,292.881368206146,22.4009646019275,180.78511673099,-39.5263626839971,6.068453102129367e-10,0.095326511066898,0.154564591946226,True,4FGL J1203.4-3925,292.914215087891,22.5099468231201,bll,3.239968293655693e-10,PMN J1203-3926
1FDL J0357.1-4956,258.687292632885,-48.0575392411932,59.2876793085813,-49.9338697201822,6.057418784525641e-10,0.0676629254497943,0.109710222542063,True,4FGL J0357.0-4955,258.692291259766,-48.0745658874512,bll,4.103719863923772e-10,PKS 0355-500
1FDL J1222.6+0420,284.878974906104,66.2057747698587,185.656230124193,4.34912431241467,6.057259224685268e-10,0.0586035767512748,0.0950211775414514,True,4FGL J1222.5+0414,284.885314941406,66.0918197631836,fsrq,8.87230677815154e-10,4C +04.42
1FDL J1755.2-6422,329.188267573045,-18.5292991311738,268.81736593396,-64.3815878714571,6.05399642274898e-10,0.0620345689598976,0.100584266212165,True,4FGL J1754.5-6425,329.11962890625,-18.4742450714111,bll,3.804203063673128e-10,PMN J1754-6423
1FDL J1307.6+3550,102.356644408087,80.6379821320007,196.903187553013,35.8348706140973,6.040962780941078e-10,0.0654163263097063,0.106067535055083,True,4FGL J1308.5+3547,101.221900939941,80.6051712036133,fsrq,6.137321761912061e-10,5C 12.291
1FDL J0456.1+2659,175.399353368795,-10.0895975558681,74.0486089546089,26.9957134517813,6.037694298829251e-10,0.0775687088263713,0.12577167990933,True,4FGL J0456.2+2702,175.373794555664,-10.0491952896118,bcu,7.693144454812283e-10,MG2 J045613+2702
1FDL J0045.5+6805,122.379719465012,5.23286602114145,11.3851248076507,68.0982902293431,6.033040489450988e-10,0.0735188159243577,0.119205090076794,True,4FGL J0044.8+6802,122.315925598145,5.17430019378662,bcu,4.6397516384466537e-10,LQAC 011+068
1FDL J0955.4-6151,283.704201779321,-5.74325040502605,148.860486866865,-61.8547272743439,6.027293222147313e-10,0.0724155067397806,0.117416162984333,True,4FGL J0955.4-6151,283.707244873047,-5.74234819412231,PSR,9.746013995837186e-10,PSR J0955-6150
1FDL J1958.0+2435,62.2501452060385,-2.42652211690406,299.523574040573,24.5882968763785,6.020037547515402e-10,0.0749519047832917,0.121528726063163,True,4FGL J1958.1+2438,62.298038482666,-2.40242385864258,bcu,5.842797357047401e-10,NVSS J195800+243802
1FDL J1333.2+2725,37.1483869841179,80.7117266086666,203.307499794685,27.4236892914177,6.019042917778885e-10,0.0666762970068257,0.108110479544104,True,4FGL J1333.2+2725,37.1394081115723,80.6982192993164,fsrq,4.6245307583348e-10,MG2 J133305+2725
1FDL J0816.9+2048,202.471119391006,27.727856527067,124.241010862226,20.8050807591673,6.015296513653629e-10,0.0595142296948664,0.0964977303615643,True,4FGL J0816.9+2050,202.419616699219,27.7339572906494,bll,3.4759498057646004e-10,SDSS J081649.78+205106.4
1FDL J1709.6-0324,17.5124105506745,20.7689534524185,257.410083537714,-3.41484554476302,6.001685032779299e-10,0.0864152748657502,0.14011568872253,True,4FGL J1709.4-0328,17.4414749145508,20.7705936431885,,6.421759790598003e-10,
1FDL J2124.6+5151,93.9440373422214,1.0287362717969,321.169983731828,51.864586443821,5.998696366610588e-10,0.150714677890254,0.244372220412205,True,4FGL J2123.9+5158,93.9423065185547,1.18922936916351,spp,8.735468459697414e-10,SNR G094.0+01.0
1FDL J1911.4-1909,17.8059813101006,-12.8830616872434,287.866241849799,-19.1508237160617,5.989366373813093e-10,0.0652173117504473,0.105744851227192,True,4FGL J1911.4-1908,17.8080501556397,-12.8840627670288,bll,5.953429971228275e-10,PMN J1911-1908
1FDL J2024.9-2232,21.3250555917028,-30.0591035301355,306.231302126022,-22.5431117074428,5.987186685185264e-10,0.0827383787930357,0.134153898176878,True,4FGL J2025.3-2231,21.3828544616699,-30.1360340118408,bcu,2.577719981911031e-10,NVSS J202515-223016
1FDL J0628.5+6907,145.63692116893,23.2307240156164,97.1438836815436,69.116779871775,5.985710110243977e-10,0.0637463084668478,0.103359718607297,True,4FGL J0628.6+6900,145.76139831543,23.2084999084473,bcu,2.1713210396345767e-10,GB6 J0629+6900
1FDL J1152.3-0838,279.075616608169,51.4766039906751,178.098171959285,-8.63938868546357,5.972365801840606e-10,0.0644878946920385,0.104562139929398,True,4FGL J1152.3-0839,279.065673828125,51.4452857971191,fsrq,8.542193619121007e-10,PKS B1149-084
1FDL J1701.6-2521,357.469383113287,10.0999122264104,255.410489108353,-25.3647718518488,5.970306675272149e-10,0.073562007086946,0.119275117583685,True,4FGL J1702.3-2525,357.520202636719,9.93777370452881,,3.6679539960893237e-10,
1FDL J0216.2-1012,176.717530160408,-63.8148167853962,34.067005453149,-10.2043868174159,5.969234494703937e-10,0.059789066105867,0.0969433554773025,True,4FGL J0216.6-1015,176.969390869141,-63.7863159179688,bcu,6.194456059205321e-10,PMN J0216-1017
1FDL J1948.7+1314,51.3254055592623,-6.31514261258594,297.187861561821,13.2362531335271,5.969077257745918e-10,0.0775602749484005,0.125757994784746,True,4FGL J1949.0+1314,51.3635406494141,-6.36346387863159,bcu,6.753784753676938e-10,87GB 194635.4+130713
1FDL J1120.0-2648,278.864728806543,31.7619754565399,170.000393547804,-26.8012684701467,5.961598994955331e-10,0.0573356884928088,0.0929653951553665,True,4FGL J1120.1-2645,278.884094238281,31.8095417022705,,3.405612181150985e-10,
1FDL J1416.6-5015,316.590187309251,10.3392202115938,214.165438889484,-50.2587834034102,5.954443791760416e-10,0.0798539746037709,0.129477065267399,True,4FGL J1416.7-5023,316.554260253906,10.21311378479,,7.660624357086475e-10,
1FDL J1646.5-0939,8.53209233932769,22.2271331847169,251.635247594706,-9.66263557033618,5.951692433269675e-10,0.105342634173912,0.170804953924347,True,4FGL J1646.0-0942,8.41286182403565,22.2985954284668,bcu,2.3445079211370507e-10,1RXS J164602.3-094113
1FDL J1205.0-5033,295.437038085412,11.63857444188,181.258730688368,-50.556671180297,5.950495347922765e-10,0.108375788947081,0.175722992813725,True,4FGL J1204.5-5032,295.364532470703,11.6365766525269,,7.478452856979344e-10,
1FDL J1650.7+0827,26.543072190191,30.6209883227649,252.697470920714,8.45509266373006,5.945268048394376e-10,0.0811896514989944,0.13164276178233,True,4FGL J1650.7+0831,26.6097507476807,30.6473445892334,fsrq,4.278075949049054e-10,MG1 J165034+0824
1FDL J1526.4-3813,333.578355439354,15.2583719808739,231.611539439334,-38.2204850851049,5.940785063948079e-10,0.0843856452838597,0.13682482788182,True,4FGL J1526.6-3810,333.640991210938,15.2786636352539,,5.062626984297934e-10,
1FDL J1128.7+3755,175.847814664303,69.5611776190926,172.177519814516,37.9286683069132,5.92992608460078e-10,0.0706010014003529,0.114474080082112,True,4FGL J1128.8+3757,175.726089477539,69.5639343261719,bll,4.965821087665745e-10,NVSS J112903+375655
1FDL J0349.5-1159,201.967924090097,-45.6711490061715,57.3945338116418,-11.9994909777971,5.928988937158985e-10,0.0588094885770799,0.0953550505809488,True,4FGL J0349.4-1159,201.935440063477,-45.704231262207,bll,3.041256135816184e-10,1ES 0347-121
1FDL J1814.4-6845,325.607293879339,-21.9106384441676,273.611074354361,-68.753970564122,5.924972241269576e-10,0.0793130050843824,0.128599915412671,True,4FGL J1813.7-6846,325.561737060547,-21.8626937866211,,3.634978984479176e-10,
1FDL J0330.6+0441,179.456829066816,-40.1012147855849,52.6642028982741,4.69041723635555,5.924418917056324e-10,0.0673655076318807,0.109227976297709,True,4FGL J0330.6+0438,179.518295288086,-40.1319351196289,bcu,5.290957116876881e-10,GB6 J0330+0439
1FDL J1439.9-2348,332.666365463765,32.7124519446464,219.999083962815,-23.8165780882062,5.910588439236534e-10,0.0677433289824236,0.109840572749899,True,4FGL J1440.0-2343,332.723724365234,32.7923698425293,bll,4.027092825875656e-10,PMN J1439-2341
1FDL J0052.6+6159,123.079221056705,-0.875450947105152,13.1731487479165,61.9959378013412,5.907178304986649e-10,0.0881710035918132,0.142962482081409,False,,,,,,
1FDL J2130.7-6624,326.682368992188,-40.2405182250671,322.680474203856,-66.4040550755892,5.900830230852101e-10,0.0680462496748007,0.110331748927943,True,4FGL J2130.8-6623,326.696563720703,-40.2561149597168,bcu,7.95572330236638e-10,SUMSS J213038-662356
1FDL J0910.7+2246,205.07167765115,40.1722078160436,137.679414037636,22.7773292570062,5.896733764852217e-10,0.0668405115522656,0.108376729512993,True,4FGL J0910.6+2247,205.044250488281,40.1736869812012,fsrq,5.666207503196573e-10,TXS 0907+230
1FDL J2327.7+0942,91.2312483861316,-47.9427635517522,351.935878630784,9.71077129406557,5.889917341698709e-10,0.0603418197744989,0.0978396037503388,True,4FGL J2327.5+0939,91.1393966674805,-47.9737358093262,fsrq,9.627501018627527e-10,PKS 2325+093
1FDL J1530.2-1515,350.037151126506,32.7213919859378,232.566761119262,-15.2575906029188,5.886589616029582e-10,0.0780046091739604,0.126478456073774,True,4FGL J1530.0-1522,349.88671875,32.6768836975098,,4.75339434480304e-10,
1FDL J2011.2+2756,66.6647065037385,-3.13748645948929,302.817500963459,27.938963494166,5.884461422013892e-10,0.163585120597213,0.265240676825786,False,,,,,,
1FDL J0611.2+4325,169.818903019304,11.5831782116976,92.821308439906,43.4264443653503,5.878686761971303e-10,0.0672497839797908,0.109040332238177,True,4FGL J0611.1+4325,169.811614990234,11.5681390762329,bcu,4.055902003141653e-10,7C 0607+4324
1FDL J1835.7-3258,1.54262250006705,-11.3621873622497,278.928648292762,-32.9767807766857,5.875590500462683e-10,0.0671713916962651,0.108913218094051,True,4FGL J1835.7-3258,1.55192804336548,-11.3680543899536,glc,7.291747206039644e-10,NGC 6652
1FDL J1248.5-2804,302.168875128866,34.7945666278619,192.149308953185,-28.0729722364655,5.87277713243391e-10,0.0575151327548371,0.0932563450777467,True,4FGL J1249.2-2809,302.351715087891,34.7192115783691,bcu,4.827768740334193e-10,NVSS J124919-280833
1FDL J1829.8+1328,42.6361207331393,10.8176291273686,277.45823713909,13.4697848548248,5.867027988344956e-10,0.0659267981474648,0.106895227602192,True,4FGL J1830.0+1324,42.6076889038086,10.7462949752808,bll,5.015549642273243e-10,MG1 J183001+1323
1FDL J2047.7+1048,57.0576081355078,-19.8403748802669,311.936831551049,10.8022070017029,5.867013938657359e-10,0.0579896049373537,0.0940256770231465,True,4FGL J2047.3+1051,57.0523300170898,-19.7292156219482,PSR,5.967675797968751e-10,PSR J2047+1053
1FDL J1421.1-2432,327.675178712094,33.9858693046989,215.286920586479,-24.5392587913561,5.866058638825767e-10,0.0718516111971342,0.116501846928617,True,4FGL J1420.9-2431,327.635437011719,34.0127563476563,,2.9853569616378195e-10,
1FDL J0746.0-0224,221.431094824181,11.0001879241538,116.52090658377,-2.41354251688744,5.864583849015731e-10,0.0603460808527865,0.0978465151817076,True,4FGL J0746.3-0225,221.4814453125,11.061637878418,bll,4.3320175224792474e-10,2MASS J07462703-0225492
1FDL J1810.7+5337,81.8094086011605,27.4118839523415,272.682130520547,53.6183546364667,5.863727236642152e-10,0.06255203460721,0.101423305975593,True,4FGL J1810.7+5335,81.7809829711914,27.4102840423584,bll,3.211303445382896e-10,2MASS J18103800+5335016
1FDL J0518.4+0853,193.773799002286,-16.0538360900503,79.6141336617012,8.89272290723893,5.862435533320978e-10,0.126370308448029,0.204899704452236,True,4FGL J0519.0+0851,193.886581420898,-15.9355936050415,bcu,7.754868969200857e-10,TXS 0516+087
1FDL J0750.7+1222,208.281940599083,18.6630630117933,117.675453275865,12.3728185025127,5.861438869858827e-10,0.0513292167967426,0.0832263682809954,True,4FGL J0750.8+1229,208.176742553711,18.7364139556885,fsrq,6.177754974245886e-10,OI 280
1FDL J1303.6-4621,305.132338896202,16.462616902684,195.917720393197,-46.3568594458292,5.859656528230326e-10,0.067722108060127,0.1098061629247,True,4FGL J1303.6-4622,305.136138916016,16.4517822265625,fsrq,4.1530526240229904e-10,PMN J1303-4621
1FDL J0314.5+0622,174.170359148358,-41.8421260236598,48.628302722557,6.36901882535268,5.858099177438335e-10,0.0672431613099105,0.109029593593262,True,4FGL J0314.3+0620,174.152877807617,-41.8851585388184,bll,3.0692245966967846e-10,NVSS J031423+061955
1FDL J1526.2-4459,329.585320898725,9.72423938829019,231.553944843968,-44.9887452348814,5.858071120860098e-10,0.0692014509325631,0.112204816932462,True,4FGL J1526.3-4501,329.58740234375,9.67247772216797,,4.931671737651301e-10,
1FDL J0231.8+1322,157.127121630287,-42.7341277931557,37.966363495488,13.3717725617934,5.857944867920884e-10,0.0643622280785338,0.104358395137889,True,4FGL J0231.8+1322,157.123504638672,-42.7387199401856,fsrq,5.761326971054358e-10,4C +13.14
1FDL J0829.8-5858,274.35918057683,-11.5172583023447,127.472301951194,-58.9705348172663,5.853948265230116e-10,0.0677799336352884,0.109899927153197,True,4FGL J0829.7-5856,274.325836181641,-11.5155620574951,bcu,4.789135754634799e-10,PMN J0829-5856
1FDL J0045.3-3707,309.880847151684,-79.9241326672885,11.338330177108,-37.1218882387973,5.853373539759074e-10,0.0718070283647517,0.116429558632704,True,4FGL J0045.1-3706,310.094970703125,-79.9344863891602,fsrq,4.1161635211395264e-10,PKS 0042-373
1FDL J1057.3-5842,288.572742944672,0.951623490219082,164.347018979411,-58.703760626184,5.849548147605153e-10,0.130077168665616,0.210910102464154,True,4FGL J1056.9-5852,288.59716796875,0.767691910266876,PSR,2.2414583522589733e-09,PSR J1057-5851
1FDL J0655.4-2628,237.224849385876,-10.9199240611349,103.858057634458,-26.4804912262831,5.845263316932618e-10,0.0582395514648063,0.09443093975403,True,4FGL J0655.4-2631,237.268020629883,-10.9319562911987,bcu,2.8268795637664823e-10,NVSS J065523-263041
1FDL J1131.3+5808,141.759022934462,55.9550908146116,172.838655258594,58.1489401567798,5.843541867535147e-10,0.0609525902959403,0.0988299233835459,True,4FGL J1131.4+5809,141.743698120117,55.958194732666,bll,2.817832078783056e-10,1RXS J113117.8+580911
1FDL J1238.4-4539,300.557228929242,17.1573328296644,189.612499244714,-45.6545210555705,5.842016779172469e-10,0.0611626791914335,0.0991705597791823,True,4FGL J1238.1-4541,300.509918212891,17.1232967376709,bll,4.3672063188004973e-10,PMN J1238-4541
1FDL J0740.9+6617,149.794452817214,29.6156247001965,115.232698358772,66.2865439643563,5.840303278740475e-10,0.0591147756902427,0.095850047349287,True,4FGL J0741.0+6618,149.764923095703,29.624397277832,PSR,4.953873977697754e-10,PSR J0740+6620
1FDL J1441.7-1937,335.620021225132,36.1549235294724,220.436390006974,-19.6194809914408,5.830067728067067e-10,0.0540032365880239,0.0875620756109763,True,4FGL J1441.4-1934,335.559661865234,36.2316513061523,,1.8126575240806628e-10,
1FDL J0253.3+3217,150.896919176186,-23.8687126460851,43.3450353749183,32.2984310883082,5.823056446307295e-10,0.0560965628173184,0.0909562511861362,True,4FGL J0253.5+3216,150.935897827148,-23.8666667938232,fsrq,3.3434746637972523e-10,MG3 J025334+3217
1FDL J0737.7-4014,253.702883025203,-9.10707140465981,114.434199408247,-40.243821822527,5.822672987760645e-10,0.0814645321320215,0.132088443403374,False,,,,,,
1FDL J2056.6-5923,336.924109525646,-38.8906033448287,314.152035128379,-59.3868872883698,5.821278805896499e-10,0.099750949893228,0.161738470365943,True,4FGL J2056.4-5922,336.951934814453,-38.880802154541,,2.6854352075389443e-10,
1FDL J0938.0-1439,248.578063598606,27.1885460667798,144.515249504658,-14.6556058040094,5.81906274405867e-10,0.0556237251504707,0.0901895756772854,True,4FGL J0937.9-1434,248.477569580078,27.2159175872803,bll,2.8656393924464396e-10,NVSS J093754-143350
1FDL J1730.5+3716,61.9191325969391,31.3994273549037,262.634944127342,37.2797775553678,5.811208797804614e-10,0.0631644099568477,0.102416222306806,True,4FGL J1730.8+3715,61.9142227172852,31.3435115814209,bll,3.3850980352134736e-10,GB6 J1730+3714
1FDL J0414.6+2822,168.164646119177,-16.1569002634767,63.6635151224348,28.3668057585549,5.80763347714706e-10,0.117679528377381,0.190808281249897,False,,,,,,
1FDL J1741.5+1351,37.8831202743187,21.6261064118447,265.392782654764,13.8545180069086,5.800475543230808e-10,0.0702521983468691,0.113908516383771,True,4FGL J1741.4+1354,37.9258918762207,21.6714572906494,PSR,6.952858289110964e-10,PSR J1741+1351
1FDL J1757.0-3556,355.1799338559,-5.64049980916779,269.260050777806,-35.9493083164672,5.797781444657958e-10,0.12523321106245,0.203055999407692,True,4FGL J1757.1-3554,355.232299804688,-5.63298892974854,,6.57664978032102e-10,
1FDL J0920.3-6159,280.709619330787,-8.60768106333045,140.090652067163,-61.9879679833904,5.788424326163733e-10,0.0772766594155746,0.125298140227791,True,4FGL J0919.5-6203,280.695648193359,-8.72707176208496,,3.4713373842087947e-10,
1FDL J1652.0-3758,346.191477072333,3.93719810033415,253.006020497672,-37.9737887332765,5.786698829988202e-10,0.125136303301898,0.202898854951578,False,,,,,,
1FDL J0007.7+4011,113.947168582459,-21.9159185023444,1.92606854965308,40.1916195142341,5.773535493024723e-10,0.0652993569729929,0.105877865301119,True,4FGL J0007.7+4008,113.93701171875,-21.9727764129639,bcu,4.032977007906169e-10,NVSS J000741+400830
1FDL J0438.9-7325,285.947216340432,-35.1525962089298,69.7330542880518,-73.4295390258025,5.766405776262431e-10,0.0547781505092552,0.0888185428217632,True,4FGL J0438.0-7329,286.038940429688,-35.1839065551758,,2.8246438521506434e-10,
1FDL J0704.9+4904,167.88663514749,22.2644802050704,106.235691826035,49.0797690751205,5.764569505536055e-10,0.0546393037256225,0.0885934181677747,True,4FGL J0704.8+4907,167.826919555664,22.2608222961426,bcu,5.42516309653962e-10,87GB 070112.8+491056
1FDL J1555.7-4154,335.795744717153,8.89977721673461,238.949824118581,-41.9138811839573,5.764100176800912e-10,0.0799944766552386,0.129704858630397,True,4FGL J1555.2-4149,335.779998779297,9.02556800842285,bcu,7.885959663056497e-10,PMN J1555-4150
1FDL J2131.9-2516,23.5574615476233,-45.5087252974191,322.987625518393,-25.2692226365995,5.763989752063535e-10,0.0609549017181362,0.0988336752039892,True,4FGL J2131.7-2515,23.554084777832,-45.4630851745606,bll,3.002053050593645e-10,RBS 1755
1FDL J0537.5-5717,265.557661989153,-32.4125253289259,84.3929051111828,-57.2978949978545,5.75716133478889e-10,0.0666761322976421,0.108110205448774,True,4FGL J0537.7-5717,265.549591064453,-32.3950538635254,bll,3.8087585862989215e-10,1RXS J053749.3-571844
1FDL J2142.3-2554,23.4454585956632,-47.9434578167069,325.596023651419,-25.9010579741307,5.755782839046654e-10,0.0706700073407816,0.11458595989618,True,4FGL J2142.5-2552,23.4938144683838,-47.9811668395996,bcu,3.9318293065804255e-10,PMN J2142-2551
1FDL J1542.1-5912,323.268156922067,-3.45273295464868,235.531509271424,-59.2092797585573,5.747367396545943e-10,0.103923540386163,0.16850401768223,True,4FGL J1543.4-5925,323.273498535156,-3.52538633346558,,5.728330587650986e-10,
1FDL J0145.6+6212,129.208996448703,0.0009099081539621,26.4221178462351,62.2096660299144,5.745509670977858e-10,0.136469799971231,0.221275273592251,False,,,,,,
1FDL J2119.9+4652,89.8822872472362,-1.96837492101426,319.981895262067,46.8766980640712,5.74361128325587e-10,0.106303430217409,0.172362821154374,True,4FGL J2119.4+4652c,89.8225479125977,-1.91647017002106,bcu,1.7544275754399763e-10,NVSS J211922+465026
1FDL J1659.3-1438,6.08022051644781,16.8237604874654,254.825128116849,-14.6439776709661,5.741383541499471e-10,0.0792316760472908,0.128468048793403,True,4FGL J1659.2-1443,5.99606513977051,16.7889041900635,,4.3805209459790717e-10,
1FDL J0921.9-0533,237.681894680466,29.788017265631,140.498708457215,-5.55725046966128,5.741177312826572e-10,0.0603577721083692,0.0978654685912372,True,4FGL J0922.4-0528,237.680679321289,29.9280052185059,fsrq,4.7363368782527e-10,TXS 0919-052
1FDL J0121.8+5153,127.695456660207,-10.6939960739437,20.4583355977492,51.8964002535132,5.738194699961917e-10,0.0807244441096834,0.130888457135625,True,4FGL J0121.7+5153,127.683540344238,-10.6971206665039,bcu,1.2104889313135914e-10,2MASS J01213367+5155520
1FDL J1216.6+0932,276.267099586862,70.5983741702354,184.16470269464,9.54889567569874,5.731396841273762e-10,0.0634840585372662,0.102934493111566,True,4FGL J1216.1+0930,275.981719970703,70.5130310058594,bll,3.1357635932316436e-10,TXS 1213+097
1FDL J0825.8+0308,221.244959540295,22.3841129888542,126.467541594714,3.13362890644961,5.7298598574668e-10,0.0670463768831745,0.108710535419353,True,4FGL J0825.8+0309,221.208938598633,22.389627456665,bll,7.02627123150279e-10,PKS 0823+033
1FDL J2126.4-5959,334.772857312016,-42.3328605470616,321.608215371106,-59.9958403588383,2.2771250454304563e-10,0.065962247755085,0.10695269552206,True,4FGL J2127.6-5959,334.709899902344,-42.4823989868164,bcu,1.1509749403559866e-10,NGC 7059
1FDL J0507.0-5437,262.472854501756,-36.7643076031591,76.7528951957656,-54.6266721722968,5.714334775167631e-10,0.061282977887849,0.0993656120798932,True,4FGL J0506.9-5435,262.42431640625,-36.7698364257813,bll,5.079866527424315e-10,1ES 0505-546
1FDL J0505.8-0407,204.147301596191,-25.2963106256974,76.4742590697682,-4.12631277743482,5.713144386670982e-10,0.086458015097422,0.140185007514554,True,4FGL J0505.8-0419,204.327087402344,-25.3994064331055,fsrq,5.122649526789758e-10,S3 0503-04
1FDL J1350.7+3026,50.7642702338975,76.6081200454749,207.67724963942,30.444854620766,5.702933664774684e-10,0.0544434300154556,0.0882758239167972,True,4FGL J1350.8+3033,51.2201614379883,76.5548477172852,fsrq,5.51661383241253e-10,B2 1348+30B
1FDL J2343.1-4751,331.146738505739,-65.3633749303496,355.780711043347,-47.8504395599461,5.701964117974842e-10,0.0752024277858341,0.121934928141871,True,4FGL J2342.4-4739,331.644561767578,-65.4339752197266,,4.2798209420880085e-10,
1FDL J1239.5+0729,294.237480294747,70.1646577082278,189.89396511388,7.4934102916331,5.70083091308177e-10,0.0642297842605527,0.104143628573373,True,4FGL J1239.4+0728,294.154022216797,70.1380386352539,bll,3.488237199089639e-10,PKS 1236+077
1FDL J1200.2+0159,274.773119237359,62.0293475834579,180.063998584305,1.98871450602978,5.69673686958891e-10,0.0688397790413589,0.111618389719081,True,4FGL J1200.2+0201,274.730346679688,62.0514526367188,bcu,3.917467739089631e-10,87GB 115739.6+021927
1FDL J1659.0-0139,17.6782214646166,23.9530214717253,254.750180960856,-1.65384935818045,5.692754824178759e-10,0.0818681559065547,0.132742902221312,True,4FGL J1659.0-0140,17.6645641326904,23.9277610778809,,8.940124751610766e-10,
1FDL J1651.3-1521,4.29277447547172,17.9814549283984,252.825670456519,-15.3647319447249,5.685997180473162e-10,0.0791330449048836,0.12830812009473,False,,,,,,
1FDL J0302.2-7153,289.91935076251,-41.7765155131947,45.5535237713904,-71.8884207083367,5.683669288293089e-10,0.0600638532144355,0.0973889063895146,True,4FGL J0301.6-7155,290.001190185547,-41.7762413024902,fsrq,2.8858412881582746e-10,PKS 0301-721
1FDL J0812.4+0236,220.067536190297,19.1873871576137,123.124028073209,2.60508709955989,5.681668879637706e-10,0.0672793555279869,0.109088276872286,True,4FGL J0812.0+0237,219.988967895508,19.0970897674561,bll,4.671416031776231e-10,PMN J0811+0237
1FDL J2253.6+5950,108.624413431902,0.277244812312676,343.401046538939,59.8347740722845,5.677792541835878e-10,0.144319160769873,0.234002395861356,False,,,,,,
1FDL J0820.4+3640,185.033594018967,32.8729070903706,125.122915663869,36.6729611552363,5.676161190903342e-10,0.0620293043591046,0.100575736978606,True,4FGL J0820.3+3639,185.036224365234,32.8448829650879,bll,3.7141800746098847e-10,MG2 J082018+3640
1FDL J1424.1+0434,351.44453649308,58.4329284424729,216.026244643538,4.58106152502331,5.673144427245762e-10,0.0615763293554246,0.0998412697743845,True,4FGL J1424.2+0433,351.455932617188,58.4029846191406,bll,7.605114316078242e-10,TXS 1421+048
1FDL J1452.3-4152,325.82689122505,15.6372840346495,223.082133682135,-41.877553392555,5.670142845145959e-10,0.112496141429454,0.182403810930287,True,4FGL J1452.0-4148,325.818084716797,15.6452493667603,,1.4491044475484216e-10,
1FDL J1715.3-1423,8.54780165408701,13.7513922753684,258.8310270819,-14.3893431028999,5.665908020888259e-10,0.0663808391365832,0.107631413696369,True,4FGL J1714.8-1421,8.50433349609375,13.8577537536621,,2.485244232630634e-10,
1FDL J1345.5+0710,338.14607822033,66.2813445812362,206.379309032116,7.17992406810586,5.664252956324392e-10,0.0589554583751185,0.0955917234343491,True,4FGL J1345.8+0706,338.232696533203,66.1752090454102,fsrq,6.571861943527323e-10,TXS 1343+073
1FDL J0759.7-2303,241.139795968234,3.53926027028474,119.928139974552,-23.0616239934911,5.659548161211349e-10,0.0625452743638619,0.101412331702838,True,4FGL J0800.4-2257,241.139053344727,3.73756527900696,bcu,5.185422091713575e-10,PMN J0800-2302
1FDL J2320.8+5113,108.794954942542,-9.14001998423724,350.211365355159,51.2280456617162,5.655294164338607e-10,0.0601469359814721,0.0975236117108969,True,4FGL J2321.4+5111,108.874893188477,-9.20488357543945,bcu,3.6333300257318513e-10,NVSS J232127+511117
1FDL J1317.6+3429,87.1940047242429,80.7482348904178,199.40102582522,34.4852895691301,5.653053296885006e-10,0.0727585872767111,0.117972437152948,True,4FGL J1317.6+3428,87.1254272460938,80.762077331543,fsrq,4.0964620584560407e-10,S4 1315+34
1FDL J0733.9+0451,213.431736113146,11.6719056879233,113.497807345659,4.85565339050943,5.64470019055981e-10,0.0591287421879136,0.0958726953823029,True,4FGL J0733.8+0455,213.353851318359,11.6817331314087,fsrq,4.6564199718268634e-10,GB6 J0733+0456
1FDL J0826.4-5057,267.382209646585,-7.37495183478558,126.607315027928,-50.9544269033598,5.643483764772525e-10,0.0798770774525209,0.129514510875699,True,4FGL J0826.1-5053,267.306793212891,-7.38569021224976,,8.15164435952198e-10,
1FDL J0548.0-8740,300.39799795226,-27.7416194946051,87.0225572066247,-87.6689648728629,5.641902803137235e-10,0.0657816341044749,0.10665985242767,True,4FGL J0543.5-8741,300.430267333984,-27.7812538146973,,4.0609873797059487e-10,
1FDL J0154.5+4434,134.602863100402,-16.8614700957433,28.6296673946374,44.5760542390162,5.635704844759781e-10,0.0601723026155944,0.0975647460986091,True,4FGL J0155.0+4433,134.707550048828,-16.8541564941406,bll,5.594036900369304e-10,GB6 J0154+4433
1FDL J0555.0+0149,204.759098712505,-11.6583016317931,88.7691077571704,1.82044544322636,5.631023762043932e-10,0.10254086884785,0.166262094428815,True,4FGL J0555.1+0150c,204.738983154297,-11.6392545700073,,6.505262439837621e-10,
1FDL J1153.7-2551,287.001201227711,35.2142303596289,178.428568908649,-25.8654830110797,5.627343683543612e-10,0.0652874415711677,0.10585854658966,True,4FGL J1153.6-2553,286.993988037109,35.177848815918,bcu,2.6143734399575175e-10,NVSS J115338-255412
1FDL J1209.7+7606,126.220480117574,40.7564750740792,182.435009223143,76.1043977473497,5.626966375608049e-10,0.0625532760857498,0.101425311468586,True,4FGL J1209.4+7608,126.233726501465,40.7209129333496,bcu,2.1621501811175392e-10,2MASS J12093020+7609120
1FDL J1148.0-0723,276.702333901744,52.2140489381326,177.012170470035,-7.39972938039367,5.616438917436729e-10,0.075950962549702,0.123148623790429,True,4FGL J1147.8-0724,276.635559082031,52.1803550720215,fsrq,8.012747132468688e-10,PKS 1145-071
1FDL J1019.9+6317,146.477739477623,46.3105223866745,154.985724997826,63.2901130191678,5.613225377549313e-10,0.0634828945408403,0.102932621217282,True,4FGL J1019.7+6321,146.429702758789,46.2511291503906,bll,4.782007012593681e-10,GB6 J1019+6319
1FDL J1016.5-4249,275.010987179844,11.4913790053491,154.128868642494,-42.8267589471637,5.613158168320466e-10,0.0635131921663446,0.102981734091975,True,4FGL J1016.1-4247,274.932189941406,11.4882717132568,,3.2598967969477144e-10,
1FDL J1518.4+4047,66.8664527945763,56.9094871131512,229.606721842257,40.7892959638463,5.604219797792822e-10,0.0615872762821973,0.0998590235060577,True,4FGL J1518.6+4044,66.7707214355469,56.8794479370117,bll,2.3089423428768183e-10,GB6 J1518+4045
1FDL J1506.2+1017,11.510208398409,54.0854198396136,226.568976309375,10.2899987954875,5.591384523154385e-10,0.0719550058138539,0.116669502652725,False,,,,,,
1FDL J0016.1+5552,117.95859577781,-6.66021998696062,4.03145262447415,55.8701689604235,5.58813179096354e-10,0.0591134400072269,0.0958478859846204,True,4FGL J0015.6+5551,117.88809967041,-6.65706443786621,bll,3.6396649583103614e-10,GB6 J0015+5551
1FDL J0207.3-2358,206.712039143339,-72.6042410885998,31.8412866963177,-23.9726158118482,5.58778387408678e-10,0.0568012015757762,0.0920987678102909,True,4FGL J0207.5-2402,207.0009765625,-72.5720367431641,bcu,3.4001298998553864e-10,NVSS J020733-240202
1FDL J0935.3+0905,224.645125951786,40.4073306342133,143.826846456771,9.09068709331818,5.583637302840637e-10,0.0768181061091761,0.124554620033296,True,4FGL J0935.3+0901,224.718353271484,40.3840179443359,bin,5.059595520329195e-10,4FGL J0935.3+0901
1FDL J1355.1-1039,327.311877328577,49.1726436129531,208.798181008446,-10.6574935291618,5.583610560760641e-10,0.074179986653679,0.120277128351833,True,4FGL J1354.8-1041,327.1796875,49.1688957214356,fsrq,8.657105587950297e-10,PKS 1352-104
1FDL J0657.3-0559,218.937654373729,-1.42333372758316,104.333738395006,-5.9934735755653,5.581391414540785e-10,0.123010122754849,0.199451409065168,False,,,,,,
1FDL J0733.7-2224,237.561117411913,-1.29954635842278,113.442408238584,-22.4045149608783,5.579133069295521e-10,0.106735497482703,0.173063375819609,False,,,,,,
1FDL J0413.9-5337,262.855649217801,-44.5878331316594,63.4843313112498,-53.6197787441535,5.575126422933521e-10,0.0727061770475343,0.11788745997478,True,4FGL J0413.1-5332,262.803466796875,-44.7250785827637,fsrq,3.5754005311972037e-10,PMN J0413-5332
1FDL J1919.4+1619,50.61010577531,1.37033724069336,289.870886195281,16.3252867137677,5.571309432516432e-10,0.129924306817418,0.210662248964195,False,,,,,,
1FDL J1144.8+1938,235.512891283005,73.0103738768298,176.212365970298,19.6471164432529,5.566695167872121e-10,0.0621348731718058,0.100746909433581,True,4FGL J1144.9+1937,235.611709594727,73.0233764648438,rdg,3.1106389686286207e-10,3C 264
1FDL J0515.4-0131,202.895466859306,-21.9588047923171,78.8650384577364,-1.52770153883069,5.560899419197288e-10,0.055802408633397,0.0904792945828708,True,4FGL J0515.5-0125,202.806289672852,-21.8842315673828,bcu,2.512011154642835e-10,NVSS J051536-012427
1FDL J0302.2-2726,221.187894295084,-61.0288212589141,45.5511503706417,-27.4403741121236,5.560113794007396e-10,0.065192905217339,0.105705268398801,True,4FGL J0301.9-2731,221.360549926758,-61.0855598449707,bcu,2.1799660687715767e-10,NVSS J030158-272754
1FDL J1421.2-7921,307.16324175312,-17.2355827687755,215.301713289049,-79.3623954251273,5.556160721989624e-10,0.0649121345946118,0.105250010596504,True,4FGL J1420.9-7920,307.156311035156,-17.2191619873047,bcu,4.408736709038408e-10,PMN J1421-7920
1FDL J0014.4-0505,99.5118977839857,-66.276049130127,3.62070407242592,-5.09921170273395,5.5454337341005e-10,0.0569049909780008,0.0922670616545309,True,4FGL J0014.3-0500,99.5094757080078,-66.1823883056641,bcu,4.0080069818593245e-10,GALEXASC J001420.46-045929.1
1FDL J1602.5+3324,53.6835507712468,48.6082267792907,240.649299190852,33.4071464513101,5.545420454530018e-10,0.0636970137812568,0.103279789592519,True,4FGL J1602.1+3324,53.6817131042481,48.7074317932129,bcu,2.4834873046941647e-10,OS 300
1FDL J1256.9-6129,303.592037301602,1.36546833465256,194.242574935026,-61.4991881441698,5.544743238601571e-10,0.219775151255308,0.356348462406951,False,,,,,,
1FDL J2114.9+3130,78.0190905476637,-11.9049645244899,318.731202298301,31.5103350318901,5.543694381121129e-10,0.0662830396188451,0.107472834618567,True,4FGL J2114.7+3130,77.9906692504883,-11.8842992782593,bcu,4.330962533050098e-10,B2 2112+31
1FDL J1309.0+0346,313.906843861367,66.2790923911503,197.261452606376,3.78326246032271,5.536397705683652e-10,0.0594946038705976,0.096465906328944,True,4FGL J1308.7+0347,313.753753662109,66.2905807495117,,2.3676538507544365e-10,
1FDL J1214.1+1304,269.291905653043,73.4548540994009,183.539416123436,13.0678300673446,5.532342259672109e-10,0.0680631778261161,0.110359192226812,True,4FGL J1213.6+1306,268.826202392578,73.4315948486328,fsrq,6.079165504324634e-10,4C +13.46
1FDL J1232.9+4821,131.312040907202,68.474254685376,188.244009772309,48.3524948312134,5.532143539695622e-10,0.0615684155664843,0.0998284348894349,True,4FGL J1232.5+4821,131.51301574707,68.4597930908203,fsrq,3.471019860423752e-10,GB 1230+486
1FDL J0621.5+2518,187.094571985677,5.17164708866522,95.3793224906958,25.3024213932705,5.529203318476052e-10,0.0783561025783522,0.127048367919773,True,4FGL J0621.2+2512,187.151214599609,5.07479190826416,PSR,9.117501753586055e-10,PSR J0621+2514
1FDL J0516.4+2640,178.36955928543,-6.63081099442843,79.121811919692,26.6707255615884,5.527852930007071e-10,0.0903738111142173,0.146534170701974,False,,,,,,
1FDL J1300.9+1418,313.227135761369,76.9871933718021,195.239658757248,14.3061406828957,5.527707319580833e-10,0.0569803698538245,0.0923892860051997,True,4FGL J1300.4+1416,312.691375732422,76.9702377319336,fsrq,4.2883999129550427e-10,OW 197
1FDL J1817.0-3034,1.93813610847114,-6.74466770261255,274.26530639903,-30.5757036509966,5.520762189250351e-10,0.080976740418798,0.13129755614335,True,4FGL J1817.2-3035,1.94753265380859,-6.7808690071106,,7.466331997108e-10,
1FDL J0551.4+2557,183.226554510065,-0.426558746568353,87.868861167528,25.9519886506894,5.520497785467898e-10,0.122849743533441,0.199191390770765,True,4FGL J0550.9+2552c,183.239532470703,-0.563173711299896,bcu,4.0712552773491945e-10,NVSS J055119+254909
1FDL J2024.6-6502,330.866968522739,-34.1891413563655,306.157550096705,-65.044408366514,5.511080058606825e-10,0.0568960858680325,0.0922526153659538,True,4FGL J2024.8-6459,330.927001953125,-34.2154121398926,bcu,2.2456871084930438e-10,PMN J2024-6458
1FDL J0101.7+4455,124.854606361162,-17.9149932908655,15.4434255803201,44.9181654339116,5.510248690159451e-10,0.069649241934754,0.112930876283858,True,4FGL J0102.1+4458,124.92797088623,-17.8620090484619,,1.3172378465764467e-10,
1FDL J1631.0+1041,26.3573173071933,35.9747860609003,247.758130235423,10.6840054615085,5.509839650138536e-10,0.0640109807579008,0.103788869646705,True,4FGL J1631.2+1046,26.4829006195068,35.9743804931641,bcu,4.421012722577444e-10,MG1 J163119+1051
1FDL J2045.2+5948,96.2158917817771,10.4193497649459,311.315700035016,59.806786892622,5.509641738448635e-10,0.10212967470381,0.16559538824838,False,,,,,,
1FDL J1911.3-4904,348.201082092015,-23.2767732160971,287.843229846765,-49.0747544861841,5.506436559307702e-10,0.0769015626197311,0.124689953948427,True,4FGL J1911.4-4856,348.341003417969,-23.2604217529297,,3.3865618642714423e-10,
1FDL J1127.4+5926,141.254244073558,54.602265682087,171.874242672858,59.4385880655299,5.504959902907857e-10,0.0614590586898963,0.0996511325563002,True,4FGL J1128.0+5924,141.194534301758,54.6693382263184,fsrq,3.9639652671397125e-10,TXS 1125+596
1FDL J1727.6-1609,8.67601892570648,10.3013638584027,261.908365944254,-16.1518169184228,5.502495296585857e-10,0.082133335280549,0.133172858765744,True,4FGL J1728.1-1610,8.73069381713867,10.1879558563232,psr,7.563770165752715e-10,PSR J1727-1609
1FDL J0820.4-4009,257.874103825267,-2.0921190404223,125.110523648133,-40.1588067917922,5.494515969823659e-10,0.15031416331114,0.243722817855479,False,,,,,,
1FDL J1410.0+0159,343.095842503305,58.5961414908336,212.509852561187,1.99403552245802,5.49202973585452e-10,0.0649519739305514,0.105314623811783,True,4FGL J1410.1+0202,343.171081542969,58.6191635131836,bll,4.957260713034373e-10,PKS 1407+022
1FDL J2142.9-3929,2.93551931106814,-49.2345635042158,325.743949072664,-39.4860703554985,5.490044188095932e-10,0.0707244871797426,0.114674297380712,True,4FGL J2143.1-3929,2.92927885055542,-49.2723350524902,bll,4.746414927758734e-10,PMN J2143-3929
1FDL J2021.8+0631,49.6398151982311,-16.7404918293397,305.464590811143,6.52753477434399,5.487573118592415e-10,0.0672933038754463,0.109110897159233,True,4FGL J2021.9+0629,49.6244583129883,-16.7810287475586,bll,5.444316664160452e-10,PMN J2021+0628
1FDL J1958.5+3510,71.3373838879951,3.0157350903156,299.645194249049,35.177003167969,5.483540305510216e-10,0.0844622607916069,0.136949041593271,True,4FGL J1958.5+3512,71.3544311523438,3.03657674789429,hmb,5.843784345316293e-10,Cyg X-1
1FDL J1953.9-5636,341.05422594258,-30.8467767953548,298.49731391539,-56.6064634173536,5.471865830581674e-10,0.0755338654225919,0.122472331305872,True,4FGL J1954.9-5640,340.992797851563,-30.9861583709717,bll,3.8903882892959984e-10,1RXS J195503.1-564031
1FDL J0710.4-1033,224.449011723566,-0.827275222243479,107.61644226894,-10.5523067274691,5.47165617997152e-10,0.146229482265863,0.237099813720397,True,4FGL J0709.1-1034c,224.348281860352,-0.91547292470932,,1.0274450179537098e-09,
1FDL J1045.8-2927,272.643524126557,25.9174212112346,161.458485956424,-29.4662739871122,5.464323466965381e-10,0.0646958732472676,0.104899375177562,True,4FGL J1045.8-2928,272.659301757813,25.9105358123779,fsrq,3.374726054161669e-10,PKS B1043-291
1FDL J0003.7+3101,111.035060778527,-30.7449788205963,0.927677939588154,31.0218167112515,5.448865400943514e-10,0.0636143657008373,0.103145791366239,True,4FGL J0003.6+3059,111.004486083984,-30.771993637085,,4.4163650514406067e-10,
1FDL J2309.1-3628,3.18762039277487,-66.4416245595923,347.293217316704,-36.4740883182735,5.440989903325651e-10,0.0567652969202671,0.0920405387340964,True,4FGL J2309.7-3632,2.9343523979187,-66.5268859863281,bcu,3.9311853772261424e-10,WISEA J230940.84-363248.7
1FDL J0008.3+1454,107.683042403957,-46.6896464014858,2.09957094568735,14.9038273516159,5.436392441770029e-10,0.0625561603250934,0.101429986142562,True,4FGL J0008.4+1455,107.724067687988,-46.676700592041,bcu,3.4327865550132225e-10,NVSS J000825+145635
1FDL J0431.7+2430,173.815083806013,-15.9163502917555,67.9481434226501,24.5145789596453,5.435533290880673e-10,0.114410356159341,0.185507564961039,False,,,,,,
1FDL J1751.2+2926,54.6119298181189,25.1789461609181,267.804745623213,29.4417693535848,5.433106272598675e-10,0.0754827517141394,0.122389460372821,True,4FGL J1751.6+2921,54.5542259216309,25.0707015991211,bcu,3.067023857106221e-10,MG2 J175143+2921
1FDL J2001.7-5735,339.943729344646,-31.94292439519,300.444499927832,-57.5973168215234,5.430693342807171e-10,0.0640484395660037,0.103849597411959,True,4FGL J2001.9-5737,339.904846191406,-31.9684352874756,bcu,2.7712451777794906e-10,1RXS J200205.7-573644
1FDL J1302.7+5741,119.961864300178,59.3789231993629,195.689247909794,57.6840070775778,5.427963017419778e-10,0.0710772661596165,0.115246301533377,True,4FGL J1302.8+5748,119.951042175293,59.2473564147949,bll,3.0630029068667847e-10,TXS 1300+580
1FDL J2048.5-6813,326.444316858333,-35.7925085607792,312.126559439107,-68.2255012977322,5.423473968769702e-10,0.130084333626507,0.210921699646778,True,4FGL J2048.6-6804,326.619842529297,-35.8494110107422,bll,3.436477769014345e-10,PKS 2043-682
1FDL J1636.5+2625,45.7531556422005,40.1881248141525,249.147041244518,26.4310150129673,5.419092447977125e-10,0.064649319312868,0.104823884462117,True,4FGL J1636.7+2627,45.8123092651367,40.1527328491211,bll,3.2762054180679456e-10,NVSS J163651+262657
1FDL J1849.4+2744,57.8278253128943,12.6547294673587,282.362202722337,27.7395211359037,5.410197507780453e-10,0.0751926673187512,0.12191910377943,True,4FGL J1849.4+2745,57.8386039733887,12.6671276092529,bll,4.3460215981561134e-10,MG2 J184929+2748
1FDL J1650.5+7217,104.267361377072,34.7922797247418,252.643849845497,72.2938598973292,5.407658779018155e-10,0.0564561758076836,0.0915393365134237,True,4FGL J1651.6+7219,104.271781921387,34.7044181823731,bll,2.754013128658528e-10,RX J1651.6+7218
1FDL J0001.8-6727,310.13978118574,-48.9667382047138,0.450358550615439,-67.4610162693583,5.406635852776492e-10,0.0614660841290153,0.0996625154756596,True,4FGL J0002.1-6728,310.084930419922,-48.9634666442871,bcu,2.4168522738676756e-10,SUMSS J000215-672653
1FDL J2230.9-7814,311.313699180356,-36.4937730466995,337.7446785764,-78.2450975026384,5.405574285894951e-10,0.0684351067831907,0.110962248404834,True,4FGL J2230.9-7815,311.305572509766,-36.4806060791016,bcu,4.2784792375627484e-10,PKS 2225-785
1FDL J1934.6-2419,15.0478170166845,-19.868865536753,293.662522783158,-24.3314203826414,5.404720005413005e-10,0.0590833565617732,0.0957991021947788,True,4FGL J1934.3-2419,15.0243902206421,-19.7986660003662,bcu,2.0294965707989832e-10,NVSS J193412-241922
1FDL J1559.5+2320,38.6412243913467,47.5329970893037,239.886466550493,23.337160501064,5.38285250600011e-10,0.0834214441654947,0.135261451823682,True,4FGL J1559.9+2319,38.6489372253418,47.4475631713867,bll,4.914214590812094e-10,87GB 155744.0+232525
1FDL J0334.5+3921,154.208860120892,-13.41514367385,53.6350705580305,39.3532070381405,5.381718283075321e-10,0.0591447629552385,0.0958986735486535,True,4FGL J0334.3+3920,154.183990478516,-13.4509954452515,rdg,1.9858703570463376e-10,4C +39.12
1FDL J2356.1+4039,111.745335665077,-21.0057310308501,359.046208781744,40.6627542770652,5.378729204453319e-10,0.0647088189318047,0.104920352427157,True,4FGL J2356.2+4036,111.747116088867,-21.0632743835449,bll,3.9237163518279767e-10,NVSS J235612+403648
1FDL J1937.5-4214,356.728479372642,-25.9992942115549,294.397870158555,-42.2496021825961,5.369167590195889e-10,0.0736094582348305,0.119352064201614,True,4FGL J1937.2-4217,356.666961669922,-25.9529571533203,bcu,4.74734973554547e-10,PKS 1934-423
1FDL J1326.0-5414,308.023336270982,8.29236523297471,201.501548574078,-54.2372990653559,5.367971977336487e-10,0.0592877336554962,0.0961304803884037,True,4FGL J1325.3-5413,307.933074951172,8.30897903442383,,6.897334370314923e-10,
1FDL J0253.8-5442,272.449144229568,-54.5572874050537,43.4700555085826,-54.7109887110268,5.357826426670152e-10,0.0746025449157766,0.120962279887724,True,4FGL J0253.2-5441,272.527893066406,-54.6420516967773,fsrq,4.5790360392317103e-10,PKS 0252-549
1FDL J0427.5-3902,242.217386517745,-43.8961501977022,66.8764948785456,-39.0404141984409,5.338973435555471e-10,0.0636266615852245,0.103165722524172,True,4FGL J0427.3-3900,242.172897338867,-43.9342994689941,bcu,6.351882353428094e-10,PMN J0427-3900
1FDL J0745.3-4028,254.619751707689,-7.94031197978891,116.347993133718,-40.4829123232182,5.338730522694523e-10,0.0853512675018205,0.138390489586977,True,4FGL J0744.9-4028,254.56901550293,-7.99897766113281,,6.989519518718622e-10,
1FDL J0916.9+3856,183.806107320678,44.2019119128486,139.240520985102,38.9358852612063,5.333057178420123e-10,0.0710511975327984,0.115204043191573,True,4FGL J0916.7+3856,183.787582397461,44.1628646850586,fsrq,4.5381029489810487e-10,4C +38.28
1FDL J1629.9-1047,4.91805726749638,24.8811247502449,247.479584092363,-10.7991099508195,5.331256769886639e-10,0.0671354751472457,0.108854986127267,True,4FGL J1630.1-1049,4.93316507339478,24.8308620452881,,6.799578677885164e-10,
1FDL J1503.9-6431,316.5849721786,-5.22054278486081,225.981607814699,-64.5208484666537,5.32938039537475e-10,0.125135891467326,0.202898176527975,True,4FGL J1503.6-6427,316.591796875,-5.14513206481934,bcu,5.63386115537412e-10,AT20G J150350-642539
1FDL J0225.0-2607,215.532353697375,-69.0792560045572,36.2690108042875,-26.1256809444998,5.323181571147207e-10,0.0771879686469988,0.125154339320421,True,4FGL J0225.1-2604,215.403442382813,-69.0601272583008,bcu,5.75290926008165e-10,PMN J0225-2603
1FDL J2100.7-4359,356.869839839455,-41.226948976726,315.18017811953,-43.9907484087076,5.320658191810989e-10,0.0669594760523311,0.108569625759795,True,4FGL J2100.0-4356,356.931549072266,-41.1114616394043,,2.351635275399388e-10,
1FDL J1103.6-2328,273.186403266355,33.0958260535048,165.912679023116,-23.4761838669804,5.318136008647248e-10,0.0658407491689396,0.106755688181457,True,4FGL J1103.6-2329,273.194183349609,33.0771408081055,bll,4.292909638881071e-10,1ES 1101-232
1FDL J0626.3-1033,219.590020605558,-10.3066595936318,96.5982387188764,-10.5507918974565,5.316633458010952e-10,0.138770698697834,0.225005985925815,False,,,,,,
1FDL J1656.4-3257,350.680663731747,6.37931861814812,254.10892795523,-32.9593008799496,5.316531605538697e-10,0.0974227871101426,0.157963519223998,True,4FGL J1656.3-3301,350.626098632813,6.35183954238892,fsrq,7.788231171090843e-10,2MASS J16561677-3302127
1FDL J1759.0-3847,352.883449054665,-7.37725640244369,269.757445567767,-38.7893437786041,5.308930011462001e-10,0.0720700598770434,0.116856049752729,True,4FGL J1759.1-3849,352.868530273438,-7.41725492477417,bcu,1.079380917978767e-09,NVSS J175926-384753
1FDL J2212.3+7736,114.661761978158,17.3707436593234,333.090860025487,77.6076173176062,5.30846599871364e-10,0.109069883314623,0.176848418524783,False,,,,,,
1FDL J0805.4+3835,182.115012560184,30.3511856972241,121.370392591967,38.5983397602303,5.307614354831131e-10,0.0517428952833529,0.0838971129907619,True,4FGL J0805.9+3834,182.166442871094,30.4354858398438,bll,2.2178914260706503e-10,NVSS J080551+383538
1FDL J0849.5+0456,222.574282915637,28.4440862832541,132.390132850627,4.93986327188495,5.30307879419591e-10,0.0678833149443063,0.110067552687106,True,4FGL J0849.5+0456,222.561492919922,28.4405860900879,bll,5.389388380017124e-10,TXS 0846+051
1FDL J0526.2+4253,166.127329330815,4.20915834071143,81.5556777582153,42.8858815137167,5.30147893362661e-10,0.119260736551237,0.193372092766709,True,4FGL J0526.7+4254,166.158721923828,4.30910062789917,snr,6.263278784501836e-10,SNR G166.0+04.3
1FDL J1946.7+0025,39.7267753006274,-12.080764353921,296.68862428811,0.431654007752535,5.300742652103743e-10,0.069419250622189,0.1125579541652,True,4FGL J1947.0+0031,39.8393173217773,-12.0989294052124,,3.4428118689255877e-10,
1FDL J1430.6-4429,320.971269073454,14.8729374998599,217.667954327264,-44.4951139691482,5.298838949914281e-10,0.0633214843706736,0.102670894496274,True,4FGL J1431.0-4432,321.009826660156,14.8081865310669,,2.947308230805134e-10,
1FDL J2239.5-8329,307.131402298836,-32.5312156522823,339.892952144458,-83.4851700813459,5.297976163493555e-10,0.0637909330901072,0.103432079140895,True,4FGL J2241.4-8327,307.096282958984,-32.580997467041,,4.767003458638897e-10,
1FDL J1442.0+4349,77.0682876223842,62.198630260221,220.501034898214,43.8212024029688,5.296707615131063e-10,0.0676831223280237,0.109742962651975,True,4FGL J1442.0+4348,77.0376586914063,62.1963806152344,bll,2.878231264435982e-10,SDSS J144207.15+434836.6
1FDL J0407.5+0747,183.809996842425,-31.0863190047023,61.8930377709909,7.78701353218413,5.296212963602839e-10,0.0697002961890013,0.113013648776491,True,4FGL J0407.5+0741,183.889282226563,-31.1410865783691,bll,8.12000688910075e-10,TXS 0404+075
1FDL J0211.9-3454,242.190050104615,-71.1151567834108,32.9998084086554,-34.9056317375118,5.288216172549603e-10,0.0641702562032584,0.104047125534532,True,4FGL J0212.4-3502,242.513931274414,-70.9800796508789,bll,3.258863456867544e-10,RBS 0292
1FDL J1617.4-1513,359.02699916196,24.5110932480985,244.360708603034,-15.22063238769,5.286608136018984e-10,0.0776437742748882,0.12589338003871,True,4FGL J1617.3-1513,359.001037597656,24.5255489349365,bcu,2.8576280231007445e-10,NVSS J161713-151058
1FDL J0316.2-2606,219.521445201108,-57.7198330911088,49.0740820669548,-26.1073315194392,5.285494192782441e-10,0.0672564766779158,0.109051191803267,True,4FGL J0316.2-2608,219.58903503418,-57.7308692932129,bll,5.414847459306316e-10,RBS 0405
1FDL J1747.9+3403,59.297427036662,27.1904625531745,266.990383611121,34.0505899852712,5.279472839839381e-10,0.0717210788301329,0.116290201265329,True,4FGL J1748.0+3403,59.3171501159668,27.178014755249,fsrq,4.5631179390603904e-10,MG2 J174803+3403
1FDL J0915.6-3032,257.383083229012,12.6709548910715,138.900362515531,-30.5346791878361,5.278044408819428e-10,0.0672776394012432,0.109085494664931,True,4FGL J0915.4-3027,257.314666748047,12.7024078369141,bcu,4.3751549605453017e-10,PMN J0915-3030
1FDL J2314.2+1446,90.6097172466554,-41.9259547977578,348.56700842345,14.7668340996809,5.276742724318368e-10,0.0684454601537323,0.110979028505143,True,4FGL J2314.0+1445,90.5340576171875,-41.9097595214844,bll,5.732012642312155e-10,RGB J2313+147
1FDL J1219.6-0310,287.508866856047,58.733861157707,184.913348688719,-3.18285079600967,5.267829135819016e-10,0.0656407243220997,0.106431367444603,True,4FGL J1219.7-0313,287.564025878906,58.700855255127,bll,4.679837628529525e-10,1RXS J121946.0-031419
1FDL J0453.6-6831,279.790951980033,-35.7654083799687,73.4233804878562,-68.5215591428631,5.261185324166101e-10,0.0697714046461521,0.113128957476074,False,,,,,,
1FDL J0208.4-6833,292.749712152841,-47.0178835323644,32.1104431667903,-68.5588392151467,5.252775986782432e-10,0.0604612231223605,0.098033207542432,True,4FGL J0208.3-6838,292.807189941406,-46.9456672668457,bll,2.765834783424736e-10,PKS 0206-688
1FDL J0440.7+1446,183.190246988294,-20.3841225432868,70.1832186931672,14.7760432958164,5.250462004365863e-10,0.10750147357705,0.174305334756476,True,4FGL J0440.4+1440,183.227920532227,-20.4931259155273,bcu,4.415645071809138e-10,TXS 0437+145
1FDL J1021.1+8020,130.0749937046,34.6076235450797,155.297745206908,80.3351209712683,5.250462004365863e-10,0.0756765691296105,0.122703714157488,True,4FGL J1021.4+8021,130.051467895508,34.6021308898926,bcu,3.5987546276317057e-10,NVSS J102201+802350
1FDL J1517.5-4446,328.400531930519,10.7585800139298,229.37619927767,-44.7695789076003,5.249984243707226e-10,0.104109253608588,0.168805124732278,True,4FGL J1517.7-4446,328.428131103516,10.7327508926392,,5.5619814309793e-10,
1FDL J0539.6-7557,287.381881052171,-30.5891317103513,84.9151910297971,-75.9615402764701,5.249720236731125e-10,0.0819664074970609,0.132902207366917,True,4FGL J0540.0-7552,287.282012939453,-30.5822467803955,,4.5993855946058204e-10,
1FDL J1623.0-3735,342.647140579824,8.46906147755954,245.758114254336,-37.5884185241043,5.240237371056857e-10,0.158093454451976,0.256336343057918,False,,,,,,
1FDL J1209.8+1812,253.76563283008,76.9181901335268,182.473548224662,18.2059872134052,5.238117063722714e-10,0.0692170239495247,0.112230064174176,True,4FGL J1209.8+1810,253.833221435547,76.8933410644531,fsrq,5.804207114934457e-10,MG1 J120953+1809
1FDL J1715.5+6834,99.2495197556676,33.8141140382468,258.895730971673,68.5799123659968,5.226877477726489e-10,0.0760234790644713,0.123266190456894,True,4FGL J1716.1+6836,99.2684555053711,33.7602272033691,fsrq,5.386129875439849e-10,S4 1716+68
1FDL J0025.2-4801,314.938503355775,-68.4956231224038,6.31344205295593,-48.0176171202338,5.22477508777254e-10,0.0720821369494773,0.116875619530431,True,4FGL J0025.7-4801,314.723815917969,-68.5165176391602,bcu,3.0035973708208985e-10,SUMSS J002545-480356
1FDL J0949.8+0617,230.258894959753,42.1490549573911,147.458572358248,6.28518600244278,5.221085437075519e-10,0.0487143071888904,0.0789864856968017,True,4FGL J0950.2+0615,230.360290527344,42.2208938598633,bll,3.226300893111045e-10,GB6 J0950+0615
1FDL J2102.6+6751,103.883404464453,13.9200608020505,315.672436455364,67.8566843921967,5.211217504258666e-10,0.117176944179911,0.189993384698097,False,,,,,,
1FDL J1816.6-6407,330.371954150071,-20.5782834819916,274.15610145821,-64.122916683265,5.210057063919138e-10,0.0719815889855743,0.116712608661559,True,4FGL J1816.4-6405,330.403442382813,-20.548433303833,,5.233065092369316e-10,
1FDL J2147.6-0733,48.3956063103671,-42.3320333152201,326.908168905058,-7.56493055438124,5.206502484873039e-10,0.0624748413900256,0.101298143421082,True,4FGL J2148.0-0733,48.4750328063965,-42.4258079528809,bll,3.2895061674587106e-10,SDSS J214807.08-073347.0
1FDL J1740.1+4741,74.3024818733681,31.3677362116213,265.042294409177,47.697177239146,5.201007020487911e-10,0.0542638643428151,0.0879846636160281,True,4FGL J1740.0+4737,74.2106246948242,31.3713188171387,fsrq,3.632206202475175e-10,S4 1738+47
1FDL J1318.7+6753,119.019218197638,49.0265525977114,199.687811735386,67.8936773802583,5.200533759937176e-10,0.062200501394669,0.100853311615208,True,4FGL J1318.2+6754,119.09920501709,49.013240814209,bcu,1.8617382635532917e-10,87GB 131701.6+681031
1FDL J0952.0-0607,243.641188539911,35.359981752236,148.013651139202,-6.12955009434632,5.195865734324103e-10,0.0742942021299434,0.120462314760011,True,4FGL J0952.1-0607,243.667175292969,35.3863830566406,PSR,4.6514445073420063e-10,PSR J0952-0607
1FDL J2053.4+6907,104.363896728851,15.3696153961451,313.365148622275,69.1224825078266,5.192557088563803e-10,0.076222923234795,0.123589597492381,True,4FGL J2054.2+6904,104.371742248535,15.2846984863281,,5.806115588313786e-10,
1FDL J1836.2+3132,60.2765753270244,16.7857689773442,279.058742801497,31.5387689587577,5.18780925981262e-10,0.108629816009196,0.176134871541291,True,4FGL J1836.4+3137,60.3688087463379,16.7785873413086,bll,5.03464214762772e-10,RX J1836.2+3136
1FDL J1534.3-3312,338.050333363694,18.3353700017287,233.597074611484,-33.2010048813222,5.182730663729716e-10,0.0630964903912657,0.102306097652786,True,4FGL J1534.3-3312,338.037658691406,18.343168258667,,3.978289364603427e-10,
1FDL J0953.7-5810,281.241052104576,-3.00115918666428,148.430177328584,-58.1799961864072,5.181973646466467e-10,0.171978480699917,0.27884984457284,False,,,,,,
1FDL J2314.7+6937,114.649126233784,8.32483285573375,348.689664477754,69.6267208990009,5.179579221783031e-10,0.0914038243235339,0.14820425145397,False,,,,,,
1FDL J0059.4-0152,127.618804218071,-64.666067292053,14.8641991389358,-1.86731822377331,5.179355963976718e-10,0.0611065941879994,0.0990796325331141,True,4FGL J0059.3-0152,127.554191589355,-64.6732635498047,bll,2.2207317929012757e-10,RX J0059.3-0150
1FDL J1128.8-0525,268.336536134596,51.817866585728,172.215781793093,-5.41990861963274,5.178971486979226e-10,0.0751183515159462,0.121798612841838,True,4FGL J1129.2-0529,268.524719238281,51.8079223632813,bcu,4.1908226888764943e-10,NVSS J112914-052856
1FDL J0249.5-8224,298.445776515734,-33.6597390037071,42.3935573751574,-82.4105860347357,5.170346867998246e-10,0.0743384844452145,0.12053412057957,True,4FGL J0250.2-8224,298.417175292969,-33.6530380249023,bcu,3.359327538365875e-10,PMN J0251-8226
1FDL J1154.0-0009,273.784026985342,59.4321201844795,178.517882962775,-0.153581599194408,5.16428355464918e-10,0.0616414228168415,0.0999468106795085,True,4FGL J1154.0-0010,273.7919921875,59.4061965942383,bll,3.687778415972786e-10,1RXS J115404.9-001008
1FDL J1207.9-0058,280.747622937872,60.0049729729451,181.977141798011,-0.978524069851455,5.163133565619423e-10,0.0613423772972511,0.0994619296576932,True,4FGL J1207.7-0106,280.740234375,59.8679809570313,fsrq,3.5711114620973206e-10,AT20G J120741-010630
1FDL J1345.6-2605,317.854525237797,35.1988005992661,206.410930876811,-26.0972964576324,5.160784921619914e-10,0.0695937228304744,0.112840851791245,True,4FGL J1345.9-2612,317.893676757813,35.0721015930176,,5.982678796812023e-10,
1FDL J1100.3+4022,175.76240262307,63.5494345303426,165.091445550171,40.3729428511213,5.156732934251084e-10,0.0568806234530462,0.0922275487806843,True,4FGL J1100.3+4020,175.841949462891,63.5630264282227,bll,3.4612987476201335e-10,RX J1100.3+4019
1FDL J0256.3+0330,172.31083109655,-47.0319650607595,44.0792757011778,3.51299722691695,5.148539867123969e-10,0.0618443392463533,0.10027583028344,True,4FGL J0256.3+0334,172.272918701172,-46.9785766601563,bll,4.742296000337376e-10,PKS B0253+033
1FDL J0934.9+3925,183.109202242357,47.686297064804,143.734343412095,39.4307276321993,5.145322964592969e-10,0.0604990540526586,0.098094548226005,True,4FGL J0934.3+3926,183.104965209961,47.5716857910156,bll,3.1072205919358003e-10,GB6 J0934+3926
1FDL J1823.4-4718,347.143538361551,-15.1743216480874,275.87242204441,-47.3098582493292,5.143869239400167e-10,0.0686977762834582,0.111388158409538,True,4FGL J1822.9-4718,347.109802246094,-15.0877237319946,,4.701870004453211e-10,
1FDL J1501.1+5543,92.719467426411,53.1236053595306,225.279222988943,55.7188791298134,5.137320254792924e-10,0.0925424263970611,0.15005041071107,True,4FGL J1502.5+5552,92.7366790771484,52.8712501525879,bcu,2.6350457926760384e-10,FIRST J150229.0+555204
1FDL J2322.1+2731,99.7267147289629,-31.2892213861255,350.543827377739,27.5290091430358,5.136040976801415e-10,0.0596012659629491,0.0966388463688081,True,4FGL J2321.9+2734,99.6971054077148,-31.2318305969238,fsrq,6.930386819981037e-10,4C +27.50
1FDL J1635.2+4259,67.660785715226,42.4796471049157,248.820125077783,42.9903461798509,5.129035204831888e-10,0.0666412606919578,0.108053666960714,True,4FGL J1635.3+4258,67.6405868530273,42.4609870910645,,2.5848739815259586e-10,
1FDL J0722.8-0733,223.254732575576,3.46014712567441,110.702715816373,-7.56605347791811,5.128015863483785e-10,0.0604602629853223,0.0980316487864177,True,4FGL J0723.0-0732,223.258392333984,3.51385354995728,bll,5.090843302468784e-10,1RXS J072259.5-073131
1FDL J1456.4-7606,310.341396428134,-15.0708794796807,224.108813016957,-76.1110993657374,5.126984447173595e-10,0.0657961621987277,0.106683393445765,True,4FGL J1455.8-7601,310.354156494141,-14.9715251922607,bcu,1.904420371401372e-10,SUMSS J145543-760054
1FDL J2007.1-3157,9.63275688427279,-29.0931165063166,301.782270580382,-31.9593936480985,5.123682854930583e-10,0.0678942495652125,0.110085292621707,True,4FGL J2007.2-3157,9.64462280273438,-29.1140308380127,,3.5504116313589407e-10,
1FDL J0434.4+2249,175.563505467401,-16.5455343446537,68.6082787777217,22.8268364319373,5.122983534068921e-10,0.120097920134151,0.19472951045503,False,,,,,,
1FDL J1520.8+5551,90.358567981575,50.750794394315,230.224467104183,55.8563100918761,5.121928599023546e-10,0.0716632653822532,0.116196466611236,True,4FGL J1520.4+5546,90.2888717651367,50.8444786071777,bll,2.5612317822165664e-10,SDSS J152034.98+554256.9
1FDL J0456.3-3136,233.459936413528,-37.135689823422,74.0960809116816,-31.6062323744237,5.116203847897549e-10,0.0630437517915535,0.102220587301758,True,4FGL J0456.6-3136,233.483932495117,-37.0877456665039,fsrq,3.9581449229331156e-10,PMN J0456-3135
1FDL J2243.3-1234,52.4739986845011,-56.7025417835034,340.848981978259,-12.5735460380373,5.116044578088138e-10,0.0677341605314037,0.109825707626978,True,4FGL J2243.7-1231,52.6188125610352,-56.7439308166504,bll,4.3284942297106005e-10,RBS 1888
1FDL J2026.7+2808,68.7474461985517,-5.85834942943824,306.688870903157,28.134234354109,5.101535110957595e-10,0.104614306124603,0.169624034389799,True,4FGL J2027.0+2811,68.8327255249023,-5.88226318359375,,1.2903584867274274e-09,
1FDL J0133.1-4412,279.488132682382,-70.9688365171741,23.2872369890117,-44.2118395844228,5.097163446830259e-10,0.0688023560359535,0.111557713724029,True,4FGL J0132.8-4413,279.658569335938,-70.9864044189453,bll,3.0638375170255467e-10,SUMSS J013306-441422
1FDL J1130.2-1445,275.282165854839,43.7046005943819,172.559576254991,-14.7647773727489,5.089004091017937e-10,0.108977866157612,0.176699207127836,True,4FGL J1129.8-1447,275.186584472656,43.6373405456543,fsrq,4.66016003564107e-10,PKS 1127-14
1FDL J0757.9-3139,248.269874011073,-1.29190442056375,119.49058167394,-31.6626665236382,5.088894412983834e-10,0.0890339207983195,0.144361624923312,False,,,,,,
1FDL J1232.1-5116,299.849376921942,11.4882677188421,188.028081853202,-51.2677750516806,5.08397352170366e-10,0.0950843580871157,0.154171942667222,True,4FGL J1231.6-5116,299.774291992188,11.4831314086914,,1.1479803774250286e-09,
1FDL J1616.8-5340,330.510285438756,-2.1767271257428,244.201379020895,-53.6698071476569,5.081788662657045e-10,0.181393541205282,0.294115631020199,True,4FGL J1616.6-5341,330.475891113281,-2.16949725151062,,2.326565606836084e-09,
1FDL J0001.7-4157,334.180833598612,-72.0271282373389,0.430117365890018,-41.9523397691866,5.071607086443534e-10,0.0671315482838423,0.108848624701244,True,4FGL J0001.6-4156,334.226348876953,-72.0285491943359,bcu,3.0486912994120985e-10,2MASS J00013275-4155252
1FDL J0028.1+2005,115.5191230693,-42.4516688607643,7.04203870205116,20.0849026871806,5.071036307364798e-10,0.0850493339272958,0.137900938314829,True,4FGL J0028.4+2001,115.611595153809,-42.5142211914063,fsrq,6.048244682865801e-10,TXS 0025+197
1FDL J1906.4-1754,18.45195251227,-11.2841385018975,286.615639139176,-17.906024264584,5.064992422861836e-10,0.109395476220846,0.177376324063857,True,4FGL J1906.4-1757,18.4084701538086,-11.2989120483398,,5.633064570353952e-10,
1FDL J2353.4-3036,14.1318401157103,-76.8553943477395,358.373448308254,-30.6146099092074,5.064883262326346e-10,0.0659405692916969,0.1069175462998,True,4FGL J2353.7-3037,14.0548286437988,-76.9032974243164,bll,3.6484698595629084e-10,PKS 2351-309
1FDL J1612.3+0406,16.4289128465642,36.9157468148765,243.08460625189,4.11459108862589,5.054553992294317e-10,0.0663000335557945,0.10750039510471,True,4FGL J1612.4+0409,16.4893169403076,36.9151306152344,,3.1712590886634473e-10,
1FDL J0430.9+5057,153.962039303848,1.80863663738553,67.7344698352416,50.9538866218573,5.051922039872566e-10,0.119331301505114,0.193486498749022,False,,,,,,
1FDL J2236.2-1707,43.5819426312533,-57.2494949272083,339.056479627249,-17.128655980422,5.051305090787689e-10,0.0645078205759576,0.104594452985186,True,4FGL J2236.2-1706,43.6251678466797,-57.2478790283203,bll,3.7733438595921603e-10,PKS 2233-173
1FDL J2344.0+3438,107.512982336159,-26.2093581493543,356.006403057069,34.6358924427468,5.050156072782346e-10,0.0543691345710981,0.0881553563817147,True,4FGL J2343.6+3438,107.426498413086,-26.1813869476318,bll,3.3906391583293777e-10,1RXS J234332.5+343957
1FDL J0845.0-4335,263.354382508294,-0.455312388373891,131.251983019847,-43.596219819533,5.049829557470484e-10,0.163461772481869,0.265040647569837,True,4FGL J0844.1-4330,263.1923828125,-0.528969645500183,,9.65728830237822e-10,
1FDL J0856.4+7139,142.18305887863,35.3176004326868,134.109268063656,71.6581241467532,5.048015967900889e-10,0.0863578170219793,0.140022540394919,True,4FGL J0855.9+7144,142.105895996094,35.2481842041016,fsrq,2.3280476157960803e-10,GB6 J0856+7146
1FDL J1809.4+2042,47.3730357272794,18.2429433729993,272.350672921869,20.7038737343258,5.044004205505644e-10,0.0648065662417331,0.105078856426782,True,4FGL J1809.3+2042,47.3732643127441,18.2556018829346,bll,3.597478981376412e-10,RX J1809.3+2041
1FDL J0942.1+2725,201.203347752095,48.1997265818286,145.533871797533,27.4199264758702,5.043207066457003e-10,0.0653092751672485,0.10589394594465,True,4FGL J0941.9+2724,201.202438354492,48.1634254455566,bll,2.948039867778362e-10,GB6 J0941+2721
1FDL J0350.2+7123,136.266766498818,13.3113577929005,57.5533451352811,71.3901259436913,5.036279682259352e-10,0.0794952201309792,0.128895371261306,False,,,,,,
1FDL J0548.4-0108,206.657578225149,-14.5080766573575,87.1204377671987,-1.14982570930294,5.027724129593885e-10,0.132497948398349,0.214835183832127,False,,,,,,
1FDL J1457.0-4256,326.109054575654,14.2103081193408,224.268365566717,-42.9366218212646,5.023920981465914e-10,0.0616858347737222,0.100018817654722,True,4FGL J1457.3-4246,326.238708496094,14.3252801895142,bcu,5.80945069827976e-10,PKS J1453-426
1FDL J1124.7-6415,293.691473147984,-2.94791918466963,171.194571350324,-64.2537669809542,5.023584132437216e-10,0.210454881534273,0.341236384401955,True,4FGL J1123.5-6418,293.585205078125,-3.04571676254272,bcu,4.1367961833849165e-10,AT20G J112319-641735
1FDL J1340.7-0409,325.630684914497,56.5191124674526,205.183557905042,-4.16448650645835,5.018804514774217e-10,0.0695765560422966,0.112813008182762,True,4FGL J1340.8-0409,325.689636230469,56.5106658935547,bll,3.285809124786709e-10,NVSS J134042-041006
1FDL J1111.5+7137,133.48654870361,43.3947313466565,167.880721415795,71.6275456313033,5.008101474540494e-10,0.0690065714827741,0.111888825077027,True,4FGL J1110.2+7135,133.634063720703,43.3776016235352,bll,2.900804596528417e-10,RX J1110.5+7133
1FDL J1339.9-5922,309.084726461187,2.90803879506251,204.992085485487,-59.382717076413,5.00756182568295e-10,0.114504612230862,0.185660407535858,False,,,,,,
1FDL J1639.3+4121,65.4668122214185,41.7106746367596,249.834549637817,41.3543979973907,5.003067012661754e-10,0.0710107505350595,0.115138458457915,True,4FGL J1639.2+4129,65.6566696166992,41.722713470459,fsrq,4.151014532105535e-10,MG4 J163918+4127
1FDL J1643.3-3143,349.889502145578,9.29526268511027,250.847764693281,-31.7237476403329,5.001114525463e-10,0.0753337922149685,0.122147931612046,True,4FGL J1643.3-3148,349.822937011719,9.24231052398682,,5.504657840660342e-10,
1FDL J0327.8+3015,158.771546187685,-21.5274264005533,51.9503311525648,30.2534824483852,4.999234629380025e-10,0.109501899269566,0.177548886187452,False,,,,,,
1FDL J0439.6-1900,216.924485047394,-37.315981092567,69.9079295562157,-19.008280748047,4.992774138197506e-10,0.0648714298625517,0.105184018749029,True,4FGL J0439.8-1859,216.934066772461,-37.2684631347656,bll,4.203055958829083e-10,1SXPS J043949.5-190102
1FDL J2131.6+3955,86.5376805499851,-8.42489379180878,322.915709506666,39.9307013507651,4.989821845124155e-10,0.116484337664569,0.188870360977578,False,,,,,,
1FDL J0102.4+0951,127.441193715707,-52.9131316579752,15.6176810482366,9.86199209363467,4.988173146041192e-10,0.0721954471713076,0.117059348251241,True,4FGL J0102.3+1000,127.393409729004,-52.7647933959961,,2.2388373099868628e-10,
1FDL J2302.9+2113,91.6901365973795,-34.9828501568116,345.738989481681,21.2240690159661,4.983361584432624e-10,0.0986335837587888,0.159926751177961,False,,,,,,
1FDL J0343.4-2527,220.471067840253,-51.5953510102621,55.8655781844607,-25.4591269933656,4.980164406038157e-10,0.0808159752240591,0.13103686579667,True,4FGL J0343.2-2529,220.510406494141,-51.6486663818359,fsrq,4.0897488173818886e-10,PKS 0341-256
1FDL J2218.8+4738,98.0950028169471,-7.74093566793545,334.712382787569,47.6371082620844,4.977696347717719e-10,0.0655787501032012,0.106330882938354,True,4FGL J2218.8+4736,98.0811843872071,-7.77545166015625,,4.3367803792548903e-10,
1FDL J1740.6+5347,81.4382300494261,31.8572465303164,265.154756825368,53.7922252674141,4.974085887982218e-10,0.072027372155142,0.116786818600054,True,4FGL J1740.6+5346,81.4124069213867,31.8533554077148,bll,3.2177283060264017e-10,87GB 173932.3+534742
1FDL J2009.9-2117,21.3197573883982,-26.3774430441713,302.499869983574,-21.2892647969234,4.971025603513592e-10,0.0658609064514859,0.106788379699868,True,4FGL J2009.9-2116,21.3239002227783,-26.3525619506836,,3.69174468772826e-10,
1FDL J0552.9+0316,203.205791825521,-11.43148231715,88.245380230611,3.26745036268035,4.956428893126417e-10,0.116608833756974,0.189072222947141,True,4FGL J0552.8+0313,203.224060058594,-11.4723358154297,bcu,7.160293469254951e-10,PKS 0550+032
1FDL J2335.5-7626,308.624981416569,-39.8347435166557,353.895830259859,-76.4433770980691,4.956238991112405e-10,0.0693017089790945,0.11236736498097,True,4FGL J2336.5-7622,308.588897705078,-39.919132232666,bll,2.9737332041257503e-10,PMN J2336-7620
1FDL J0420.0-6020,271.316894911918,-41.7966217847994,65.0105600607115,-60.3353848368999,4.954055640840739e-10,0.0628063634830713,0.101835670003881,True,4FGL J0420.3-6016,271.218994140625,-41.7871589660645,bll,1.7921954198474308e-10,1RXS J042012.8-601446
1FDL J2048.0-3123,12.7441871902347,-37.4151150237538,312.008900954784,-31.3987121209835,4.950130404661292e-10,0.0682477220347053,0.110658419249439,True,4FGL J2047.9-3122,12.7637214660645,-37.3873329162598,bcu,2.6258753504926347e-10,NVSS J204806-312016
1FDL J0431.5+3532,165.351350475475,-8.62576779419809,67.8993933415518,35.5344981703788,4.949490328949087e-10,0.153065537602548,0.248183961753962,False,,,,,,
1FDL J1256.8-8149,303.133974543614,-18.9470512419212,194.202167096036,-81.8166917489598,4.943875437133021e-10,0.0755367410705579,0.122476999363187,True,4FGL J1259.0-8148,303.218292236328,-18.9487838745117,,5.076414288929243e-10,
1FDL J2311.6+2602,96.5076523407629,-31.6566025340647,347.922435516481,26.0467989918013,4.942324765917109e-10,0.0643985889159384,0.104417346380973,True,4FGL J2311.7+2604,96.5343551635742,-31.627326965332,bcu,3.1897468000252616e-10,MG3 J231144+2604
1FDL J1837.7-6001,335.378519946565,-21.6239631202966,279.446236002372,-60.0237434731939,4.941034883486908e-10,0.0879426717053794,0.142592247872299,True,4FGL J1838.0-5959,335.424438476563,-21.6513442993164,bll,2.2343692174242588e-10,SUMSS J183806-600033
1FDL J2025.6-2233,21.3746127893109,-30.2136471976681,306.404579371583,-22.5536287529688,4.936233328810036e-10,0.0588575332185846,0.0954329523211895,False,,,,,,
1FDL J1627.6-3850,342.358923262415,6.9496103048386,246.902207343158,-38.8463618566824,4.933550749747917e-10,0.087545181937597,0.14194776210185,True,4FGL J1627.6-3852,342.344299316406,6.92416858673096,glc,5.565138905261334e-10,NGC 6139
1FDL J0215.4+7551,128.102370091959,13.8424758690706,33.8546598535692,75.8642402368619,4.929382057964311e-10,0.103959846982791,0.168562872068617,True,4FGL J0215.3+7555,128.07763671875,13.8921070098877,bcu,1.277845051994575e-10,WN B0210.3+7540
1FDL J0226.4-4442,261.963508575418,-64.1230134638134,36.6042177202585,-44.7128091920098,4.928768270786136e-10,0.0653698436385784,0.105992159984565,True,4FGL J0226.5-4441,261.872131347656,-64.1127243041992,bll,3.0998872913023945e-10,RBS 0318
1FDL J1251.7-8027,302.943928956928,-17.5835931326711,192.928487087269,-80.4553342841079,4.926679606419358e-10,0.107187273110818,0.173795904762749,False,,,,,,
1FDL J0957.5-1353,251.614793216026,31.168959703174,149.384931935097,-13.8837364799188,4.922752484060061e-10,0.0585068083027588,0.0948642809852081,True,4FGL J0957.3-1348,251.514099121094,31.1803512573242,fsrq,6.269902930178262e-10,PMN J0957-1350
1FDL J1407.4-4301,317.398953127133,17.7064423627857,211.856346885227,-43.0205525875809,4.922622812721722e-10,0.0722406233131225,0.117132597686647,True,4FGL J1407.6-4301,317.444122314453,17.6896915435791,bll,4.5685996652444766e-10,SUMSS J140739-430231
1FDL J1356.2-1730,324.14082918518,42.6747322998945,209.054409634612,-17.5134620269724,4.92085490802583e-10,0.0629919738172936,0.10213662163439,True,4FGL J1356.2-1726,324.188018798828,42.7326850891113,agn,1.8199311502264948e-10,PKS B1353-171
1FDL J1852.4-1309,21.2817757699808,-6.18194095870682,283.112237113078,-13.1662855719106,4.913777869212079e-10,0.0801676580722246,0.129985660102726,True,4FGL J1852.2-1309,21.2711410522461,-6.14549732208252,psr,8.66152316536528e-10,PSR J1852-13
1FDL J0050.3-5739,303.210835783418,-59.4725468496892,12.5946757757735,-57.6551319500609,4.907380806644883e-10,0.0620405612279296,0.100593982860499,True,4FGL J0050.0-5736,303.290588378906,-59.5109062194824,fsrq,3.848947549567328e-10,PKS 0047-579
1FDL J1018.5+5913,151.508456975481,48.5576579521218,154.645890083732,59.216733566331,4.907333800276532e-10,0.0570873095036357,0.0925626722104882,True,4FGL J1018.8+5913,151.464630126953,48.5769920349121,bll,2.509923102689271e-10,TXS 1015+594
1FDL J1858.5-5423,342.06989421231,-22.7513278030507,284.63384367264,-54.3834681930559,4.901531973978404e-10,0.0940632024388535,0.152516220933964,True,4FGL J1858.3-5424,342.030090332031,-22.7264537811279,,7.011891622887845e-10,
1FDL J1031.6+6622,141.962566587503,45.2421073354088,157.905563702352,66.3753643107459,4.899454851538433e-10,0.0694140909061604,0.112549598285905,True,4FGL J1032.7+6624,141.821823120117,45.3010368347168,bll,2.2598947713170503e-10,2MASS J10323905+6623234
1FDL J1439.3-5148,319.372529802902,7.59282604728626,219.837955625136,-51.8007727879946,4.895983212301735e-10,0.134672049301554,0.218360327313711,True,4FGL J1439.2-5142,319.388854980469,7.68258762359619,,3.188851682711657e-10,
1FDL J1956.2+0221,42.6139982210608,-13.2596046828708,299.060603720494,2.35567233890626,4.895572877084153e-10,0.0900196850687707,0.14595998935588,True,4FGL J1955.7+0214,42.4475555419922,-13.2123165130615,bll,3.2587554876783997e-10,NVSS J195547+021514
1FDL J0940.0-2829,259.711067458414,17.9058757088434,145.008624882832,-28.4859629627003,4.891647122317504e-10,0.0726548612337029,0.11780424573397,True,4FGL J0940.0-2828,259.708923339844,17.9117679595947,bcu,4.943723763695117e-10,TXS 0937-282
1FDL J1616.1-1504,358.929930489149,24.8536990206103,244.03038839374,-15.0673568846906,4.889820084112737e-10,0.137174909830511,0.222418540968883,True,4FGL J1615.3-1512,358.674652099609,24.9067821502686,,2.6225532856472e-10,
1FDL J2042.3+0238,48.906473670379,-23.122429896813,310.595789819462,2.64767939136071,4.88594574355287e-10,0.107009154324843,0.173507092078628,True,4FGL J2042.2+0245,48.9896965026856,-23.0355682373047,PSR,8.387892047601041e-10,PSR J2042+0246
1FDL J1421.4-1117,335.518691607822,45.8039399845639,215.370635128205,-11.2934484824802,4.884623786479953e-10,0.0649190860112279,0.105261285449887,True,4FGL J1421.1-1120,335.384155273438,45.803840637207,bcu,4.369837269813104e-10,PMN J1420-1118
1FDL J1618.5+7537,109.101860062255,35.3400656100622,244.628583031588,75.6268340643326,4.884296277193063e-10,0.0727214719763827,0.117912253678763,True,4FGL J1619.0+7536,109.06275177002,35.3199729919434,bcu,2.5367247191709907e-10,6C B162034.5+754454
1FDL J1458.9+7137,109.959394612302,42.1365118109275,224.745075130284,71.630633477876,4.881373060277219e-10,0.0605803479971174,0.098226368526619,True,4FGL J1459.0+7140,109.993217468262,42.1019096374512,css,2.9411270641155335e-10,3C 309.1
1FDL J1645.3+6331,94.093404748648,37.999825819053,251.332141008338,63.518231311244,4.878334770565777e-10,0.0746908765927262,0.121105486346753,True,4FGL J1645.6+6329,94.0548477172852,37.9745407104492,fsrq,4.577213330581032e-10,TXS 1645+635
1FDL J0520.3+0854,194.014052083461,-15.6394413848363,80.093964281659,8.91315116535452,4.878182905731586e-10,0.109386793775473,0.177362237802711,False,,,,,,
1FDL J0028.7+7510,121.450195094438,12.3665878387178,7.19495294515512,75.1731101963967,4.876477671485373e-10,0.129804791448037,0.210468465916829,True,4FGL J0028.1+7505,121.40364074707,12.2935152053833,bcu,3.6534034131285854e-10,GB6 J0028+7506
1FDL J1954.5-7022,325.01824101332,-30.7159377065413,298.638314195293,-70.3720410342868,4.862158587666958e-10,0.0966722157823755,0.156746543822419,True,4FGL J1953.0-7025,324.973663330078,-30.5880794525147,bcu,3.3262284593327246e-10,PKS 1947-705
1FDL J1913.5-1525,21.4756852846489,-11.770132400264,288.388794534842,-15.4303265972539,4.861820942089225e-10,0.0751276596282525,0.121813695259836,True,4FGL J1913.4-1526,21.442232131958,-11.7458057403564,,5.929198798604317e-10,
1FDL J2351.9+1750,103.476633774221,-42.767607715119,357.975136517227,17.8437479712302,4.861576454756372e-10,0.0723749602435035,0.117350418176897,True,4FGL J2352.0+1750,103.521690368652,-42.7830123901367,bll,4.5699921624731127e-10,CLASS J2352+1749
1FDL J1303.3-4710,305.026931050175,15.6519684048412,195.827634728711,-47.1714782676728,4.85756163682266e-10,0.06719871,0.108957514,True,4FGL J1303.1-4714,304.995574951172,15.5867099761963,,3.5700772893498817e-10,
1FDL J1829.2-2415,8.84387210081939,-6.26046551403741,277.324215542274,-24.2549709059188,4.85143525652911e-10,0.10199200955183,0.16537215469241,True,4FGL J1829.0-2417,8.78457546234131,-6.22325229644775,bll,8.865314038430937e-10,1RXS J182853.8-241746
1FDL J1937.7+1709,53.4404133303742,-2.08037699388063,294.448958538896,17.1602655575135,4.840683411385006e-10,0.131862252110456,0.213804465180262,False,,,,,,
1FDL J1056.1-5252,285.911919089348,6.14924830516756,164.035357819468,-52.8700030185278,4.834352565735042e-10,0.0900983016260506,0.14608744657306,False,,,,,,
1FDL J1624.5-3951,341.208483070796,6.68478230313967,246.127313944071,-39.8543151276004,4.833669584644007e-10,0.099455371854477,0.16125921460528,True,4FGL J1624.3-3952,341.184783935547,6.69127464294434,psr,1.2504777213706575e-09,PSR J1624-39
1FDL J1839.1-3458,359.997622043437,-12.8519027909003,279.799977425479,-34.9715538817656,4.832118765661642e-10,0.0830373792355059,0.13463869818406,True,4FGL J1838.9-3457,359.992156982422,-12.796236038208,bcu,5.898287969152705e-10,AT20G J183923-345348
1FDL J0727.9+4826,169.587024051251,25.7722361822216,111.97782801712,48.4496105969517,4.83202619519458e-10,0.0697806399376795,0.113143916899316,True,4FGL J0728.2+4827,169.588195800781,25.8218574523926,bll,2.151460398724936e-10,GB6 J0727+4827
1FDL J1701.5-0044,18.8940286859121,23.865892484503,255.390189266512,-0.740866560529063,4.826775726151081e-10,0.0715826852346425,0.116065803112049,False,,,,,,
1FDL J2049.7+0959,56.644061045418,-20.6992445881383,312.437463835559,9.99865992912433,4.817099311296302e-10,0.0715942219483381,0.116084528867431,True,4FGL J2049.9+1002,56.705322265625,-20.7088108062744,bll,8.648556870660683e-10,PKS 2047+098
1FDL J2133.8-6427,328.805696911457,-41.3956281782191,323.474839613476,-64.452879935438,4.816401466984229e-10,0.072520422911209,0.117586276488722,True,4FGL J2133.1-6432,328.747894287109,-41.2888450622559,,9.358751551502562e-10,
1FDL J1339.5-2612,316.18687102563,35.4284398733686,204.878036827392,-26.2028868065138,4.816280363804285e-10,0.0556389540107412,0.0902142684480696,True,4FGL J1339.1-2620,316.065582275391,35.3157005310059,fsrq,2.7608085262365023e-10,PKS 1336-260
1FDL J1306.7-2148,307.624484508051,40.9214454298692,196.677168621204,-21.8111227139814,4.810678347586472e-10,0.0733002425062087,0.118850680951366,True,4FGL J1306.7-2148,307.651153564453,40.9215850830078,rdg,4.719953317078307e-10,PKS 1304-215
1FDL J1149.6-4027,290.410163544312,20.9108924345261,177.423235435498,-40.4547665706333,4.809457374490454e-10,0.0780475464078298,0.126548068989679,True,4FGL J1149.5-4029,290.391052246094,20.8687534332275,bcu,3.8299455273893557e-10,PMN J1149-4029
1FDL J2219.3-6844,320.63880833602,-42.7760857957847,334.843452648447,-68.7470724054665,4.795943741565462e-10,0.0603945667408364,0.0979251351962779,True,4FGL J2219.7-6837,320.736785888672,-42.8904991149902,,4.435778411249202e-10,
1FDL J1002.7+2210,210.812164223785,51.5202575109764,150.678173466389,22.175235438666,4.794290216730103e-10,0.0630060921396932,0.102159520139436,True,4FGL J1002.5+2215,210.669219970703,51.5170822143555,bll,2.555143041593766e-10,1RXS J100235.8+221609
1FDL J0356.1+8015,130.403818297874,20.1938322083663,59.0445226938645,80.2623141119811,4.792252802155001e-10,0.0603680470796724,0.0978821276794345,True,4FGL J0354.7+8009,130.428024291992,20.0815620422363,bll,3.00899138938604e-10,S5 0346+80
1FDL J0058.6-3505,292.427387368562,-81.8934949716739,14.6598970816825,-35.0873488955761,4.78921837377428e-10,0.0577093294809848,0.09357123374749,True,4FGL J0059.5-3512,291.345367431641,-81.7334823608398,bll,1.3826731426469507e-10,1RXS J005932.3-351049
1FDL J2155.6+5502,99.4965588437435,0.368794370161526,328.914725639241,55.0338153483201,4.788232168320202e-10,0.143679765118989,0.232965648996369,False,,,,,,
1FDL J1543.6-0241,4.15138466732905,38.9200209881065,235.911816121415,-2.68875930310506,4.784186266066315e-10,0.0852973813357464,0.138303112220703,True,4FGL J1543.6-0244,4.0895471572876,38.886775970459,,7.478023200668814e-10,
1FDL J2359.2-2052,57.8015133943644,-76.5508640244928,359.806789215697,-20.8808979812576,4.779045001062542e-10,0.0662425302979668,0.107407158470095,True,4FGL J2359.3-2049,58.090145111084,-76.5428619384766,bll,3.2262728599796725e-10,TXS 2356-210
1FDL J0934.2-5352,276.378855633429,-1.50285266104207,143.561980259703,-53.8813305695931,4.777008345472345e-10,0.173536550011922,0.281376128636645,False,,,,,,
1FDL J1025.9+8256,127.902285690478,32.7267647210518,156.497664767228,82.9383858227295,4.774972557830849e-10,0.0616501376336462,0.09996094209912,True,4FGL J1027.6+8251,127.910865783691,32.8199348449707,bcu,2.3390656078703387e-10,2MASS J10284195+8253398
1FDL J1231.6+6414,126.474081826659,52.7516289256848,187.923240132668,64.2406149143778,4.773577743823145e-10,0.0676229790319915,0.109645448400703,True,4FGL J1231.6+6415,126.48706817627,52.7376327514649,bll,2.63844168735261e-10,MS 1229.2+6430
1FDL J1223.1-7311,300.858950815758,-10.4374391653037,185.791564472742,-73.1952945528569,4.766689685466478e-10,0.170077313915481,0.275767221527797,True,4FGL J1225.6-7313,301.042938232422,-10.4552688598633,bcu,3.7385256002053774e-10,PMN J1225-7313
1FDL J0526.2-0050,203.62056476382,-19.2692325310293,81.5511904242124,-0.833429740399607,4.764213331018055e-10,0.0646811201251575,0.10487544526618,True,4FGL J0525.8-0052,203.612594604492,-19.3614387512207,bll,4.739446612944676e-10,PMN J0525-0051
1FDL J1647.9-2405,356.569013013401,13.3465183806407,251.98303886746,-24.0893788448379,4.756478740831512e-10,0.136894490626392,0.221963833207834,False,,,,,,
1FDL J1907.0+5423,84.8636468936549,19.6055675418967,286.754097263147,54.3947758967119,4.755584687500931e-10,0.0650901073923388,0.105538582316121,True,4FGL J1906.7+5419,84.7733840942383,19.6120548248291,bcu,3.1500543840046186e-10,TXS 1905+542
1FDL J2358.6-1808,66.6509320257667,-74.8761803553222,359.658957111894,-18.13697671152,4.748210892876302e-10,0.0648304196920763,0.105117529627379,True,4FGL J2358.5-1808,66.5932769775391,-74.8635711669922,bll,5.233419253514171e-10,1RXS J235836.3-180701
1FDL J2207.6+4319,94.1602980506559,-10.1452222256889,331.908628430749,43.3239045561359,4.742710765669639e-10,0.14681481049732,0.238048882266597,True,4FGL J2209.4+4329,94.3209686279297,-10.2041215896606,bcu,4.37710839795713e-10,B3 2207+432
1FDL J1920.7-3643,1.52322414587709,-21.3221019134765,290.187487700885,-36.7168636545316,4.740559042749312e-10,0.133023142338432,0.215686754047927,False,,,,,,
1FDL J0445.1+4559,159.231638711525,0.246545554703439,71.297724461872,45.9905036784529,4.739543133102829e-10,0.103428633594221,0.16770153650129,False,,,,,,
1FDL J0413.1+6945,138.838851026461,13.3948109932954,63.2782822831113,69.7611256396123,4.73569713612951e-10,0.127375882475499,0.206530177088501,False,,,,,,
1FDL J0922.8-3953,265.292809063664,7.26488693371774,140.708676129742,-39.8990956203338,4.735254876522994e-10,0.0644873314735905,0.104561226336671,True,4FGL J0922.7-3959,265.346160888672,7.19389343261719,fsrq,5.232456690151821e-10,PKS 0920-39
1FDL J0605.7+2953,181.371351272147,4.26659963500673,91.4301432779016,29.8976749620813,4.733588269202973e-10,0.118800827563902,0.19262638566374,False,,,,,,
1FDL J1513.5-1515,346.349355063593,35.3667524988782,228.37790946601,-15.2620998599105,4.724121296214774e-10,0.0596440473434143,0.0967082178637396,True,4FGL J1513.7-1519,346.355010986328,35.271125793457,,3.465793207979573e-10,
1FDL J1554.8-6914,317.994800384714,-11.9334970398948,238.715938089394,-69.2479368076474,4.72053649976628e-10,0.0722636411959682,0.117169908016811,True,4FGL J1556.4-6911,318.140563964844,-11.9818878173828,,2.1777785130794314e-10,
1FDL J1223.7-3029,295.895075725401,32.0094392361742,185.935978780446,-30.4836275934795,4.717451457753164e-10,0.07953209731731,0.128955153887885,True,4FGL J1223.6-3032,295.882598876953,31.9475288391113,bll,1.7531361085065808e-10,NVSS J122337-303246
1FDL J0854.2+4405,176.728741797392,40.0703080841391,133.570295197568,44.0911814205366,4.717078677200395e-10,0.0598836304031361,0.097096684277396,True,4FGL J0854.3+4408,176.652954101563,40.0875701904297,bll,2.7774105237909907e-10,B3 0850+443
1FDL J1057.0+7011,135.950424063583,43.9280425214253,164.251537213138,70.1940691267017,4.713262196239907e-10,0.0710226772342737,0.115157782516702,True,4FGL J1056.8+7012,135.960632324219,43.9129180908203,fsrq,7.454565853493023e-10,S5 1053+70
1FDL J0625.0+1456,196.667526330094,1.06604470683726,96.2551742039876,14.9336081930359,4.71194182623092e-10,0.131923277051877,0.213903418799862,False,,,,,,
1FDL J2116.9+1344,64.1609921220673,-23.8613828025171,319.24409409333,13.7406650202877,4.711580763812775e-10,0.0651115915912188,0.105573423031645,True,4FGL J2117.0+1344,64.1734619140625,-23.8689498901367,,4.729008851178661e-10,
1FDL J1018.3-3121,268.417353757308,21.0587689433673,154.596141053491,-31.3664701419842,4.699883793886261e-10,0.0739358422551862,0.119881272716608,True,4FGL J1018.3-3124,268.43701171875,21.0266876220703,fsrq,9.903455833182304e-10,PKS 1016-311
1FDL J2055.1+6116,98.1487899261798,10.3726978255631,313.780215725378,61.2725362632329,4.697678378991547e-10,0.117633922934276,0.190734342360592,False,,,,,,
1FDL J0156.1-4740,275.603424886695,-65.8672049075816,29.0473680035809,-47.6797159623144,4.697453394851754e-10,0.051414187680347,0.0833641387739748,True,4FGL J0156.8-4744,275.465454101563,-65.7539138793945,bll,2.9206301266349044e-10,2MASS J01564603-4744174
1FDL J1249.8+3706,124.802045833341,80.0127832647856,192.452852103482,37.1095624090593,4.69709344264003e-10,0.0711835765905396,0.115418669619647,True,4FGL J1249.8+3707,124.76579284668,79.9919586181641,bll,3.2943589522993477e-10,2MASS J12494675+3707474
1FDL J1844.6-3242,2.59807433885622,-12.9620069194073,281.171122216535,-32.7043185495515,4.688698640825532e-10,0.115062805399361,0.186565453913737,True,4FGL J1844.8-3248,2.51712346076965,-13.0335168838501,bcu,1.8741594387527982e-10,NVSS J184445-324641
1FDL J0829.5+1751,206.818905459416,29.4269379335674,127.375761392893,17.8531366657027,4.68589248771724e-10,0.0656358931001972,0.106423528992034,True,4FGL J0829.0+1755,206.703384399414,29.3633403778076,bll,2.9544872104381165e-10,TXS 0826+180
1FDL J0756.6-3002,246.741298921726,-0.698825149923534,119.152997632204,-30.0491037173825,4.685443659100178e-10,0.115672959440881,0.187554764225214,False,,,,,,
1FDL J2208.5+6445,106.652791742982,7.17430535534304,332.140117945434,64.7647176002477,1.8649558714560324e-09,0.115400092781944,0.187112342160589,True,4FGL J2208.4+6443e,106.61930847168,7.14806318283081,,3.749497157201631e-09,
1FDL J1837.2-2348,10.0604790351096,-7.68629077705364,279.312604890813,-23.815109650418,4.680733553363174e-10,0.173385269365885,0.281130822314686,True,4FGL J1836.8-2354,9.93613719940186,-7.64379835128784,,7.087570530472931e-10,
1FDL J1820.6-0127,28.0935583625192,6.17806698525773,275.155218221439,-1.46451049315417,4.676039380168091e-10,0.148448923666937,0.240698461383131,False,,,,,,
1FDL J1631.5+0848,24.3694360640931,35.0308273853954,247.883680250738,8.81466533564592,4.67345343653928e-10,0.0831564582857192,0.134831778606433,True,4FGL J1632.2+0854,24.5633888244629,34.9166374206543,bcu,3.4325406406132686e-10,NVSS J163211+085608
1FDL J0248.7+4232,144.89165518631,-15.271035748202,42.1774397057058,42.5452530939501,4.672133030212052e-10,0.0789373064165376,0.127990734549766,True,4FGL J0248.6+4230,144.897125244141,-15.3190822601318,PSR,3.846699625498218e-10,PSR J0248+4230
1FDL J1641.1+1151,28.9569065349537,34.2262597293447,250.298095775311,11.8565825580189,4.669381518147637e-10,0.0749363128094301,0.121503451982954,True,4FGL J1640.9+1143,28.7819538116455,34.2132263183594,bll,3.3171054791836236e-10,TXS 1638+118
1FDL J1310.1-1159,310.136084638404,50.6190325205877,197.52514789256,-11.9914788670105,4.668660353277275e-10,0.0677265263028803,0.109813330281019,True,4FGL J1310.2-1158,310.212951660156,50.6316032409668,bll,4.327888325494911e-10,TXS 1307-117
1FDL J0156.3+3915,136.40996960123,-21.9054624287954,29.0775687581939,39.262450969068,4.665704182962208e-10,0.0685290343733108,0.111114550654235,True,4FGL J0156.5+3914,136.457931518555,-21.9067192077637,bcu,4.4054679348981546e-10,MG4 J015630+3913
1FDL J1943.0-0533,33.8190468153453,-14.0024350877427,295.759249489,-5.56422173953249,4.657343175252205e-10,0.0799501382817093,0.129632987288576,False,,,,,,
1FDL J1259.4-2309,305.324712256387,39.6748326481975,194.862409842151,-23.1596897536655,4.657198189989335e-10,0.0630792700296842,0.10227817463254,True,4FGL J1259.1-2311,305.224456787109,39.6450538635254,bll,7.0751843272987e-10,PKS B1256-229
1FDL J0014.0-1858,74.4692775282177,-78.1555346098089,3.50940185288728,-18.9741687466138,4.656060769935978e-10,0.0578444121606536,0.093790246582675,True,4FGL J0013.9-1854,74.5878067016602,-78.0919189453125,bll,2.9763777553704074e-10,RBS 0030
1FDL J1117.6+2546,211.308187373005,68.9971187393826,169.416853248143,25.7679894716723,4.6508567166931266e-10,0.0703384229066078,0.114048341071671,True,4FGL J1117.6+2550,211.088455200195,69.0003814697266,bll,2.7839466842927147e-10,RX J1117.6+2548
1FDL J0233.7+0655,162.656004580395,-47.8988986244023,38.4301092203824,6.92704218783358,4.648752233237577e-10,0.0794254674854949,0.12878227270383,True,4FGL J0233.5+0654,162.618087768555,-47.9395141601563,bcu,5.031455807547046e-10,TXS 0230+067
1FDL J0647.2-4422,253.720897844313,-19.2949583932821,101.822930153766,-44.3805373173296,4.6475334047162583e-10,0.0629155055494841,0.102012636759158,True,4FGL J0647.7-4418,253.672180175781,-19.2009868621826,bcu,2.410272814667991e-10,SUMSS J064744-441946
1FDL J1626.7-1700,359.093372521462,21.6509239380331,246.691444476087,-17.0013185512557,4.647283000079679e-10,0.0961247943820456,0.155858934657551,False,,,,,,
1FDL J1024.7+2332,210.828281228763,56.7789777018848,156.190563121077,23.5380335290782,4.6439566813163915e-10,0.0752796271537847,0.122060102987307,True,4FGL J1024.8+2332,210.821731567383,56.7983322143555,bll,2.7715274519835015e-10,MG2 J102456+2332
1FDL J1046.9-2528,270.533447499072,29.4454618467036,161.736827169612,-25.4818580508922,4.6403660421720606e-10,0.0982084833744823,0.159237487229232,True,4FGL J1046.8-2534,270.559844970703,29.3501930236816,bll,2.0955792656707215e-10,NVSS J104651-253547
1FDL J0439.2+3807,164.450712864711,-5.75474155040558,69.8209420756636,38.1183751593916,4.6372112414146984e-10,0.172287421528587,0.279350750476126,False,,,,,,
1FDL J1527.5-6722,317.130944723369,-8.91011791625878,231.895124828173,-67.3704236192143,4.635457034423345e-10,0.112865028095853,0.183001941739979,True,4FGL J1528.4-6729,317.133819580078,-9.05881023406982,unk,2.1650271853079767e-10,1RXS J152815.0-673003
1FDL J1638.1+8050,113.924279829902,31.8705034783355,249.526738815411,80.8428468976877,4.6233068646372013e-10,0.0645802484829801,0.104711896463914,True,4FGL J1641.2+8049,113.840782165527,31.7683601379395,PSR,3.470693177298756e-10,PSR J1641+8049
1FDL J1727.0-0655,16.663071826143,15.2580951472084,261.754367275223,-6.92308403173549,4.619289700039467e-10,0.132614600371516,0.215024355271146,True,4FGL J1727.9-0654,16.7947959899902,15.0639486312866,bcu,3.307411289288353e-10,PKS 1725-06
1FDL J2250.5-4207,353.724605278256,-61.1907385562408,342.634634249851,-42.1175623549734,4.6188030082444456e-10,0.0720386565180177,0.116805118741466,True,4FGL J2250.4-4206,353.756256103516,-61.1740875244141,bll,4.0091721609236686e-10,PMN J2250-4206
1FDL J1331.5+1710,348.007438042824,76.3947579727214,202.899118166877,17.1784724960344,4.618216833938485e-10,0.0697393580158848,0.113076988700252,True,4FGL J1331.6+1711,348.040649414063,76.3948593139648,bll,3.145940730142627e-10,TXS 1329+174
1FDL J1720.0-0657,15.7029557488162,16.7334807554545,260.001623068022,-6.95887862836314,4.6171608019820286e-10,0.135614300806839,0.219888134268219,False,,,,,,
1FDL J1231.3-8026,302.057037801811,-17.5997129170319,187.833358840152,-80.4372911131557,4.6151876095924825e-10,0.107118472423047,0.173684344978003,False,,,,,,
1FDL J0500.2+5238,155.623872828327,6.34582516125329,75.0595017326161,52.637543381807,4.614159893924832e-10,0.0702329859582709,0.113877365486642,True,4FGL J0500.2+5237,155.632537841797,6.34990167617798,bcu,5.172848260848183e-10,GB6 J0500+5238
1FDL J1829.1+3232,60.6799741013279,18.5601907360963,277.275410473556,32.5444219971619,4.608726753175498e-10,0.0662808525066123,0.107469301227234,True,4FGL J1828.7+3230,60.6195678710938,18.6227493286133,bcu,5.588545737289508e-10,B2 1826+32D
1FDL J0914.4-4648,269.180438483098,1.33585642357965,138.603714549944,-46.8154963506592,4.6017073941209695e-10,0.113625466730298,0.184234941199219,False,,,,,,
1FDL J0615.6-0624,214.605919259202,-10.8691629189991,93.9013827273965,-6.40270640960161,4.5993002291537146e-10,0.0651628653439291,0.105656560632792,False,,,,,,
1FDL J1224.2+5004,133.913347387655,66.4677619819414,186.053357236362,50.076019548609,4.5965585876778503e-10,0.0677576955732164,0.109863875271496,True,4FGL J1223.9+5000,134.059524536133,66.5213165283203,fsrq,5.54656598428238e-10,SBS 1221+503
1FDL J0230.3+1714,154.149470634872,-39.5675319553057,37.5878444042951,17.2339552829743,4.595215890054423e-10,0.0641692649464812,0.10404551831661,True,4FGL J0230.3+1713,154.167282104492,-39.5731506347656,,2.5150176385935197e-10,
1FDL J2352.8+8144,120.727468988159,19.1193678629539,358.207428178046,81.7391328373005,4.594896781926618e-10,0.0990476688213322,0.160598150649228,True,4FGL J2354.9+8151,120.837387084961,19.2254753112793,fsrq,2.8053376288639237e-10,S5 2353+81
1FDL J1705.9+5437,82.4889552176362,36.9141535405353,256.493115462324,54.6288802412822,4.5904755650630913e-10,0.0647497721686712,0.104986772416613,True,4FGL J1705.4+5436,82.4616165161133,36.9900436401367,bll,1.9690230002034068e-10,NVSS J170520+543700
1FDL J1947.5-2839,11.7498776746683,-24.0887203667403,296.897435991878,-28.6649359162263,4.5874096096178854e-10,0.125450943828146,0.20340901721548,True,4FGL J1948.0-2845,11.6966333389282,-24.2186260223389,,1.5628513760912455e-10,
1FDL J1048.2-5511,285.903661290449,3.54495549438905,162.053281366354,-55.1999647593465,4.5859377998928103e-10,0.12161385753095,0.197187503359503,True,4FGL J1047.2-5517,285.817962646484,3.39605736732483,bcu,4.2774334074735515e-10,PMN J1047-5513
1FDL J1410.3+1436,2.63502753729528,67.7758483749407,212.583540318998,14.6130894745,4.5852130522625557e-10,0.0667212134127131,0.108183289735652,True,4FGL J1410.3+1438,2.70998501777649,67.7886810302734,bll,3.1358207697174123e-10,NVSS J141028+143841
1FDL J1743.5-4309,347.589716371039,-7.03081608067376,265.882043481477,-43.1662478923227,4.5782569146088e-10,0.127814693411675,0.20724166998685,True,4FGL J1743.7-4321,347.450622558594,-7.16615152359009,,1.0216004708851756e-09,
1FDL J2225.1-1118,50.480280047573,-52.2164539423121,336.295580312865,-11.3014554904336,4.5702824403168714e-10,0.0972444567088003,0.157674384207706,True,4FGL J2225.5-1114,50.6444664001465,-52.2716255187988,bll,2.229359474803516e-10,PKS 2223-114
1FDL J1610.1-3911,339.686295018432,9.09789329733494,242.537797100039,-39.1973986841973,4.568214416215371e-10,0.125578020064664,0.203615063670551,False,,,,,,
1FDL J2025.1+4716,84.2292957530627,5.44781838952083,306.289592664394,47.282017267969,4.562431110784727e-10,0.178441099135927,0.2893285082161,True,4FGL J2026.0+4718,84.3320236206055,5.34180736541748,,4.786967489067706e-10,
1FDL J1813.4+2824,55.3236516136515,20.2412001909611,273.374400788125,28.4147344450576,4.5620924297157014e-10,0.0774777088999244,0.125624130220392,True,4FGL J1813.5+2819,55.2413787841797,20.1953010559082,,4.1556821872568145e-10,
1FDL J1454.6-3743,328.300331984501,19.0109657800785,223.661498540096,-37.71754844988,4.561589917041444e-10,0.0803925333845986,0.130350293708396,True,4FGL J1454.4-3744,328.250335693359,19.0000267028809,fsrq,4.3437617391894884e-10,PKS 1451-375
1FDL J2104.6-0213,47.4125299041018,-30.3966774830745,316.163344460821,-2.22174418996456,4.560028111542544e-10,0.0612945617757806,0.0993844060835168,True,4FGL J2104.3-0212,47.3758430480957,-30.3171768188477,bll,1.8525622702547648e-10,NVSS J210421-021239
1FDL J1514.5-2043,342.538870314271,30.9291262191487,228.640167721957,-20.7206821738841,4.5572880535412904e-10,0.0777044508823494,0.125991772330355,True,4FGL J1514.6-2044,342.538513183594,30.8952407836914,bcu,2.81331208329405e-10,PMN J1514-2043
1FDL J0103.8+1322,127.577267206219,-49.3875022565114,15.9656988689368,13.3721446849561,4.553731710883524e-10,0.0674987094320418,0.10944395450399,True,4FGL J0103.8+1321,127.584289550781,-49.4057579040527,bll,2.451040759243739e-10,NVSS J010345+132346
1FDL J2000.3-2927,11.8799578312155,-26.980660683614,300.082251364563,-29.4573777931462,4.5480320866378697e-10,0.0651299291687474,0.105603167833192,True,4FGL J2000.3-2930,11.823073387146,-26.9959049224854,fsrq,6.131391505626026e-10,PMN J2000-2931
1FDL J1124.8-4549,287.538940337503,14.4454890213574,171.214637350469,-45.8226272051016,4.54659468597429e-10,0.0978665427447733,0.15868304272673,True,4FGL J1123.8-4552,287.382568359375,14.3387088775635,,3.5765868044990157e-10,
1FDL J0613.7+1608,194.324096383792,-0.752873442920914,93.441841693912,16.1390379236514,4.5453427753942396e-10,0.130057159902557,0.210877644218495,False,,,,,,
1FDL J1109.0+2410,214.499217814506,66.7742744917042,167.259659423317,24.1690795681311,4.540936616970001e-10,0.062703431632229,0.101668785603205,True,4FGL J1109.3+2411,214.484436035156,66.8527069091797,bll,3.4424083028561365e-10,1ES 1106+244
1FDL J1753.0-5012,342.206210873681,-11.9423460833064,268.271486872332,-50.2109031635644,4.539697135493868e-10,0.0988608216684951,0.16029518952443,True,4FGL J1753.6-5014,342.221649169922,-12.0335931777954,bcu,7.54568241223552e-10,PMN J1753-5015
1FDL J0434.1-2008,217.731521959127,-38.9081485924366,68.5428219866997,-20.141358951447,4.538457992343164e-10,0.071515273295712,0.115956492855202,True,4FGL J0434.1-2014,217.851333618164,-38.9538841247559,bll,3.3749089634049767e-10,TXS 0431-203
1FDL J1537.1-4325,332.121416544714,9.85933647047709,234.281602435067,-43.425972101709,4.5260743098795607e-10,0.10853859281789,0.175986967317777,True,4FGL J1536.8-4327,332.0634765625,9.85891723632812,,3.619697042100967e-10,
1FDL J1911.3+2850,60.9290659525107,8.74961317672048,287.848225805762,28.8347898652885,4.521297037565439e-10,0.106772460509489,0.173123298919934,True,4FGL J1910.8+2856,60.9756393432617,8.90166282653809,unk,2.8668045715107837e-10,NVSS J191052+285621
1FDL J0004.0-4740,324.082255191256,-67.4617320054181,1.00726690703366,-47.672715078048,4.51850450902214e-10,0.0747144753534453,0.121143755146893,True,4FGL J0004.4-4737,323.985992431641,-67.5378265380859,fsrq,4.3596179444271854e-10,PKS 0002-478
1FDL J0742.0-5142,264.446090636711,-13.7213025281417,115.504652120934,-51.7138601031256,4.5154974358785934e-10,0.10940215179845,0.177387150639759,True,4FGL J0741.2-5140,264.353759765625,-13.8117179870605,bcu,1.7462919998934012e-10,PMN J0740-5137
1FDL J0519.8+1236,190.703632694868,-13.8044781885844,79.9516343034776,12.6006219147994,4.5118008320737187e-10,0.106196064524224,0.172188705708508,False,,,,,,
1FDL J0734.1+5021,167.730044263397,27.1550264731787,113.544407840331,50.3566241485469,4.508290781936451e-10,0.0693911739811303,0.112512434566528,True,4FGL J0734.0+5021,167.726776123047,27.1426467895508,fsrq,4.0464198658440864e-10,TXS 0730+504
1FDL J1700.7-0747,12.3031855484103,20.3363673110489,255.199922614335,-7.78984933041871,4.5013866645869647e-10,0.133532754295771,0.216513057102611,False,,,,,,
1FDL J0833.3-0457,229.778868740782,19.9883700089513,128.328801426465,-4.9638277665805,4.496689290615494e-10,0.0673093403769868,0.109136908154953,True,4FGL J0833.4-0458,229.804077148438,20.0162906646729,fsrq,3.7581182610324494e-10,PMN J0833-0454
1FDL J0639.8-0206,213.494208179264,-3.54519690674786,99.9589904067841,-2.11546112570007,4.493858153497591e-10,0.108030912102309,0.175163784936736,False,,,,,,
1FDL J0310.8-5019,263.636756239246,-54.8056463936614,47.7244768913745,-50.3176727180132,4.4894266470894785e-10,0.0627521853245908,0.10174783833607,True,4FGL J0310.6-5017,263.631042480469,-54.8581161499023,bll,3.5280961485639745e-10,1RXS J031036.0-501615
1FDL J2159.4-4619,351.668359214694,-51.1927459928449,329.853122010481,-46.3179721262758,4.489383644182046e-10,0.0672714985645879,0.109075560394607,True,4FGL J2159.6-4620,351.627593994141,-51.228443145752,,2.141253008236532e-10,
1FDL J0154.7+8557,124.127921547985,23.2412290600983,28.676845479954,85.9652038044258,4.489372893519558e-10,0.0662720884046172,0.107455080732433,True,4FGL J0151.3+8601,124.051086425781,23.2785205841064,bll,3.9758638048503764e-10,WN B0140.0+8546
1FDL J0911.0+3858,183.683598638617,43.0642340068746,137.774108981939,38.9797930485257,4.4870191185085864e-10,0.0732394977020656,0.118752200257901,True,4FGL J0910.8+3859,183.652877807617,43.0146980285645,bll,3.5037406309612606e-10,FBQS J091052.0+390202
1FDL J2035.3-0451,40.794196586145,-25.2751147763895,308.833768734078,-4.85304924166121,4.478259748825045e-10,0.059569681033414,0.096587641005386,True,4FGL J2034.9-0450,40.7575836181641,-25.1951713562012,bcu,2.7005025993176446e-10,NVSS J203508-045029
1FDL J2017.2+3625,74.4280100634464,0.511758501704713,304.301966721453,36.4219786420921,7.090241697616637e-09,0.0851084867038676,0.137996857791444,True,4FGL J2017.9+3625,74.5180130004883,0.389113306999207,PSR,1.0303194741823065e-08,PSR J2017+3625
1FDL J1510.3+8000,115.986684680709,35.1717398350935,227.576251413149,80.0053179906543,4.4724618012590276e-10,0.0792206773274818,0.128450215221148,True,4FGL J1510.8+7959,115.954414367676,35.1691055297852,bcu,1.8497232912029202e-10,1RXS J151026.3+795946
1FDL J2008.2+5541,89.9301449060147,12.2248714702905,302.051350130622,55.6921169126259,4.469474666610625e-10,0.120661254260143,0.1956429005717,False,,,,,,
1FDL J0455.5+5845,150.333107693707,9.56694619161738,73.8861595346572,58.7522182887064,4.468329592365004e-10,0.15171448826182,0.245993338163071,False,,,,,,
1FDL J1843.7-2008,14.0521772726563,-7.40656611921996,280.93123439014,-20.1428971879615,4.4662649198290895e-10,0.0917721467939705,0.14880145802132,True,4FGL J1843.8-2011,14.0157413482666,-7.45362520217896,bcu,5.386220358616356e-10,NVSS J184339-200606
1FDL J0057.8+3027,124.561497076822,-32.3896841159782,14.4558765574522,30.4618582040208,4.460012542069334e-10,0.0731443778549978,0.118597972902599,True,4FGL J0057.7+3023,124.55753326416,-32.4546699523926,rdg,2.7457217055548705e-10,NGC 315
1FDL J0525.0+4821,161.43354324677,7.07999259489043,81.2729557411234,48.3646033086581,4.459713502554517e-10,0.0730736842069577,0.118483333809692,True,4FGL J0524.7+4824,161.362701416016,7.05299425125122,spp,1.4888341948182668e-10,SNR G159.6+07.3
1FDL J0359.5-0239,192.72325144192,-38.8405840267782,59.8917491271549,-2.66587241520433,4.4546328974030484e-10,0.0627608408201552,0.101761858442597,True,4FGL J0359.4-0236,192.627319335938,-38.8378219604492,bcu,1.4247263091515802e-10,NVSS J035923-023501
1FDL J0318.6+2851,157.93654645365,-23.8328904700053,49.6653149689737,28.854164463733,4.4519828226327355e-10,0.106826255525184,0.173210530806684,True,4FGL J0318.8+2848,158.011047363281,-23.8411560058594,,3.5093289385557114e-10,
1FDL J2040.0-4622,353.730254364784,-37.6180474513236,310.022409727243,-46.3773902231086,4.4472145303514553e-10,0.0682621973410279,0.11068188418502,True,4FGL J2040.1-4621,353.746063232422,-37.6306915283203,bcu,1.9569564024823902e-10,2MASS J20400660-4620180
1FDL J1043.8-6417,289.629369986234,-4.76168355289177,160.956279253494,-64.2859994784113,4.438362806308321e-10,0.142133380981377,0.230458311614804,True,4FGL J1045.7-6414,289.792633056641,-4.62720918655396,unk,5.06702346747545e-10,1RXS J104537.2-641438
1FDL J0026.3-4557,316.094667894292,-70.5314022419772,6.59259420040772,-45.9508586726208,4.4343576713669875e-10,0.0795708543053175,0.129017996016774,True,4FGL J0026.6-4600,315.919860839844,-70.4814147949219,bll,2.00804525785081e-10,1RXS J002636.3-460101
1FDL J2150.2-1409,40.6515324228368,-45.9321838637712,327.561385125985,-14.1514289233376,4.433104817560702e-10,0.0702366194380649,0.113883252592995,True,4FGL J2150.1-1410,40.6033592224121,-45.923511505127,bll,3.6149533366725e-10,TXS 2147-144
1FDL J0526.2-6621,276.409932126046,-33.1869746956969,81.5587741796199,-66.3526450661239,4.4327651216127587e-10,0.11314591487548,0.183457356225773,False,,,,,,
1FDL J1933.8+6001,91.7947902654853,18.2500325790314,293.464419113615,60.0256838484269,4.431523329860089e-10,0.093698121261035,0.15192427679291,True,4FGL J1934.2+6002,91.8302459716797,18.2102794647217,bcu,2.7053095874585154e-10,GALEXASC J193419.64+600139.5
1FDL J0132.7-0803,151.995812056645,-68.5617547641841,23.1897568696761,-8.05404126441751,4.4260190618286606e-10,0.0630648131220331,0.102254722497126,True,4FGL J0132.7-0804,152.003433227539,-68.5823669433594,bcu,2.0812367107492238e-10,PKS 0130-083
1FDL J1546.9-1410,354.330200227361,30.6762454951153,236.747967067811,-14.1775657934648,4.4242599879528615e-10,0.0861695234572864,0.139717232807885,False,,,,,,
1FDL J0937.5+5005,167.438041942506,46.7455019318509,144.385158128889,50.0883733301601,4.4212838718061544e-10,0.0822976995832823,0.133439374386908,True,4FGL J0937.1+5008,167.378829956055,46.6775588989258,fsrq,3.025988626337295e-10,GB6 J0937+5008
1FDL J2044.2-4800,351.659386293203,-38.3305179498501,311.051219492188,-48.0156000785812,4.4174316654331264e-10,0.0801619592479182,0.129976431650309,True,4FGL J2043.9-4802,351.629089355469,-38.2836647033691,,7.264908674642355e-10,
1FDL J0818.2+3241,189.512535363747,31.5461747906811,124.557991534618,32.6851562795442,4.417230680922387e-10,0.0862962303217724,0.139922683076014,True,4FGL J0817.8+3243,189.447372436523,31.4823246002197,bll,2.3181075115008554e-10,RX J0817.9+3243
1FDL J1051.1-6516,290.778281885523,-5.28419071012449,162.777233850065,-65.2765443952387,4.414322718369128e-10,0.0794164140672048,0.128767584609747,True,4FGL J1051.2-6517,290.803344726563,-5.29758262634277,bcu,7.068893803641173e-10,PKS 1049-650
1FDL J0916.5-5407,274.681008136899,-3.49490550532782,139.129249289445,-54.1266371505664,4.4108568153779314e-10,0.157819947848566,0.255892873910664,False,,,,,,
1FDL J0749.5+4445,174.50598349937,28.666876988784,117.399673434412,44.7546283328386,4.406834289388566e-10,0.0755573475936591,0.122510408010121,True,4FGL J0749.3+4453,174.344604492188,28.6570053100586,bcu,4.937685260664182e-10,SDSS J074916.88+445232.1
1FDL J0611.0+2757,183.63501975266,4.3511564534901,92.7551869726012,27.9591846534524,4.4067709718711725e-10,0.0947004177748238,0.153549427998163,True,4FGL J0611.6+2803,183.620697021484,4.52813863754273,bll,4.714117984860876e-10,GB6 J0611+2803
1FDL J0607.7+6718,146.835707504371,20.8301730812687,91.9278439329363,67.311771467112,4.4011077368677745e-10,0.110662909145917,0.179431372587108,True,4FGL J0608.0+6721,146.8076171875,20.8721942901611,fsrq,3.4436062334997075e-10,S4 0602+67
1FDL J0251.6-5957,279.294934953422,-51.2990579628991,42.9070176328872,-59.9562441131166,4.39860010239835e-10,0.0732788420366923,0.118815994566308,True,4FGL J0251.5-5958,279.320343017578,-51.2900276184082,fsrq,2.0031092062833267e-10,PKS 0250-602
1FDL J0935.4-1735,250.529868078027,24.7517810562351,143.85045986033,-17.5895869565994,4.3978944294469146e-10,0.0895549401361741,0.145206434000672,True,4FGL J0935.3-1736,250.528106689453,24.7232570648193,bll,3.1502836450592037e-10,NVSS J093514-173658
1FDL J0816.5-2419,244.28872153714,6.12278366491795,124.148412950458,-24.3206373642859,4.3967676939753335e-10,0.0696929012305916,0.113001664303411,True,4FGL J0816.7-2420,244.329055786133,6.14342021942139,bcu,5.710508732548192e-10,PMN J0816-2421
1FDL J1051.5+8105,128.532924464854,34.7385974964721,162.882976889037,81.0943690081744,4.3931998489808853e-10,0.117110248682314,0.189885229531737,True,4FGL J1044.6+8053,128.740615844727,34.7557334899902,fsrq,4.466460257201987e-10,S5 1039+81
1FDL J1700.6+6612,96.8214255711776,35.7440508950527,255.154319492736,66.2053831989935,4.392084833917839e-10,0.0718867052552154,0.116558745949348,True,4FGL J1701.0+6613,96.8329162597656,35.6978187561035,bcu,2.5908550305153705e-10,7C 1700+6616
1FDL J0143.0-3620,256.186394368304,-75.6891533380985,25.7738317216364,-36.3402842716575,4.385138150089558e-10,0.0801300762253732,0.129924723981566,True,4FGL J0143.1-3622,256.251800537109,-75.6654205322266,bcu,3.1891003726691736e-10,PMN J0143-3623
1FDL J1457.2-5420,320.695002991234,4.13725551441147,224.319832433338,-54.3362804733835,4.37747908741462e-10,0.144134090208011,0.233702302830182,True,4FGL J1456.3-5419,320.583526611328,4.21244287490845,,6.057966905892441e-10,
1FDL J0447.3+2450,175.882288408513,-12.9859817919785,71.8373978014104,24.8373992926304,4.3761584666098605e-10,0.128574723113903,0.208473990568287,True,4FGL J0447.2+2446,175.915466308594,-13.0534496307373,,6.507385186260706e-10,
1FDL J2315.6-5021,334.620922379939,-60.473286703767,348.922027234183,-50.3524305286795,4.3745868184463874e-10,0.0755997992669307,0.122579250216694,True,4FGL J2315.6-5018,334.687103271484,-60.4965476989746,bll,3.1751337670193886e-10,PKS 2312-505
1FDL J2300.4+7116,114.193397782681,10.3106740716645,345.110979108135,71.2743373070595,4.373319433571688e-10,0.0850327768661808,0.137874091827607,True,4FGL J2300.9+7108,114.177368164063,10.1724729537964,bcu,1.2920978176289566e-10,87GB 225907.3+705409
1FDL J1504.9-3433,331.899424754196,20.6911576002425,226.238717613117,-34.5627857896371,4.3730890394104105e-10,0.0784567717717569,0.12721160706229,True,4FGL J1505.0-3433,331.918548583984,20.6897773742676,bll,3.77311709653938e-10,PMN J1505-3432
1FDL J0441.9+4237,161.38971804138,-2.39303700505246,70.4880530688886,42.630898344326,4.371926781239447e-10,0.123239285263119,0.199823001013361,False,,,,,,
1FDL J1533.0+1853,29.1680236880793,52.0701072824594,233.271977509718,18.889901238268,4.3715394304974596e-10,0.0648017754041741,0.105071076174953,True,4FGL J1533.2+1855,29.2344436645508,52.0464820861816,bll,2.9605809470645283e-10,RX J1533.1+1854
1FDL J1208.1-5255,296.342225638881,9.39671592582108,182.03611295809,-52.9202135011712,4.363115201185122e-10,0.091846593479307,0.14892216818208,True,4FGL J1208.5-5243e,296.366363525391,9.59377479553223,SNR,1.0399040517583558e-09,SNR G296.5+10.0
1FDL J0502.7+1341,187.407176886931,-16.6715746875384,75.6975809205374,13.6836752007671,4.361020819511068e-10,0.0750246356347639,0.121646645558645,True,4FGL J0502.5+1340,187.384002685547,-16.7311000823975,bll,3.78676923151744e-10,PKS 0459+135
1FDL J1838.3-2902,5.40266680064107,-10.1909580323113,279.582909247984,-29.0479282489369,4.355666702965816e-10,0.0959336176569064,0.155548965993125,True,4FGL J1837.6-2904,5.32105827331543,-10.0678186416626,NOV,5.766806476792397e-10,V5668 Sgr
1FDL J0535.8+1739,188.438143586076,-7.82840584347931,83.9681384385637,17.6641727697427,4.352246853712012e-10,0.156759159000177,0.254172872168913,True,4FGL J0536.2+1733,188.585754394531,-7.80263996124268,bll,5.74585212742562e-10,TXS 0533+175
1FDL J2353.1+3134,108.66241943247,-29.6735449625394,358.299946003778,31.5793671037951,4.352069678635335e-10,0.0670780339429835,0.108761852744794,True,4FGL J2353.2+3135,108.68677520752,-29.6653861999512,,2.0976238801484468e-10,
1FDL J0751.5-0421,223.831339631754,11.2628961821919,117.878106140732,-4.35777124101157,4.351527776113708e-10,0.0734782524361125,0.11913931718792,True,4FGL J0751.4-0421,223.8271484375,11.2493305206299,bcu,2.6160151822551825e-10,PMN J0751-0421
1FDL J0237.3-3601,241.151231299927,-65.8542127701533,39.3281505543914,-36.0317049032133,4.35043896451254e-10,0.065703063283091,0.106532460976138,True,4FGL J0237.6-3602,241.129806518555,-65.7761688232422,bll,2.6221114168833987e-10,RBS 0334
1FDL J2041.1+6804,102.79782701093,15.6540215103999,310.298640253681,68.0704901235623,4.3484756248223056e-10,0.0967670016166177,0.156900213255454,False,,,,,,
1FDL J2258.3-3638,4.14886155590161,-64.3044317113032,344.593652137513,-36.6335944740082,4.3477259358458387e-10,0.0589750891198514,0.0956235565901885,True,4FGL J2258.3-3643,3.94594025611877,-64.2682037353516,bll,2.54173543323688e-10,MRSS 406-025483
1FDL J1805.6+3401,60.4381870445839,23.6670583437602,271.420337082901,34.0217626127408,4.3476010002495075e-10,0.0832076712306248,0.134914826053783,True,4FGL J1805.7+3401,60.4494857788086,23.6650104522705,,3.8381395284226016e-10,
1FDL J1547.1-4802,330.69074112541,5.12780378435939,236.79585091865,-48.0439545205008,4.34658082725088e-10,0.122350380535341,0.19838172591754,True,4FGL J1547.4-4802,330.722198486328,5.10895824432373,,8.035062615263654e-10,
1FDL J1719.6+1209,33.7916412530378,25.8052423910827,259.904708711677,12.1527051372277,4.3361118869371854e-10,0.0715624023701782,0.116032908282791,True,4FGL J1719.3+1205,33.7032356262207,25.8468170166016,bcu,3.2412741934884077e-10,87GB 171701.0+121016
1FDL J0010.5-3028,10.0352299910214,-80.4438813365998,2.63852143538536,-30.4736190187213,4.3350217420852906e-10,0.0654124461224152,0.106061247051297,True,4FGL J0010.6-3025,10.263708114624,-80.4823150634766,fsrq,3.492376665636953e-10,PKS 0008-307
1FDL J1118.9-8142,299.486867178438,-19.4561447841997,169.742242017721,-81.7023993943315,4.3339422497366897e-10,0.0748926309954833,0.121432610170649,False,,,,,,
1FDL J2152.8+4713,94.2818743342972,-5.46301879379783,328.204706578671,47.228121366213,4.332676264794304e-10,0.0820765884281958,0.133080850057985,True,4FGL J2152.0+4718c,94.2287292480469,-5.31905651092529,,4.915786666614963e-10,
1FDL J1811.0+1608,43.1694121886305,16.0516702169436,272.774368146828,16.1462968210294,4.330840206365529e-10,0.072251400281051,0.11715006507484,True,4FGL J1811.0+1608,43.1608276367188,16.0736331939697,bll,3.288457839367709e-10,87GB 180835.5+160714
1FDL J2159.3-2839,20.2906337742996,-52.1499729390634,329.835849039458,-28.6569593655547,4.330653532150779e-10,0.100999139279249,0.163762306730181,True,4FGL J2159.1-2840,20.2389450073242,-52.1098403930664,bll,3.977040363700723e-10,LEDA 3218689
1FDL J1828.9+2723,55.6389192214085,16.6973699026431,277.229003376041,27.392144459871,4.330352796173649e-10,0.083072803788007,0.134696135769028,True,4FGL J1829.1+2729,55.7572555541992,16.6972026824951,bcu,4.259849417653783e-10,87GB 182712.0+272717
1FDL J2039.0+3218,73.7060292317184,-5.54433339738174,309.758819601671,32.3071297864369,4.3284140690863916e-10,0.133447502103344,0.216374808894485,False,,,,,,
1FDL J0217.0-0820,174.090628180844,-62.3698954463466,34.2721395913465,-8.34456169888296,4.3248809774715384e-10,0.0708220414577287,0.114832467280449,True,4FGL J0217.0-0821,174.080703735352,-62.3940849304199,fsrq,3.591840436190097e-10,PKS 0214-085
1FDL J1837.6+5345,82.8715610227585,23.5462900646903,279.406105019644,53.7662828507609,4.3212576361648184e-10,0.0673239360248058,0.10916056203918,True,4FGL J1837.0+5347,82.8781661987305,23.6396331787109,bcu,2.743363036739055e-10,NVSS J183710+534704
1FDL J1846.3+0735,39.1341358316224,4.57975600741709,281.590211780675,7.59986719526385,4.311975057285776e-10,0.154604519208185,0.250679290006015,False,,,,,,
1FDL J0814.2+2938,192.682010264469,29.9307133202854,123.562927827325,29.6347876612906,4.3104780708251815e-10,0.0676275245516974,0.109652805845954,True,4FGL J0814.4+2941,192.638748168945,29.984468460083,bll,1.7478102298795759e-10,RX J0814.4+2941
1FDL J1637.8+5722,86.7014569827809,40.3991374825995,249.467386866849,57.3781048637564,4.3031039752384467e-10,0.0622945788109398,0.101005855359152,True,4FGL J1638.1+5721,86.666389465332,40.3732223510742,fsrq,3.312059793092459e-10,OS 562
1FDL J0556.0+3945,171.753011163143,7.34903149586461,89.0185061553863,39.7539567373381,4.3028257602058416e-10,0.111996628174596,0.181593905567525,True,4FGL J0555.6+3947,171.678741455078,7.28732109069824,fsrq,8.702460418952285e-10,B2 0552+39A
1FDL J1158.3+4831,145.099292990767,66.2586476225972,179.599957199925,48.5234596502346,4.300291740537795e-10,0.0737816438453599,0.119631247985772,True,4FGL J1158.5+4824,145.182907104492,66.3634490966797,fsrq,3.0314398213882043e-10,GB1 1155+486
1FDL J0355.2+3717,158.78008955677,-12.4779179589453,58.8084859621666,37.2891630842073,4.29661697582536e-10,0.0873288659651911,0.141597020238373,False,,,,,,
1FDL J0928.6-3527,262.949311268487,11.2319686465165,142.170475662871,-35.4551262663436,4.2920767566754493e-10,0.0870473595260846,0.141140572277871,True,4FGL J0928.7-3529,262.990173339844,11.2191514968872,bll,3.3862551651608896e-10,NVSS J092849-352947
1FDL J2200.4-2413,27.4146459678501,-51.5565147778288,330.123087036376,-24.2260804235947,4.290879514920763e-10,0.069953468978574,0.113424148042752,True,4FGL J2200.7-2414,27.4099197387695,-51.6120567321777,bcu,2.4579724366979855e-10,NVSS J220036-241428
1FDL J1818.0-3328,359.446615609808,-8.26909513697425,274.521784342154,-33.4701710255515,4.2839390179123543e-10,0.0920794800490651,0.149299771173735,True,4FGL J1817.9-3334,359.338317871094,-8.28481006622315,,8.84159134795226e-10,
1FDL J0837.1+1457,210.704567844842,30.0216849252109,129.283993348812,14.9567615574795,1.3523894058669108e-10,0.0824440503104831,0.133676671412675,True,4FGL J0837.3+1458,210.720001220703,30.0811882019043,bll,1.3414751254270382e-10,RGB J0837+149
1FDL J1858.0-2826,7.80389828583282,-13.872686784324,284.515156922372,-28.4395903479765,4.2677506779083913e-10,0.108243844872038,0.175509061717061,False,,,,,,
1FDL J1137.9-1713,278.950859227291,42.1938209904234,174.482658054735,-17.2293494622218,4.2666368505342856e-10,0.060820465918861,0.0986156932516575,True,4FGL J1137.9-1708,278.912658691406,42.2685279846191,bll,2.346700889166442e-10,NVSS J113755-171031
1FDL J0510.0-0357,204.519737134679,-24.2887444815289,77.5249371566126,-3.95009280774834,4.265584601892589e-10,0.0612220085404206,0.0992667574171729,True,4FGL J0509.6-0402,204.550384521484,-24.4203128814697,bll,2.626097672653316e-10,1H 0506-039
1FDL J0829.6+5231,166.042439968921,35.9395594713737,127.418388983077,52.5299715080293,4.2648287776312626e-10,0.0691641810181175,0.112144386086415,True,4FGL J0830.0+5231,166.040100097656,35.9959297180176,bcu,1.4959329608377203e-10,RX J0830.1+5230
1FDL J0432.9+2714,171.864419096435,-13.9296522568812,68.2496683786427,27.2395908361895,4.262664184611695e-10,0.0958321973512226,0.155384504446858,False,,,,,,
1FDL J0643.0-5354,263.24892851818,-22.8070914741191,100.767380059998,-53.913357068436,4.256075074133984e-10,0.0964410642975909,0.156371751005275,True,4FGL J0643.2-5356,263.281097412109,-22.7858753204346,bcu,2.388030884148406e-10,PMN J0643-5358
1FDL J1244.1-4953,301.729469662522,12.9649212240108,191.040469646537,-49.8898378741205,4.2558814310329e-10,0.0875106835340379,0.141891816448392,True,4FGL J1244.2-4956,301.741180419922,12.9113674163818,bcu,4.1956366159112685e-10,SUMSS J124422-495422
1FDL J0759.6+1326,208.213922996274,21.0895485913886,119.913676188988,13.4369326783241,4.2505953227665923e-10,0.0788527144663418,0.127853596007629,True,4FGL J0759.6+1321,208.280776977539,21.0472927093506,bll,2.5072580123186583e-10,SDSS J075936.13+132117.8
1FDL J1105.0-6302,291.210160171065,-2.60779093147013,166.273015396887,-63.0335572083201,4.246495224259624e-10,0.156362166174548,0.253529190896025,False,,,,,,
1FDL J1559.1+6736,101.380210107655,40.7732768076674,239.789664668635,67.6163895905332,4.2444009200157755e-10,0.0725953646024398,0.117707780479864,True,4FGL J1559.1+6736,101.380325317383,40.7755584716797,bcu,1.7486892489593228e-10,NVSS J155856+673646
1FDL J0208.9+3523,140.282246688204,-24.8556839713077,32.2447358449044,35.3899613498331,4.2402661799310874e-10,0.0907122599912912,0.147082925782144,True,4FGL J0208.6+3523,140.216659545898,-24.868480682373,bll,2.313368524520243e-10,MS 0205.7+3509
1FDL J2046.2-1626,30.078635235387,-32.6080697867323,311.55259994241,-16.4419776089993,4.2396569766990403e-10,0.0769065425811726,0.124698029613621,True,4FGL J2046.1-1626,30.0758514404297,-32.6052894592285,,5.014328952057666e-10,
1FDL J2119.8-1101,40.1960192922259,-37.8936257146425,319.963512372387,-11.026242933972,4.236703582443879e-10,0.0654954809425519,0.106195870594111,True,4FGL J2119.6-1105,40.1007881164551,-37.8871002197266,fsrq,3.8803987800761774e-10,PKS 2116-11
1FDL J1125.2+2141,223.744552182178,69.6809930290171,171.323886455388,21.6930112991743,4.235273296394342e-10,0.0749112105470374,0.121462755667761,True,4FGL J1124.9+2143,223.56852722168,69.6226196289063,bll,1.6072572439629338e-10,SDSS J112503.64+214300.1
1FDL J1132.1+2751,205.985262485951,72.417149307224,173.033936133195,27.8525084907874,4.2333061742750603e-10,0.0796246538117378,0.129105229300586,False,,,,,,
1FDL J0055.5-1211,126.848367940085,-75.0288640693657,13.8938050049498,-12.188586796863,4.2321303934356516e-10,0.0805536525725168,0.130611522866206,True,4FGL J0055.1-1219,126.448806762695,-75.1669845581055,bcu,4.166287315143791e-10,TXS 0052-125
1FDL J1656.3-0410,14.957449058138,23.196976218049,254.097238457577,-4.1766654591986,4.2320391827128236e-10,0.0879854542435801,0.142661640603167,True,4FGL J1656.4-0410,14.9761228561401,23.1816349029541,,5.034022088068467e-10,
1FDL J0649.1+2228,192.483792169221,9.56059061718959,102.284601902651,22.4788031534119,4.231542625484471e-10,0.0756195798842253,0.122611302269132,True,4FGL J0649.3+2230,192.481170654297,9.6181173324585,bcu,1.420960432652052e-10,GB6 J0649+2228
1FDL J0751.7-7944,292.082939853805,-24.0465081765653,117.940685397726,-79.7456897981311,4.222938143122337e-10,0.154863190132171,0.251098743166112,False,,,,,,
1FDL J0430.3-2508,223.640517192155,-41.2315653576922,67.5767624964942,-25.1449154201289,4.220289467304795e-10,0.0717947111158954,0.116409580341632,True,4FGL J0430.3-2507,223.61865234375,-41.2287254333496,bll,3.7319319856621286e-10,PMN J0430-2507
1FDL J1525.7-3343,336.199015388407,18.9970222828947,231.438892184329,-33.7230133318348,4.2170364999086594e-10,0.144471443312379,0.234249306154153,False,,,,,,
1FDL J2005.6+2308,61.9292925912649,-4.65311476809634,301.408542844576,23.1429354621901,4.216329664937292e-10,0.172190130475483,0.279193013962578,False,,,,,,
1FDL J0851.4-5225,270.918766005607,-5.16717891665862,132.867419482012,-52.433330119253,4.2157844731963556e-10,0.120644440941997,0.195615664187886,True,4FGL J0851.9-5229,271.017456054688,-5.14882326126099,bcu,4.5628351097448667e-10,PMN J0851-5228
1FDL J1457.4-4243,326.286254662485,14.3663979415071,224.371840007204,-42.7173226354579,4.2099734792119894e-10,0.0658977269841446,0.106848086579692,False,,,,,,
1FDL J1603.9-0449,5.92230372435193,33.6137172251617,240.984128888275,-4.82815137592871,4.2072523337399486e-10,0.0861633676159553,0.139707254931967,True,4FGL J1603.6-0451,5.84326219558716,33.6470527648926,,2.953905453573213e-10,
1FDL J1539.7-1130,355.132266858182,33.8056003011388,234.929878810006,-11.5108443683225,4.2035866102254916e-10,0.0812183207005003,0.13168925095868,True,4FGL J1539.7-1127,355.171203613281,33.8400993347168,bll,3.7555178411530216e-10,PMN J1539-1128
1FDL J0204.5+3211,140.465117234462,-28.1721104728362,31.1495639124927,32.1965931849187,4.20184550437744e-10,0.0767899073611916,0.124508899124258,True,4FGL J0205.2+3212,140.607772827148,-28.1231498718262,fsrq,7.07597425098072e-10,B2 0202+31
1FDL J0412.0+0231,189.571949557992,-33.3466974933582,63.0014266430328,2.52933275640716,4.198083959524774e-10,0.077995006434864,0.126462882583854,True,4FGL J0412.3+0239,189.520126342773,-33.1968803405762,bcu,3.3508323893371994e-10,PKS 0409+025
1FDL J1120.3-1004,269.155449464237,46.7302672952466,170.088675188611,-10.0812914919509,4.196666711231336e-10,0.0739080632686162,0.119836225479867,True,4FGL J1119.9-1007,269.062957763672,46.6383476257324,,1.8057583206498864e-10,
1FDL J2343.7+0547,93.9910687979991,-53.2354167562928,355.934652562472,5.78940216113995,4.192488113765124e-10,0.0664901415482443,0.107808635490849,True,4FGL J2343.9+0546,94.0672836303711,-53.26904296875,bcu,4.2544848199987934e-10,1RXS J234354.4+054713
1FDL J1036.6-4352,278.741684116409,12.5701220272923,159.158264228366,-43.8792618424865,4.1901093792189786e-10,0.081996446650047,0.132950913070388,True,4FGL J1036.6-4349,278.708160400391,12.6151113510132,,5.236311384493321e-10,
1FDL J1453.8+1626,18.6047451867576,59.748331885002,223.451741550823,16.4353925662566,4.1900541925453977e-10,0.0694579469373356,0.112620702903957,True,4FGL J1454.1+1622,18.5737457275391,59.6419258117676,fsrq,4.3699255325435615e-10,CLASS J1454+1623
1FDL J0324.8+3415,155.707452893073,-18.6693250737522,51.2149712675838,34.2609447389737,4.1871804733903413e-10,0.0759706024766935,0.123180471016521,True,4FGL J0324.8+3412,155.73112487793,-18.7135963439941,nlsy1,8.22463541716445e-10,1H 0323+342
1FDL J2115.9-0115,50.0818478383895,-32.3070055177782,318.976994740209,-1.25460892339837,4.185195599393042e-10,0.0744488514001284,0.120713059786055,True,4FGL J2115.9-0113,50.1177597045898,-32.3104515075684,bll,3.3842784130655446e-10,NVSS J211603-010828
1FDL J1545.3-4540,331.906212605123,7.18242405334471,236.326051489002,-45.6820550347495,4.1808882543487117e-10,0.133238876631395,0.216036575196979,True,4FGL J1545.2-4553,331.766448974609,7.02667140960693,,5.071252862087761e-10,
1FDL J0445.0-6010,269.960330517248,-38.8683594401416,71.2619897485868,-60.1667308911301,4.1788763416601547e-10,0.0877215163167867,0.142233672476338,True,4FGL J0445.1-6012,270.013702392578,-38.8464546203613,fsrq,2.4232560402737136e-10,PMN J0444-6014
1FDL J0753.0-2817,244.837544409689,-0.467354449335504,118.253588581724,-28.2995715439859,4.176555337609081e-10,0.0840001527810859,0.136199779357311,False,,,,,,
1FDL J1018.5+3539,188.55246131123,56.4991711102069,154.633056865984,35.66203132143,4.176375313606611e-10,0.0873992096042372,0.141711070745624,True,4FGL J1018.4+3540,188.522186279297,56.4769859313965,fsrq,3.7849856582283787e-10,B2 1015+35B
1FDL J1117.7-4634,286.626063689105,13.3163269748,169.442898303661,-46.5685932603133,4.1739707372378783e-10,0.110792316856717,0.179641194767819,True,4FGL J1118.2-4634,286.705841064453,13.334831237793,fsrq,3.5637590101167405e-10,PKS 1116-46
1FDL J0604.5-4822,255.799506687693,-27.4560817163078,91.1264235311946,-48.374927693471,4.1736558952818484e-10,0.0688952930452923,0.111708413191378,True,4FGL J0604.1-4816,255.682952880859,-27.4895000457764,bll,2.4080915039803585e-10,1ES 0602-482
1FDL J2223.5+6743,109.591627009273,8.76350893335082,335.885389318793,67.7190334515952,4.172876388835026e-10,0.156579960191835,0.25388229965962,True,4FGL J2223.0+6746,109.585220336914,8.83170509338379,bcu,2.2330903792777687e-10,TXS 2221+675
1FDL J0943.7+7617,135.270078356716,35.9428579263898,145.937705168428,76.2996016094672,6.608774295640555e-11,0.146903523808063,0.238192735673027,True,4FGL J0942.5+7620,135.288772583008,35.8635711669922,,9.93422358264162e-11,
1FDL J1950.3+1203,50.4950998749627,-7.24489645167829,297.594378104225,12.0585866709312,4.166745355488364e-10,0.142654325864845,0.231302982456894,True,4FGL J1950.8+1211,50.6809959411621,-7.28318214416504,bcu,7.088436504432137e-10,NVSS J195059+121316
1FDL J0542.2-1000,214.214656245665,-19.8622708367801,85.5639934202059,-10.0008788069027,4.1664260698924617e-10,0.126596881286097,0.205267094386783,False,,,,,,
1FDL J0958.5-2439,260.180651487637,23.5316827712032,149.640829586346,-24.6530846788797,4.1637131299499427e-10,0.0815911271857855,0.132293724684332,True,4FGL J0958.4-2441,260.180206298828,23.4863147735596,bcu,4.5446657548353637e-10,TXS 0956-244
1FDL J1717.2-8113,311.691274655202,-23.353347859746,259.303148369694,-81.2270701099944,4.163583511620362e-10,0.0697796438570523,0.113142305010816,True,4FGL J1717.5-8114,311.68603515625,-23.3694114685059,bll,2.5472848830254686e-10,1RXS J171712.6-811501
1FDL J1418.1+2542,33.6604799594032,70.5478394325318,214.548127750168,25.704179756071,4.1622177791430834e-10,0.116012771824978,0.18810576532396,True,4FGL J1417.9+2543,33.6958389282227,70.5990753173828,bll,1.821108819299866e-10,1E 1415.6+2557
1FDL J0250.9+1711,159.528419471534,-37.0390927341039,42.7376731056731,17.1988896887772,4.1604240670486433e-10,0.0713953488698336,0.11576205124179,True,4FGL J0250.6+1712,159.440979003906,-37.0745658874512,bll,4.1938916228723134e-10,RGB J0250+172
1FDL J2321.6+4440,106.579380727285,-15.323717757117,350.409833075336,44.6779507783271,4.1597167598840507e-10,0.0678017619126935,0.109935333053487,True,4FGL J2322.1+4440,106.6630859375,-15.3586769104004,fsrq,2.0965239266868e-10,B3 2319+444
1FDL J2350.6-3003,16.9888778343098,-76.3587138739556,357.67142036291,-30.051350443655,4.158571376628803e-10,0.0850238410022629,0.137859601399018,True,4FGL J2350.6-3005,16.843132019043,-76.3477325439453,bll,3.9982883670575115e-10,LEDA 3231681
1FDL J2334.6+0736,92.0248880080909,-50.5872805378276,353.650324878844,7.61574000117038,4.157625428343683e-10,0.0654651979109443,0.106146778095813,True,4FGL J2334.2+0736,91.8861312866211,-50.5568542480469,fsrq,3.503209111688221e-10,TXS 2331+073
1FDL J2356.2+5847,115.816942056663,-3.31254441036885,359.05191704364,58.794143418716,4.1552963260070115e-10,0.190024521179672,0.308110098560274,False,,,,,,
1FDL J1827.6-4030,353.860601795384,-13.0661128841224,276.914230503785,-40.5048036340205,4.1535055967200214e-10,0.086201628393417,0.139769295221974,True,4FGL J1827.6-4029,353.870727539063,-13.0597944259644,bcu,3.1895053265174056e-10,1RXS J182724.8-402904
1FDL J1848.6-6440,330.85619598308,-24.0533947570444,282.168252439722,-64.6801821756766,4.153465811502278e-10,0.068363918191684,0.110846828365816,True,4FGL J1849.3-6447,330.764099121094,-24.1494369506836,bcu,1.3719646252408066e-10,1RXS J184924.8-644933
1FDL J0328.4+5327,145.093748072132,-2.51884155806043,52.1247559888707,53.4561851354881,4.152839244588677e-10,0.139023969216588,0.225416640469475,True,4FGL J0328.6+5330,145.087341308594,-2.45985531806946,unk,5.860990581751935e-10,NVSS J032847+532859
1FDL J2355.3+4555,112.850024123743,-15.8423176040871,358.847666857081,45.9293906812231,4.1494892136288356e-10,0.0686664233870534,0.111337311414205,True,4FGL J2354.6+4554,112.713539123535,-15.8361501693726,fsrq,2.2054519321912378e-10,4C +45.51
1FDL J0820.5-4945,265.859253955672,-7.47210687908615,125.14731688765,-49.7616621745236,4.146767441524731e-10,0.176731886826908,0.28655711935289,False,,,,,,
1FDL J2041.6-3739,4.71208653590335,-37.1887097061219,310.408282418819,-37.652762534293,4.145953243731254e-10,0.0632018754906639,0.102476961352882,True,4FGL J2041.9-3735,4.80371284484863,-37.2353591918945,bll,2.903636775464236e-10,NVSS J204150-373341
1FDL J0405.2+3828,159.478692448529,-10.2711144505738,61.318274294654,38.4790368590759,4.1459135308552956e-10,0.0669355348789414,0.108530807081208,False,,,,,,
1FDL J0948.8+7553,135.447736095148,36.4388448695415,147.222008011936,75.8857196824651,4.145834106244552e-10,0.103184696021179,0.167306035275873,True,4FGL J0949.8+7551,135.424377441406,36.4987297058106,,1.6798490376501718e-10,
1FDL J2103.2+4341,85.5606324802478,-2.00932000794542,315.821416904559,43.6988312729761,4.144791799259497e-10,0.125314545921242,0.203187880517085,False,,,,,,
1FDL J0038.9+4337,120.542054151839,-19.1901676046983,9.74085068420227,43.6236868217349,4.142241734332085e-10,0.0779265381330773,0.126351865729371,True,4FGL J0039.1+4330,120.580924987793,-19.3036670684814,bcu,2.1889912105166326e-10,NVSS J003907+433015
1FDL J0805.7-2334,242.315267298043,4.44355551653799,121.438581135445,-23.5801929675068,4.139802285790693e-10,0.0777447744737706,0.126057149416938,True,4FGL J0805.8-2331,242.288208007813,4.48927593231201,bcu,2.0701770853115417e-10,NVSS J080604-233333
1FDL J2318.2+6800,114.356479149966,6.70342451141688,349.562442630474,68.0099875535865,4.138672296830064e-10,0.134383129319414,0.217891878506198,False,,,,,,
1FDL J0231.0-4746,266.339705262999,-61.6577831726477,37.7655584146243,-47.7788628272666,4.1340663253625436e-10,0.066014618570938,0.10703761370966,True,4FGL J0231.2-4745,266.269287109375,-61.6366539001465,fsrq,3.141896187663917e-10,PMN J0231-4746
1FDL J1202.6+3853,160.730696017547,74.4423982095964,180.666475765931,38.8947044762434,4.132146210002292e-10,0.0785020875823427,0.1272850866844,True,4FGL J1202.5+3852,160.808731079102,74.441162109375,bll,2.4527976871802077e-10,NVSS J120257+385147
1FDL J1037.9-2930,271.047426533504,24.9784226915087,159.482879161361,-29.5028786473469,4.131794945226919e-10,0.0683381241537871,0.110804993797895,True,4FGL J1037.4-2933,270.977508544922,24.8735504150391,fsrq,4.999831659802112e-10,PKS 1034-293
1FDL J0557.6-1329,219.237707532331,-17.9242967487463,89.4049373457407,-13.4938309527194,4.131522859235763e-10,0.0872275397390042,0.141432722195836,False,,,,,,
1FDL J2104.1+2114,68.3608811734779,-16.7791206684198,316.033228450234,21.2427278490037,4.1297720435953206e-10,0.0775636790043489,0.125763519652759,True,4FGL J2104.4+2116,68.448356628418,-16.8185176849365,,3.1079089302110674e-10,
1FDL J0123.1+3422,130.337313654288,-28.0346193323948,20.7827776258297,34.3809919748507,4.1272411029514787e-10,0.0852589368637727,0.138240790854493,True,4FGL J0123.1+3421,130.348831176758,-28.0606498718262,bll,2.240487378957212e-10,1ES 0120+340
1FDL J0150.4-5451,285.757540376805,-60.2547394352536,27.6063606832533,-54.8628871681958,1.6420537161584332e-10,0.075942635674385,0.123135134159096,True,4FGL J0150.6-5448,285.641448974609,-60.2921257019043,bcu,1.2455443620940088e-10,PMN J0150-5450
1FDL J1737.1-0308,21.3561690810767,14.9539363561221,264.285117403706,-3.14578652184155,4.1100402974844966e-10,0.168316657328439,0.272912479695255,True,4FGL J1737.5-0313,21.3379154205322,14.8266868591309,glc,5.901115152084913e-10,NGC 6402
1FDL J0436.4+3931,163.031298004447,-5.235569948931,69.1117335609086,39.5185536357988,4.09973362592067e-10,0.152262149765275,0.246881336903926,False,,,,,,
1FDL J1319.8-6409,306.024337146841,-1.45955136269503,199.967039800065,-64.1604626140527,4.097441860625188e-10,0.18793656904898,0.304724641198185,True,4FGL J1320.3-6410c,306.075500488281,-1.47748231887817,,7.955350267430106e-10,
1FDL J0532.5+3756,171.330559612448,2.56265959271294,83.1497036414166,37.9429745359439,4.095823184448047e-10,0.132009050285226,0.214042475040293,True,4FGL J0534.0+3746c,171.231185913086,2.65085244178772,,3.4425151618222566e-10,
1FDL J0809.7+3457,186.453819917887,30.3828890909982,122.445853026414,34.9552576033842,4.095548563476402e-10,0.0738802679481267,0.119791157516748,True,4FGL J0809.6+3455,186.482223510742,30.3564109802246,bll,2.2791411813383175e-10,B2 0806+35
1FDL J0417.8-0254,196.030025980244,-35.1167547056627,64.4558197435659,-2.90325529597933,4.093734566161172e-10,0.0732507178815331,0.118770395440724,True,4FGL J0418.1-0252,196.053894042969,-35.0393867492676,bcu,7.790180167610571e-10,PKS B0415-029
1FDL J0152.6+3718,136.216335027011,-23.9759515841392,28.1658900760223,37.3113511018196,4.0931072082161235e-10,0.0874308659437023,0.141762407934188,True,4FGL J0152.2+3714,136.151443481445,-24.0715942382813,bcu,2.1998455834726366e-10,B2 0149+37
1FDL J1939.9-4927,348.920602013306,-27.9011653492024,294.978225042777,-49.4518338828879,4.090197133320178e-10,0.0721115055472422,0.116923246751093,True,4FGL J1939.8-4928,348.900909423828,-27.8945293426514,bcu,2.7668256574742145e-10,SUMSS J193946-492539
1FDL J0700.6+3559,180.772250798865,17.2697067844822,105.157537726864,35.9964305215957,4.088405087122791e-10,0.0818954892847691,0.132787228914982,True,4FGL J0700.6+3558,180.795806884766,17.2653827667236,,3.9246475513898815e-10,
1FDL J2156.2-0032,57.7846183430908,-40.2933856091491,329.059876331529,-0.548979451765044,4.084911387706383e-10,0.0747061299584535,0.121130224462493,True,4FGL J2156.3-0036,57.7417526245117,-40.3417739868164,fsrq,4.749595716724285e-10,PKS B2153-008
1FDL J0839.5+1805,207.565262973885,31.7320075808654,129.878444157483,18.0966038186393,4.0817627687163214e-10,0.0675656008428252,0.109552412401129,True,4FGL J0839.4+1803,207.601089477539,31.7110404968262,bll,3.0841323939156945e-10,TXS 0836+182
1FDL J2319.1-4209,348.334652332275,-65.9331924794367,349.798239716557,-42.1575464005771,4.0817627687163214e-10,0.0771273920219269,0.125056124630784,True,4FGL J2319.1-4207,348.439758300781,-65.9401245117188,bll,2.8882227165460956e-10,PKS 2316-423
1FDL J1239.3-6846,301.836582333739,-5.9292725988635,189.848860172184,-68.7754048103158,4.0790463480121643e-10,0.0874137348313834,0.141734622507194,True,4FGL J1240.1-6846,301.908721923828,-5.92400026321411,bcu,4.54417864448331e-10,PKS 1236-684
1FDL J1705.4-3850,347.151262419218,1.33211651844935,256.374363302359,-38.8335075410072,4.076810078845868e-10,0.187442017180353,0.303922751734463,True,4FGL J1705.2-3850,347.12744140625,1.36251795291901,,1.0538212524835442e-09,
1FDL J0431.5+1741,179.288630082135,-20.3388715221535,67.8778194929553,17.6885910173622,4.074916556817642e-10,0.116602985000039,0.18906274155092,True,4FGL J0432.0+1732,179.491561889648,-20.33567237854,bcu,4.0799957856663127e-10,TXS 0429+174
1FDL J1917.8-3158,6.06826712946184,-19.1678674224236,289.466099797369,-31.9770109830432,4.0716781365926765e-10,0.0941233877112202,0.152613822418019,True,4FGL J1917.6-3204,5.96061658859253,-19.1647968292236,,3.0158922581513536e-10,
1FDL J1759.7-5231,340.583860658733,-13.9320694314801,269.929707110716,-52.5321289713005,4.070732457553143e-10,0.0807658208980578,0.130955563167894,True,4FGL J1800.3-5237,340.54150390625,-14.0661725997925,,1.720443093544688e-10,
1FDL J2258.3-5524,330.971352734738,-55.1242239912388,344.598444628804,-55.4113439491624,4.058643259183382e-10,0.0766901629800924,0.12434718100029,True,4FGL J2258.4-5524,330.969451904297,-55.1268081665039,bll,3.0355717939301025e-10,PMN J2258-5526
1FDL J2042.3-7320,320.69692340132,-33.7474307037221,310.586617363974,-73.3448391592652,4.0582739469066584e-10,0.101676129781328,0.16486001757367,True,4FGL J2041.8-7319,320.73291015625,-33.7193984985352,bll,2.1895663060433887e-10,SUMSS J204201-731911
1FDL J0407.0+4043,158.200670436448,-8.39018936628309,61.7681216314136,40.7168990540045,4.0573508132309446e-10,0.140920479142823,0.228491667779604,False,,,,,,
1FDL J0541.1-4854,255.729816326603,-31.3531791943183,85.281431374448,-48.90564782023,4.0540001460224956e-10,0.0775305489094478,0.12570981109989,True,4FGL J0541.1-4854,255.735198974609,-31.3556461334229,bcu,1.5808293563068787e-10,1RXS J054106.1-485408
1FDL J2159.9+3815,89.6327159340526,-13.2816227582448,329.978546655605,38.2586312787061,4.039406128101505e-10,0.0932320079589133,0.151168516106748,False,,,,,,
1FDL J2007.7-0323,38.7522458005269,-18.5062933198931,301.940940237555,-3.3908783090255,4.031230952965026e-10,0.104138727316064,0.168852914202293,False,,,,,,
1FDL J0256.0+1913,159.37515499642,-34.6741921083314,44.0174732830022,19.2312625281834,4.0251345286335445e-10,0.0765138871331834,0.124061359943197,False,,,,,,
1FDL J0701.7-0400,217.671067080282,0.461182064799276,105.435517826493,-4.00580883792465,4.025047779078189e-10,0.116371022200862,0.188686627565446,True,4FGL J0701.3-0403,217.668594360352,0.3408143222332,,5.290338722652166e-10,
1FDL J0929.3+4045,181.209948521338,46.5709371454684,142.328845232271,40.7564503392913,4.022099406358294e-10,0.103369018201673,0.167604887289267,True,4FGL J0928.5+4048,181.13330078125,46.4299201965332,bll,1.9329117473265709e-10,1RXS J092837.8+404858
1FDL J0056.7+1622,124.77356740182,-46.483750468423,14.181020835237,16.3690937996133,4.0203757059587116e-10,0.077797037601942,0.126141886581076,True,4FGL J0056.8+1626,124.799835205078,-46.4162712097168,bll,1.6787447820743037e-10,TXS 0054+161
1FDL J1146.9-6810,296.9710041545,-6.05791381824296,176.728445506069,-68.1797391420598,4.0203564509099124e-10,0.107667732814334,0.174574941257802,True,4FGL J1147.4-6758,296.974365234375,-5.85193634033203,fsrq,4.4637399332358996e-10,PKS 1145-676
1FDL J0042.5+2320,120.285457371907,-39.4871618611432,10.6352426868999,23.3388640785748,4.0200483826706386e-10,0.062486374594488,0.101316836579742,True,4FGL J0042.2+2319,120.193061828613,-39.4956893920898,fsrq,4.027891631341873e-10,PKS 0039+230
1FDL J0749.7-7525,287.628034744899,-22.6386933890955,117.437501834963,-75.4215317973546,4.0139015848513e-10,0.114162251599912,0.185105274377602,True,4FGL J0750.5-7519,287.551391601563,-22.5549144744873,,1.4568056483366118e-10,
1FDL J2035.9-0210,43.4689928884351,-24.1260441047853,308.975889514022,-2.16884732671753,4.01281557082892e-10,0.080238330391138,0.130100261908045,True,4FGL J2036.2-0207,43.5493774414063,-24.1847534179688,,2.0482666951426862e-10,
1FDL J0038.2+0014,115.792331311955,-62.4424705028048,9.56311599456878,0.24635483351201,4.01199885127339e-10,0.0729195723593547,0.118233462666321,True,4FGL J0038.1+0012,115.733047485352,-62.474178314209,bll,4.212565851702265e-10,NVSS J003808+001336
1FDL J0322.2-3716,240.316564998582,-56.779144672911,50.5505300340179,-37.2817853279616,4.010327496679415e-10,0.126557573137527,0.205203351318447,True,4FGL J0322.6-3712e,240.166656494141,-56.6929054260254,RDG,5.593946972304309e-10,Fornax A
1FDL J1254.8-7912,303.097519372023,-16.3334962329677,193.707891727999,-79.2041526532717,4.0069005175674665e-10,0.141626290139024,0.229636084862471,False,,,,,,
1FDL J1808.7+3512,61.6696026281991,23.4309525835182,272.177739411064,35.2003487475947,4.0057108796590336e-10,0.0762874906768962,0.123694282963076,True,4FGL J1808.2+3500,61.6420249938965,23.460823059082,bll,3.7160979848849246e-10,MG2 J180813+3501
1FDL J1641.3-2858,351.739318018653,11.3940811745415,250.344881168637,-28.9800533149096,4.003864762471299e-10,0.115512521370058,0.187294645821425,True,4FGL J1641.3-2908,351.611602783203,11.2955379486084,,6.662151386116476e-10,
1FDL J1228.2-0313,291.610475849777,59.1441905768119,187.071705261866,-3.21771353788266,4.0026041377991233e-10,0.117260630543416,0.190129060338148,True,4FGL J1228.7-0318,291.874694824219,59.0694465637207,bcu,3.0775118564640986e-10,NVSS J122900-031758
1FDL J1207.1-4537,294.886110696069,16.5490876679549,181.797951250908,-45.6303011145057,3.9992220659752704e-10,0.113210297170487,0.183561758029665,True,4FGL J1207.4-4536,294.936981201172,16.5759754180908,,6.016060982716454e-10,
1FDL J0231.5-5754,280.128547198243,-54.5625920820738,37.8828871157934,-57.9091642670587,3.9984942884818343e-10,0.0900344195429744,0.145983873112451,True,4FGL J0231.2-5754,280.181823730469,-54.5803184509277,bll,2.646380337090193e-10,PKS 0229-581
1FDL J1234.0-7058,301.499937933916,-8.1595351153189,188.505625159578,-70.982845165522,3.994446051444297e-10,0.119389031120358,0.193580100878403,False,,,,,,
1FDL J0619.5+7819,135.703511006133,24.9352420026994,94.8977443163022,78.3221135217027,3.9937000157080723e-10,0.0645319811071743,0.104633628461986,True,4FGL J0618.1+7819,135.673828125,24.8656044006348,sbg,1.4599335629306154e-10,NGC 2146
1FDL J0435.4-1427,211.173900001814,-36.559502564476,68.8679159211017,-14.4585085635595,3.9913480463390883e-10,0.123777207710523,0.200695198510776,False,,,,,,
1FDL J1709.6-0902,12.432622567931,17.82078737405,257.408728258947,-9.04245029513156,3.9909848575244714e-10,0.142628484620391,0.231261093405054,True,4FGL J1709.9-0900,12.4989948272705,17.7735614776611,,7.14043435490197e-10,
1FDL J1821.1+6634,96.5060723962369,27.7148596607529,275.281083353314,66.5809565104568,3.9900961400953393e-10,0.0769175486000957,0.124715873236084,True,4FGL J1821.6+6636,96.54296875,27.6646289825439,,1.3304171653238939e-10,
1FDL J2000.9-1319,28.4698701105706,-21.3401398794101,300.249227543746,-13.322211425414,3.9849397546000327e-10,0.0841083372280452,0.136375172833204,True,4FGL J2000.6-1328,28.286491394043,-21.3194427490234,fsrq,4.3806261396106544e-10,TXS 1957-135
1FDL J0829.3+0856,216.019756326687,25.7993976893007,127.346328044947,8.9337225984282,3.9846630262166595e-10,0.0737431317871444,0.119568795297799,True,4FGL J0829.4+0857,216.000717163086,25.8155822753906,fsrq,2.0522822330448776e-10,TXS 0826+091
1FDL J1052.9-3744,278.447515719365,19.4384119590899,163.24287138578,-37.73708454229,3.9841716421419387e-10,0.0718744727220342,0.116538900021116,True,4FGL J1052.9-3743,278.435424804688,19.4478702545166,bll,2.6409774367408545e-10,PMN J1053-3743
1FDL J0110.1-4020,287.762052115611,-76.2312970453977,17.5463514714648,-40.3398164231121,3.9801331403373836e-10,0.0703065692569882,0.113996664561913,True,4FGL J0110.0-4019,287.826812744141,-76.2593383789063,bll,1.6026657778667186e-10,RBS 0158
1FDL J1442.8-7031,312.02073388998,-9.64139338988718,220.702183313332,-70.5220077683909,3.9792373103367703e-10,0.118047438318318,0.191404818544993,True,4FGL J1443.7-7037,312.052734375,-9.76541042327881,,3.8523309542348727e-10,
1FDL J1207.7-2233,289.88673820946,39.2058775910442,181.942024825544,-22.5571294691213,3.978313101400927e-10,0.0769520780212718,0.124771867326704,True,4FGL J1207.7-2229,289.869750976563,39.2770538330078,bll,3.2152183693234804e-10,NVSS J120736-223036
1FDL J1633.8+0706,22.8571550282194,33.7424911007693,248.455008517673,7.11260537793662,3.978132095926975e-10,0.0974580393287163,0.158020684948629,True,4FGL J1633.8+0701,22.7700214385986,33.7047424316406,bcu,3.566957285094929e-10,NVSS J163350+065705
1FDL J1156.3-2252,286.713872686983,38.2475820276526,179.086358212209,-22.8829744912476,3.9718020899631044e-10,0.0774540507634167,0.125585747746632,True,4FGL J1156.6-2248,286.776672363281,38.3376579284668,bll,2.9986138572191123e-10,NVSS J115633-225004
1FDL J0447.9-0557,203.594172676263,-30.0935560965616,71.9935879848341,-5.95208926526294,3.970176002799753e-10,0.070695203867694,0.114626831041636,False,,,,,,
1FDL J1955.4+5131,85.2707778629101,11.7851307104977,298.86712894042,51.5202270206824,3.966944824548061e-10,0.0815236163568144,0.132184247830622,True,4FGL J1955.4+5132,85.2884826660156,11.8016290664673,fsrq,5.212937304044374e-10,OV 591
1FDL J1254.1-2204,303.754767757075,40.790764808776,193.53173383828,-22.0766865511684,3.962197868416268e-10,0.0871825399197086,0.141359756059207,True,4FGL J1254.2-2205,303.779479980469,40.7799911499023,bcu,3.3610703109587803e-10,NVSS J125422-220413
1FDL J0204.9+6654,130.063962863465,5.06711989910812,31.2450755895855,66.915034433055,3.9612776170238573e-10,0.145755835877424,0.236331820815691,True,4FGL J0204.7+6656,130.03889465332,5.0828971862793,,7.402475299400634e-10,
1FDL J1408.8-3747,319.405903096811,22.5895272265865,212.208960856397,-37.7937471088895,3.960547260364012e-10,0.0832570414993075,0.134994865572588,True,4FGL J1408.7-3747,319.386505126953,22.6006717681885,,4.6039083656523866e-10,
1FDL J0600.9+0505,202.532713627465,-8.82056457193343,90.2285594927308,5.09613626009494,3.9558553246574927e-10,0.133390658274768,0.216282647660428,False,,,,,,
1FDL J1920.3-2617,11.8545505550098,-17.5902717172043,290.07715158366,-26.2891447716642,3.9526358014719065e-10,0.0913148109141096,0.148059919908083,True,4FGL J1920.0-2622,11.7495031356812,-17.5786113739014,,4.924476382228703e-10,
1FDL J2147.2+5133,96.3339606463508,-1.54795985106368,326.820550354801,51.5538167355143,3.951074330284178e-10,0.202536235234372,0.328396888295224,False,,,,,,
1FDL J0437.5-6151,272.363642554299,-39.3101693229729,69.3997624975629,-61.8581108182713,3.948870394204235e-10,0.0645210828720364,0.104615960036471,True,4FGL J0437.4-6155,272.463317871094,-39.3102035522461,bcu,2.027714940400216e-10,PMN J0437-6157
1FDL J0733.8+5157,165.949247550643,27.3836734780596,113.454527067741,51.9549276163362,3.9487285520341287e-10,0.0764268502852033,0.123920240404997,True,4FGL J0733.4+5152,166.021484375,27.3144512176514,bcu,2.2725692161440486e-10,NVSS J073326+515355
1FDL J1114.1+5521,148.186908318399,56.7358094691346,168.545944459728,55.3631113548838,3.947230064421522e-10,0.0745325078557544,0.120848701949146,True,4FGL J1113.9+5523,148.188446044922,56.6902961730957,bll,2.4440618973109446e-10,SDSS J111356.29+552255.6
1FDL J1536.7-6109,321.558839397715,-4.41915621924774,234.179175153662,-61.1631286914432,3.9451652582278826e-10,0.137452236965956,0.222868175253503,True,4FGL J1537.3-6110,321.611053466797,-4.4745306968689,,4.965585720384523e-10,
1FDL J1320.3-4504,308.27970107494,17.4914885429041,200.091434791703,-45.079673493392,3.9418600388897236e-10,0.0999499266260354,0.162061086427927,False,,,,,,
1FDL J1816.3-8450,308.618814673015,-26.2270550223741,274.088404515626,-84.8397100824384,3.938670769679513e-10,0.0695953212195768,0.1128434483116,False,,,,,,
1FDL J1247.2+4420,125.474864045082,72.7660695916629,191.806327086593,44.3413771417358,3.9385104308202804e-10,0.0737937173688348,0.119650815585046,True,4FGL J1247.0+4421,125.556106567383,72.7506713867188,bll,2.7793806145481876e-10,RX J1246.9+4423
1FDL J0245.0-0300,176.248065159135,-53.6721416980284,41.2662975520901,-3.00310853714182,3.938265219307824e-10,0.0701264774254623,0.113704670378588,True,4FGL J0245.1-0257,176.219650268555,-53.6205749511719,bll,3.5496294792380917e-10,PMN J0245-0255
1FDL J2334.2-2341,39.7885761167282,-72.258591017424,353.566206165519,-23.6983048853821,3.93678484341925e-10,0.0934723349224986,0.151558176850857,True,4FGL J2334.9-2346,39.6808815002441,-72.4352416992188,agn,2.999014370175246e-10,PKS 2331-240
1FDL J1554.3-1216,357.380381753231,30.6657439704843,238.599550384075,-12.2713054922811,3.9363417818043005e-10,0.0779138695860472,0.126331329512044,True,4FGL J1554.4-1215,357.407104492188,30.6598815917969,bcu,2.1666429761424408e-10,GALEXASC J155432.61-121325.7
1FDL J0827.8-3319,253.127826072662,3.04750417976205,126.959006589796,-33.3222127149132,3.9312172065112405e-10,0.124322019469343,0.20157855910782,False,,,,,,
1FDL J0806.0-6101,274.551595615876,-15.1305663363304,121.521142506507,-61.0329153964499,3.9266728534750463e-10,0.0894820599454331,0.1450882432998,True,4FGL J0807.0-6102,274.615692138672,-15.0346565246582,bcu,2.9855659611222047e-10,PMN J0806-6101
1FDL J1645.0+1850,37.2769386882822,36.0568921748722,251.260182496163,18.8382291053374,3.9211852471183714e-10,0.0860237904520551,0.139480935876069,True,4FGL J1644.8+1850,37.253547668457,36.1057891845703,,2.1874935196564136e-10,
1FDL J0527.2+6320,148.663999467798,15.318739051684,81.8226838222996,63.343546540019,3.9199647348701346e-10,0.104427993585902,0.169321940236201,True,4FGL J0526.1+6318,148.634292602539,15.1920537948608,bcu,2.0609147721728502e-10,GB6 J0526+6317
1FDL J0506.3+2516,178.187266016774,-9.29792756316354,76.5890191596833,25.2700739155008,3.917975175911389e-10,0.102075547085387,0.165507639099267,False,,,,,,
1FDL J2108.0-2453,22.1910316514084,-40.1708267804947,317.005520962998,-24.8903196893704,3.9103453979120106e-10,0.106081981430637,0.172003745638021,True,4FGL J2108.2-2454,22.1862602233887,-40.2244987487793,bcu,3.3499705787143336e-10,AT20G J210812-245233
1FDL J1627.7+0252,17.5443603471346,32.9788902908988,246.937553169585,2.87181187251652,3.905853231779438e-10,0.0853014101943731,0.13830964775935,True,4FGL J1627.7+0251,17.5332660675049,32.9682998657227,bcu,2.5246565948933153e-10,CLASS J1627+0251
1FDL J1350.5+0035,333.526029843537,59.904360748857,207.646425023726,0.593431594910726,3.905301425955309e-10,0.066186575061347,0.107316433536441,True,4FGL J1351.0+0029,333.626281738281,59.7596206665039,fsrq,2.513659280722891e-10,PKS 1348+007
1FDL J1526.2-0825,354.987430720847,38.3380222791573,231.563143668984,-8.41826667799917,3.9052546663332386e-10,0.0722595265968884,0.11716324873459,True,4FGL J1526.1-0831,354.867248535156,38.2872772216797,bll,3.0768090852895114e-10,GALEXASC J152603.17-083146.0
1FDL J2358.4+3830,111.688194775777,-23.2129743357521,359.622689658314,38.5000268627965,3.9039830193120104e-10,0.0716670124008425,0.116202527470416,True,4FGL J2358.3+3830,111.661972045898,-23.1975688934326,bll,3.9622100045377806e-10,B3 2355+382
1FDL J1436.1-8342,305.908889925215,-21.4544568198854,219.045501529045,-83.711556734293,3.9023846978121336e-10,0.095668886656411,0.155119727497056,True,4FGL J1435.9-8348,305.860870361328,-21.5330924987793,bcu,3.4666269854710663e-10,PMN J1433-8340
1FDL J1415.9-2402,326.60881094681,34.9076033116548,213.997884836533,-24.0468124429505,3.9021464076962304e-10,0.101703758557969,0.16490479464944,True,4FGL J1416.1-2417,326.525390625,34.6635704040527,bll,2.350465655442946e-10,NVSS J141612-241812
1FDL J0221.7-1615,190.123333131806,-66.4193885186339,35.447989139951,-16.2537580834383,3.900955175358503e-10,0.0678055159939093,0.109941407065906,True,4FGL J0222.0-1616,190.265731811523,-66.3734664916992,fsrq,3.2937419458534123e-10,PKS 0219-164
1FDL J2036.7+5657,93.2146488958776,9.61468940231539,309.182555059635,56.9547871215235,3.898676497457386e-10,0.139727768614797,0.226557817683152,True,4FGL J2036.3+5642c,92.9894027709961,9.51230430603027,,2.369640039745491e-10,
1FDL J1704.5+7129,102.924521717582,34.0185930460757,256.135280709119,71.4881318715248,3.89760299196757e-10,0.0808106529741207,0.131028231424179,True,4FGL J1705.0+7134,103.016593933105,33.9572830200195,bll,1.5027769306730218e-10,GB6 J1704+7138
1FDL J1357.3+0232,338.40554380439,60.7875667124125,209.329063985022,2.53653834165593,3.8929203674867494e-10,0.0815926821144041,0.132296250709959,True,4FGL J1356.6+0234,338.158416748047,60.9075469970703,,3.8636199795050175e-10,
1FDL J2357.4-1717,68.4169058263647,-74.1199389001905,359.365165104972,-17.29068356936,3.88994767927032e-10,0.0777115602686309,0.126003291254689,True,4FGL J2357.4-1718,68.373161315918,-74.1368942260742,bll,3.1765973185216007e-10,RBS 2066
1FDL J0003.4-1927,65.2866019780772,-76.5949387538737,0.871474847746104,-19.4595793686522,3.889770694250425e-10,0.0853941875152087,0.138460085160009,True,4FGL J0003.3-1928,65.1977844238281,-76.5809860229492,bcu,4.016465771083944e-10,PKS 0000-197
1FDL J0219.0-1723,191.799871110549,-67.5628997653962,34.7645393281591,-17.3977991779307,3.887442693890331e-10,0.0734032185747526,0.11901766212442,True,4FGL J0219.1-1724,191.831069946289,-67.5503921508789,bll,2.6526641994095707e-10,1RXS J021905.8-172503
1FDL J0722.2-2650,240.221020850942,-5.71388387361334,110.550085472379,-26.8343694078316,3.8853765975541774e-10,0.0854144348954564,0.138492915476899,True,4FGL J0722.4-2650,240.256134033203,-5.6680064201355,,6.026880106091426e-10,
1FDL J1323.2+8318,121.820851304599,33.7482194531969,200.816155800277,83.3112387101486,3.88405561630055e-10,0.0905279541519599,0.146784095597665,True,4FGL J1322.0+8317,121.859878540039,33.7800064086914,fsrq,2.7027435844928505e-10,S5 1322+83
1FDL J0547.7+3502,175.008523118782,3.55934846091306,86.946939801581,35.0468971542362,3.883190710006686e-10,0.118389937131024,0.191960147241626,False,,,,,,
1FDL J1129.3-4217,287.102763708254,18.0485558230219,172.337427737517,-42.2860976289882,3.883069824470732e-10,0.0775649547380377,0.125765592874432,True,4FGL J1129.8-4217,287.199737548828,18.0783634185791,bll,4.3302275654077954e-10,LEDA 566417
1FDL J1658.7+6158,91.7513616396653,36.8708324152115,254.677244949592,61.9728531661976,3.879630813460324e-10,0.0659618678976399,0.106952081314382,True,4FGL J1658.4+6150,91.6052169799805,36.9216346740723,bll,1.5732398717105411e-10,NVSS J165808+615001
1FDL J0631.4+0421,206.772640913484,-2.43830387695719,97.8687558674446,4.35889617584966,3.879296369614434e-10,0.171062131302411,0.277364072331573,False,,,,,,
1FDL J2030.9-1621,28.5497028840664,-29.1926806395885,307.739582866412,-16.365956764897,3.878311785704095e-10,0.0725355100872653,0.11761073089796,True,4FGL J2030.9-1621,28.5492324829102,-29.1889190673828,bcu,2.318033126558205e-10,NVSS J203048-162224
1FDL J1015.3+5540,156.478190057734,50.0415410604183,153.849528790544,55.6791210262024,3.8750996939743026e-10,0.0749219852338882,0.121480222208906,True,4FGL J1015.6+5553,156.167144775391,49.9681625366211,fsrq,2.2449217484954429e-10,TXS 1012+560
1FDL J2321.9+5745,111.19902364806,-3.05444632449694,350.4833455136,57.7639632914982,3.874524397969697e-10,0.146888675657569,0.238168659194385,False,,,,,,
1FDL J1342.9+0945,340.346424721136,68.793898293353,205.744680437388,9.75355525349702,3.8733091340465665e-10,0.0803183986501465,0.130230083084303,True,4FGL J1342.6+0944,340.150665283203,68.8180160522461,fsrq,2.795860487569968e-10,NVSS J134240+094752
1FDL J0242.1+1107,161.662454119702,-43.2619782062744,40.5283251655288,11.1331730845123,3.872975235161477e-10,0.0992266960240275,0.160888440037999,True,4FGL J0242.3+1102,161.80322265625,-43.2950706481934,fsrq,4.857302338123759e-10,OD 166
1FDL J1601.9-0639,3.83867783137253,32.8860031734319,240.486347815472,-6.65035580899747,3.8727897482184754e-10,0.0708987053529992,0.114956789669304,True,4FGL J1602.0-0641,3.81872987747192,32.8504295349121,bcu,2.043245850291697e-10,NVSS J160146-064256
1FDL J0628.6+0502,205.841693270599,-2.74375243625555,97.1660489805473,5.04279281260712,3.871779000505857e-10,0.128928434112157,0.209047497958466,False,,,,,,
1FDL J1922.7-5233,344.936286422562,-25.8337037081605,290.691165744679,-52.5563262518649,3.870740708830612e-10,0.0994420535969638,0.161237631753786,True,4FGL J1922.5-5233,344.927337646484,-25.8029117584229,,2.548904420862641e-10,
1FDL J0433.6+2559,172.93558421527,-14.6400621156805,68.407679355654,25.9896918642617,3.870082650279004e-10,0.101619823363591,0.164768703021237,False,,,,,,
1FDL J1724.3+3302,56.7471041428397,31.6825989211782,261.099503062127,33.0450873058143,3.8675256260807443e-10,0.0833540790530029,0.135152214483505,True,4FGL J1724.1+3304,56.7622795104981,31.7308864593506,fsrq,1.5157262944764938e-10,B2 1722+33
1FDL J1330.1+4437,101.523585613206,70.8502280912977,202.546138222465,44.6326197168722,3.8657663377068913e-10,0.090013023788398,0.145949176344178,True,4FGL J1330.3+4441,101.536262512207,70.7904510498047,bll,2.951854594090974e-10,1RXS J133021.4+444117
1FDL J1854.8-3021,5.69616223248099,-14.0003663586014,283.711484351133,-30.3659869952025,3.858173555632719e-10,0.10574735002918,0.171461181220075,False,,,,,,
1FDL J1509.8-2917,335.930504613938,24.5757028489795,227.460522908833,-29.2854629704632,3.8566494013349384e-10,0.095261268803388,0.15445879023848,True,4FGL J1509.8-2906,336.041412353516,24.7231063842773,bcu,4.0009384694172917e-10,AT20G J150945-290502
1FDL J1047.5-3739,277.420246444277,18.9948407559709,161.897727680094,-37.6662193537288,3.855112001434106e-10,0.0790660308591078,0.128199463601852,True,4FGL J1047.9-3738,277.476013183594,19.0475311279297,bcu,1.7476707581121076e-10,GALEXASC J104756.99-373730.1
1FDL J0221.4+2515,147.406116693847,-33.3043433810052,35.3685180776151,25.2528200659997,3.852680191463608e-10,0.0766228890823505,0.124238103377585,True,4FGL J0221.5+2513,147.429229736328,-33.3201599121094,fsrq,2.438781121494316e-10,2MASS J02212698+2514338
1FDL J0659.3-1614,228.315839618205,-5.63616237686019,104.827727451831,-16.2448135520885,3.847185436062282e-10,0.129243978664148,0.209559135344125,False,,,,,,
1FDL J1535.7-4725,329.522038495513,6.77946027004402,233.934202087334,-47.4309547677727,3.845739296647791e-10,0.122038710499759,0.197876343487074,True,4FGL J1535.8-4730,329.489471435547,6.70708084106445,bcu,2.8089711112677657e-10,PMN J1535-4730
1FDL J0432.9+0523,190.297302948049,-27.4256985001996,68.2342664804699,5.39341387498662,3.843492872181254e-10,0.094829634248187,0.153758929339858,True,4FGL J0433.0+0522,190.336883544922,-27.4165325164795,RDG,7.352897180012973e-10,3C 120
1FDL J1422.2+3224,53.412010463032,69.6362261793619,215.571081161367,32.4011224677598,3.8430234984673634e-10,0.0808006107167282,0.131011947742243,True,4FGL J1422.3+3223,53.3812294006348,69.6327056884766,fsrq,6.661244889016871e-10,OQ 334
1FDL J2358.4-1020,83.8068878163546,-69.089190576954,359.624934921139,-10.3422859443481,3.841790515184842e-10,0.0656348463086659,0.106421836759537,True,4FGL J2358.3-1021,83.6793212890625,-69.0810012817383,fsrq,6.090495330290935e-10,PKS 2355-106
1FDL J0437.4-7152,284.248347612263,-35.9851317022706,69.3709004404172,-71.8684969497381,3.841422537146844e-10,0.125969298919185,0.204249493038257,True,4FGL J0436.7-7148,284.202270507813,-35.9670295715332,bcu,1.9591542277375138e-10,PKS 0437-719
1FDL J1007.6+0026,240.194223949666,42.5164959954926,151.922686110574,0.439282474842643,3.8364950306279805e-10,0.0795183535802408,0.128932878094898,True,4FGL J1008.0+0028,240.232864379883,42.6183815002441,bcu,3.185731956012461e-10,PKS 1005+007
1FDL J0922.7+0435,227.702783076541,35.4982080632527,140.69606365685,4.59130907734892,3.835319247891469e-10,0.0900472832566123,0.146004732826783,True,4FGL J0922.6+0434,227.698760986328,35.4664421081543,bcu,5.427186478002e-10,GB6 J0922+0433
1FDL J0920.1-4300,267.158105779674,4.71890210280682,140.040448847267,-43.0091193912924,3.8340795549787005e-10,0.147706857885647,0.239495267923484,False,,,,,,
1FDL J0603.6+1301,195.862975955108,-4.40621707499723,90.9038992102545,13.0280056299939,3.8325190301877805e-10,0.102448024672341,0.166111558117799,False,,,,,,
1FDL J1943.4-6348,332.659782232284,-29.8361056360475,295.858476555772,-63.8025467136211,3.831729830181549e-10,0.0997596918849316,0.161752637451705,False,,,,,,
1FDL J1416.3-1508,331.453097991702,42.9752792238511,214.077857105318,-15.1470676726248,3.8288772189549496e-10,0.0776171037132627,0.125850142827391,True,4FGL J1415.9-1504,331.392852783203,43.0815353393555,,1.8432665116474567e-10,
1FDL J0121.1-3916,277.821860543802,-76.3653184328958,20.2846907856591,-39.2794814106767,3.828437133773138e-10,0.0643995806117016,0.104418954541187,True,4FGL J0121.8-3916,277.268859863281,-76.3042755126953,bll,2.3130564130724446e-10,NVSS J012152-391547
1FDL J0635.0+7133,143.199024103697,24.3623488629089,98.774061124144,71.5573089324548,3.827887098427097e-10,0.0852315008381588,0.138196291491807,True,4FGL J0636.5+7138,143.13069152832,24.4949474334717,bcu,3.307383533712738e-10,GB6 J0636+7138
1FDL J0529.7-7245,283.836733277364,-31.8388001919715,82.4448569836876,-72.7500503771329,3.8251289468284595e-10,0.0823223656002405,0.133479360140678,True,4FGL J0529.3-7243,283.82470703125,-31.8757057189941,bcu,2.8096780457786963e-10,PKS 0530-727
1FDL J0939.3-1732,251.195647300034,25.4710679347023,144.833859671296,-17.5467957785649,3.8250739872695746e-10,0.0782246092262345,0.126835177012147,True,4FGL J0939.3-1732,251.193115234375,25.4759616851807,bcu,4.1429534802794876e-10,TXS 0936-173
1FDL J1123.0+8032,127.307370390793,35.8307517824092,170.766634407864,80.5343370339454,3.823883390713264e-10,0.075759855502274,0.122838769876176,True,4FGL J1123.6+8028,127.314636230469,35.9019775390625,bcu,1.911382024877284e-10,WN B1120.0+8046
1FDL J0658.1-0934,222.228101595656,-2.87467501180009,104.540840644398,-9.58172330739247,3.82376435144179e-10,0.130299674387345,0.211270860651197,False,,,,,,
1FDL J1628.1-5748,328.693928401701,-6.22141211993382,247.044370778203,-57.8033638544065,3.8232149874390043e-10,0.0936062235835904,0.15177527096379,True,4FGL J1627.7-5749,328.631683349609,-6.19591808319092,,5.998216923153166e-10,
1FDL J0309.8-0744,188.810483753835,-51.939103089167,47.459851445025,-7.74664126076381,3.822537547201975e-10,0.0724950814713327,0.117545179611636,True,4FGL J0309.7-0745,188.810470581055,-51.9720420837402,bll,3.113825308709295e-10,NVSS J030943-074427
1FDL J0104.6-2416,170.00026551873,-85.8793675591626,16.1682930684048,-24.283134262143,3.8217137951711665e-10,0.08340768465323,0.135239140394143,True,4FGL J0104.8-2416,170.384887695313,-85.8474731445313,fsrq,3.309413021401752e-10,PKS 0102-245
1FDL J0829.3+5109,167.734290371827,35.9072976169049,127.342207836548,51.1603535434354,3.821137274374805e-10,0.067820931500763,0.109966407958928,True,4FGL J0829.7+5105,167.809432983398,35.9640083312988,bll,1.3120565744983992e-10,GB6 J0829+5108
1FDL J1058.5+2819,203.592479002351,65.055547820468,164.648554728287,28.3176998699042,3.8211098231729795e-10,0.07932390575011,0.128617593639441,True,4FGL J1058.6+2817,203.666290283203,65.0548934936523,bll,4.4051859382499e-10,GB6 J1058+2817
1FDL J1231.8+1422,282.235786874571,76.4568300440704,187.958281529249,14.3792178648275,3.819088126917293e-10,0.0710296643249786,0.115169113573977,True,4FGL J1231.5+1421,281.955200195313,76.4065399169922,bll,3.0823363306176077e-10,GB6 J1231+1421
1FDL J1357.5+0133,337.47567413364,59.9197713232153,209.377073809384,1.55557928630928,3.8156326820929094e-10,0.0750376436652674,0.121667739943132,True,4FGL J1357.5+0127,337.409606933594,59.8272933959961,bll,3.7094566307516175e-10,RX J1357.6+0128
1FDL J2225.2+6911,110.534829606606,9.92311610873515,336.314356909412,69.1975659633109,1.5185215515385976e-10,0.154774971545578,0.250955677367323,True,4FGL J2226.5+6901c,110.534957885742,9.71367263793945,bcu,1.183941833460267e-10,NVSS J222625+690207
1FDL J1322.3-0605,316.761577662456,55.9420879810017,200.596637096855,-6.09641582270242,3.813833068030297e-10,0.0755333195910844,0.122471445708852,True,4FGL J1322.3-0606,316.740783691406,55.9351310729981,bcu,3.2016611584140264e-10,AT20G J132219-060619
1FDL J1016.5-6033,284.995032437854,-3.20059449160646,154.133679592412,-60.5597847519825,3.810774759284429e-10,0.16437454969368,0.266520638951533,True,4FGL J1015.5-6030,284.8662109375,-3.2181122303009,,8.076680435564754e-10,
1FDL J1948.8-1450,25.7068739630063,-19.2768300262514,297.216124719986,-14.8441586949762,3.8056404978883994e-10,0.0657053311133086,0.106536127864718,True,4FGL J1949.2-1453,25.6961517333984,-19.3872108459473,,5.285635817919854e-10,
1FDL J0848.4+7017,144.024335975653,35.1667734081216,132.118294169464,70.293030902068,3.803681637641703e-10,0.0783325086932104,0.127010120326711,True,4FGL J0848.7+7017,144.013580322266,35.1861724853516,bll,2.4249482977189984e-10,GB6 J0848+7017
1FDL J2323.8-0617,73.9907029804358,-60.5358350106015,350.950256447855,-6.28470638328968,3.800390291765613e-10,0.0814087965001841,0.131998078446677,True,4FGL J2323.6-0617,73.9246673583984,-60.5204429626465,fsrq,5.536343605783145e-10,TXS 2321-065
1FDL J0226.3+0934,158.279122152698,-46.680573613619,36.594857735742,9.57205732393216,3.8000217292263546e-10,0.0855558507723125,0.138722204650919,True,4FGL J0226.5+0938,158.275802612305,-46.6080474853516,fsrq,2.9673982715472386e-10,NVSS J022634+093843
1FDL J0301.7-3126,229.454479026221,-61.3694047872931,45.4332416298717,-31.4334538530362,3.799330202163472e-10,0.0737108611249302,0.119516472353296,True,4FGL J0301.4-3124,229.406723022461,-61.4396858215332,bcu,2.027490120237729e-10,PKS 0259-316
1FDL J0922.9-6314,281.835400365368,-9.27473939002824,140.747342732334,-63.2491376052006,3.7981930958191347e-10,0.0836035018597476,0.135556624438242,True,4FGL J0921.7-6317,281.768890380859,-9.40067005157471,lmb,3.798876213600977e-10,2S 0921-630
1FDL J1213.0+5129,136.911090854972,64.5795697399863,183.271769503853,51.4951858234937,3.79760193502336e-10,0.0807495790908301,0.130929216253081,True,4FGL J1213.0+5129,136.936660766602,64.5874481201172,bll,3.0258506811264846e-10,1RXS J121301.8+512942
1FDL J0824.3+2442,198.903483972467,30.6391357544413,126.099802977578,24.708438106845,3.7974473389177834e-10,0.075473264399315,0.12237408742408,True,4FGL J0824.4+2440,198.947662353516,30.6346225738525,fsrq,4.892498628450426e-10,B2 0821+24
1FDL J2047.1-4302,358.024879732997,-38.7461712201697,311.788846214318,-43.0469969841938,3.7961926151742115e-10,0.102432555452185,0.166086484875869,True,4FGL J2046.8-4258,358.120910644531,-38.692268371582,bll,1.9754815838712855e-10,2MASS J20464397-4257134
1FDL J1722.3-4526,343.61421313568,-5.06820109004993,260.596467410541,-45.4430524224461,3.7941931881678766e-10,0.133601495591745,0.216624490395102,True,4FGL J1722.6-4529,343.595886230469,-5.13056802749634,spp,1.1052423420920832e-09,SNR G343.0-06.0
1FDL J1244.5+1614,294.190059804922,79.0007222951518,191.128651931439,16.2466640167011,3.793493637535068e-10,0.0723867551388272,0.117369550649782,True,4FGL J1244.5+1616,294.202331542969,79.0350341796875,bll,2.426767675700603e-10,SDSS J124444.35+161621.7
1FDL J1004.0-5205,278.707831206794,2.7309720951545,151.021196939437,-52.0898034465715,3.7881467944521086e-10,0.152066173741179,0.246563587550417,True,4FGL J1004.6-5215,278.879547119141,2.65096163749695,,3.686807248381996e-10,
1FDL J1819.0-3214,0.643774101063672,-7.89934248648461,274.77433406698,-32.2468336443578,3.786922349124317e-10,0.170850117373803,0.277020282456728,True,4FGL J1818.6-3206,0.725843608379364,-7.75737190246582,,6.852581835303795e-10,
1FDL J0931.6-5646,278.067418291653,-3.8816214027948,142.900258045037,-56.7729718803572,3.7819651273872373e-10,0.172610341883407,0.279874355255479,False,,,,,,
1FDL J2339.6+0239,89.9760176013383,-55.5553121716951,354.919568459695,2.65655001156032,3.776607401984986e-10,0.108569695713923,0.176037390253539,True,4FGL J2339.6+0242,89.9985122680664,-55.5010375976563,bcu,2.827388323467517e-10,CRATES J233930+024420
1FDL J0357.7+7655,132.872883142319,17.7999340459679,59.434291059618,76.9195491109911,3.77398561094681e-10,0.10671668902222,0.173032882504901,True,4FGL J0358.7+7649,132.977447509766,17.7733039855957,bcu,2.0238631603941568e-10,WN B0351.8+7640
1FDL J0636.4-1043,220.850724512908,-8.16091815033733,99.1157857507354,-10.7252827677369,3.7734072539919745e-10,0.0997852669929838,0.161794115609296,False,,,,,,
1FDL J0358.3-4621,253.364759058907,-48.6742593959592,59.5947293004518,-46.3509803030975,3.7713024218131297e-10,0.0865054063665764,0.140261837500173,True,4FGL J0357.6-4625,253.500106811523,-48.7840576171875,bcu,1.7681213437814591e-10,PKS 0355-465
1FDL J1728.3+1215,34.8772056320425,23.8992495054547,262.097029531328,12.2602755568868,3.7693341570094455e-10,0.0669368843297587,0.108533001458294,True,4FGL J1728.0+1216,34.8584518432617,23.9739360809326,fsrq,8.343923330045301e-10,PKS 1725+123
1FDL J0312.2+2018,162.329148173347,-31.5829747758293,48.0656850187731,20.3081748725887,3.767790961817877e-10,0.0767849724658829,0.12450092631142,True,4FGL J0312.7+2012,162.511566162109,-31.5804920196533,,1.5969044142583044e-10,
1FDL J0747.4+0903,211.05852034068,16.5215165298643,116.853467594848,9.06554003317106,3.766248398422599e-10,0.0695574109224274,0.112781974336508,True,4FGL J0747.5+0905,211.044570922852,16.5526561737061,bll,2.8257371442741425e-10,RX J0747.3+0905
1FDL J1859.2-4448,351.947296112044,-20.051408226001,284.814949815706,-44.8023652216834,3.766194284861068e-10,0.0675119008486493,0.109465327361752,True,4FGL J1858.5-4446,351.935607910156,-19.9244861602783,,2.37260433522124e-10,
1FDL J0507.3-3346,236.668607906167,-35.3203755206384,76.8291419937533,-33.775072292513,3.765815511699823e-10,0.0748259089151751,0.121324436310101,True,4FGL J0507.4-3346,236.682144165039,-35.2972068786621,bcu,2.3005741756065842e-10,1RXS J050727.6-334628
1FDL J2101.5+3843,81.6113700488281,-5.05225137562191,315.390265520569,38.7301030522906,3.762246094186338e-10,0.131929130716879,0.213912901715996,False,,,,,,
1FDL J2029.6-1840,25.9628788663694,-29.7658981160124,307.422180616013,-18.6698269841239,3.7589680987440314e-10,0.0851493757771488,0.138063146746612,True,4FGL J2029.1-1839,25.9157733917236,-29.6395206451416,bcu,2.14043574531253e-10,NVSS J202900-183709
1FDL J0009.9-4321,327.608348620802,-71.7291323032898,2.48885520618692,-43.3564604323025,3.758239043282768e-10,0.0681501934424262,0.110500285485965,True,4FGL J0009.8-4317,327.775054931641,-71.7661666870117,bll,2.0692375590769527e-10,SUMSS J000949-431654
1FDL J1338.9-1318,320.345827052958,47.9529167317951,204.745361938822,-13.304816332801,3.757672097906354e-10,0.0706222202266267,0.114508478413099,False,,,,,,
1FDL J1645.3+2623,46.3300713887028,38.2859852617937,251.327996718964,26.3845301538328,3.756430516396195e-10,0.111686991128588,0.181091848096271,True,4FGL J1644.9+2620,46.2549896240234,38.3595123291016,NLSY1,2.283354338938892e-10,MG2 J164443+2618
1FDL J1949.0+3409,69.4515364438136,4.17631301926359,297.261163559978,34.1548263596242,3.7554501369284477e-10,0.115549444503668,0.187354527386966,True,4FGL J1948.9+3414,69.5104293823242,4.2439341545105,,6.138701214020158e-10,
1FDL J1947.6-1119,28.9563834918729,-17.5499717567192,296.92024397924,-11.3222899166499,3.752294873401719e-10,0.0785597976923002,0.127378649262489,True,4FGL J1947.6-1121,28.9138126373291,-17.5644969940186,,4.922238727722571e-10,
1FDL J2355.0-6607,311.761239982794,-50.0252172081113,358.758139869378,-66.1249786042888,3.7481548078703566e-10,0.084305585578881,0.136695009320085,True,4FGL J2355.5-6614,311.625579833984,-49.9400329589844,,3.6310654483173716e-10,
1FDL J0809.2-4713,262.684029621964,-7.65928459302578,122.324068412969,-47.2230222018355,3.7479842741491e-10,0.0917092740970095,0.148699529402271,True,4FGL J0809.5-4714,262.722778320313,-7.64003133773804,unk,3.4943331561620994e-10,Gamma02 Velorum
1FDL J2230.7-4416,352.263741373037,-57.0582967553731,337.687759652665,-44.2715722516184,3.7468445900982883e-10,0.0771854842267405,0.125150298162589,True,4FGL J2231.0-4416,352.219757080078,-57.1031799316406,fsrq,4.4740000593179724e-10,PKS 2227-445
1FDL J0725.5-0540,221.904582942016,4.94852992550037,111.390841161399,-5.67896288975057,3.7444138244710036e-10,0.165271725151137,0.267975327298582,True,4FGL J0725.7-0549,222.056365966797,4.9341311454773,,3.8620717734971777e-10,
1FDL J2249.4-5945,327.043313297388,-51.2750949986836,342.366033988458,-59.76010806436,3.743499332281005e-10,0.0745127256348088,0.120816636408225,True,4FGL J2249.7-5944,327.026245117188,-51.3090324401856,bcu,1.876416660939739e-10,SUMSS J224938-594421
1FDL J1013.3-4012,272.977601756646,13.29821871809,153.346449546958,-40.2065637985681,3.743185587411722e-10,0.0720481740884198,0.116820552831159,True,4FGL J1013.4-4006,272.932861328125,13.3884010314941,bll,2.7793384260732523e-10,NVSS J101319-400549
1FDL J0426.6+4612,156.902108069522,-1.99021526303118,66.6504154279945,46.2042380409148,3.740613871136762e-10,0.158330084614794,0.256719999615417,False,,,,,,
1FDL J0826.3-3216,252.095778448447,3.39783357976226,126.588071386863,-32.2794879894584,3.7402914112561176e-10,0.105404732266368,0.170905630625312,True,4FGL J0825.9-3218,252.065643310547,3.30679273605347,bcu,7.562303561137185e-10,PKS 0823-321
1FDL J0834.7+4403,176.572177330966,36.5614733166096,128.682634656587,44.0612199973897,3.739565978156272e-10,0.0718938076501083,0.116570264693716,True,4FGL J0834.6+4402,176.585067749023,36.5491638183594,bll,2.718092695364049e-10,B3 0831+442
1FDL J1553.8+7108,105.574750057434,39.2602082020532,238.454437591258,71.135704632558,3.7367282900452267e-10,0.0815003203623383,0.132146471217025,True,4FGL J1555.2+7103,105.408805847168,39.2044563293457,,1.4248061064314754e-10,
1FDL J1831.6+3822,66.6680336039336,20.0818352166676,277.902253986624,38.3737594565292,3.736245113072895e-10,0.0638066480704791,0.103457557649274,True,4FGL J1831.9+3820,66.6644287109375,20.0101699829102,bll,1.2274248284427358e-10,1RXS J183202.2+382132
1FDL J1656.2+2050,40.681605237864,34.2501981027563,254.070360537631,20.8443645623047,3.735350505873128e-10,0.0673649121278542,0.109226999572868,True,4FGL J1656.0+2047,40.5881500244141,34.2882347106934,bcu,3.120294300718029e-10,MG2 J165546+2043
1FDL J1229.8-5301,299.638571191817,9.70096452642357,187.456259691391,-53.0325234430679,3.733016590082104e-10,0.0837517457770033,0.13579698769403,True,4FGL J1229.7-5304,299.634490966797,9.6626091003418,bll,4.1869291367291334e-10,AT20G J122939-530332
1FDL J1110.4-3413,280.186650275988,24.1482101909242,167.602732071992,-34.2224972897961,3.728522772911646e-10,0.0746889560428743,0.121102374646502,False,,,,,,
1FDL J1052.0+0105,250.180935927663,51.3072547315975,163.010639985508,1.09668674767652,3.7249084223912047e-10,0.0789275807305957,0.127974985690826,True,4FGL J1051.9+0103,250.192291259766,51.2690658569336,bll,2.311203728400102e-10,NVSS J105151+010312
1FDL J0712.8-6436,275.499195994991,-22.1043886072677,108.221732048522,-64.6135804129412,3.7230891877389285e-10,0.114428079784696,0.185536316883088,True,4FGL J0712.0-6431,275.379486083984,-22.1666107177734,,3.604206100238372e-10,
1FDL J0017.6+1453,110.869080726204,-47.1939502571671,4.40987617160055,14.8846312326044,3.7218501201692657e-10,0.0891323093783673,0.14452116213322,True,4FGL J0017.8+1455,110.965263366699,-47.1678314208984,bll,2.359501205528858e-10,GB6 J0017+1450
1FDL J1957.9-0706,34.0887681149842,-18.0001488228319,299.476898923258,-7.11256208552317,3.7202729115651283e-10,0.0956601432843678,0.155105544967173,True,4FGL J1958.1-0711,34.0395431518555,-18.0861892700195,bcu,2.1959445373198602e-10,NVSS J195801-071348
1FDL J0921.8+2335,204.986886838492,42.8566769443941,140.460775816909,23.5984038923042,3.718197718083146e-10,0.0754331219053569,0.122308986574549,True,4FGL J0921.7+2336,204.976852416992,42.8446884155273,bll,3.6301639472213765e-10,NVSS J092145+233548
1FDL J0651.6+1822,196.483735959424,8.30987433237782,102.912101611289,18.3761851278179,3.715180512253734e-10,0.0745183024020781,0.120825665859289,False,,,,,,
1FDL J1109.4-4851,286.179499717418,10.6606387411089,167.354403285343,-48.8643244396694,3.713828459931756e-10,0.0987727790075379,0.160152439490765,True,4FGL J1109.1-4853,286.145294189453,10.6112146377563,,2.7780000522170667e-10,
1FDL J2149.8+1919,74.527556085186,-26.0305826878879,327.455554191585,19.3168760556249,3.712592474390746e-10,0.0790017840055701,0.128095310351448,True,4FGL J2149.7+1917,74.4946975708008,-26.0449123382568,bcu,3.6634065225804586e-10,TXS 2147+191
1FDL J1943.5-5830,338.756735062637,-29.5820569219034,295.893800770334,-58.5015790286607,3.7105304506626916e-10,0.0940064089946986,0.152424151123344,True,4FGL J1942.5-5827,338.798126220703,-29.4473934173584,bcu,2.0356125118858867e-10,SUMSS J194224-582824
1FDL J1532.9-3903,334.141209619838,13.8403975595504,233.240025911894,-39.0508012759511,3.7099795865529107e-10,0.117661834371449,0.190779573717236,True,4FGL J1532.3-3857,334.090301513672,13.9874534606934,,1.8577657467933048e-10,
1FDL J0940.2-6100,281.758800970268,-6.26310313364551,145.06137375123,-61.0094609959839,3.7084873335117087e-10,0.11966290749746,0.194024176169844,True,4FGL J0940.7-6105,281.852325439453,-6.28238391876221,bcu,3.5939079490177045e-10,MRC 0939-608
1FDL J0600.2+3132,179.361321212843,4.05045863365065,90.0711532246644,31.5411406928634,3.706818142947836e-10,0.127756789943308,0.207147779502604,False,,,,,,
1FDL J1943.9-4531,353.435693490516,-27.8379967372355,295.987746583892,-45.5187796739216,3.7049101490881994e-10,0.122999918508838,0.199434893404429,True,4FGL J1944.4-4523,353.593444824219,-27.8905639648438,bcu,2.221744455077612e-10,SUMSS J194422-452333
1FDL J0848.0-0704,233.778628848221,21.959787590196,132.004700956248,-7.07810117539265,3.703841214582761e-10,0.0837983947314097,0.135872638452254,True,4FGL J0847.9-0702,233.741302490234,21.9702262878418,bll,4.237636075377082e-10,TXS 0845-068
1FDL J1434.0+4203,75.0901475277025,64.300948527313,218.516026179039,42.060417023138,3.702479989477483e-10,0.080024471078236,0.129753512084538,True,4FGL J1434.2+4204,75.0750732421875,64.2697601318359,fsrq,2.7483057496446856e-10,B3 1432+422
1FDL J0422.2+1953,175.985103498852,-20.6167145186623,65.5559309126391,19.8847877681247,3.702355863550831e-10,0.0785060903646726,0.127291560478662,True,4FGL J0422.3+1951,176.023956298828,-20.6097888946533,bll,4.852057089443916e-10,MS 0419.3+1943
1FDL J0304.9-2837,223.744178846256,-60.5606475871503,46.2286355369159,-28.6308049488979,3.698306322836567e-10,0.0669012816041409,0.108475274787891,True,4FGL J0304.4-2833,223.592529296875,-60.6658973693848,bll,1.4659910785308483e-10,RBS 0385
1FDL J1855.1-6007,335.889117102481,-23.7410431279126,283.78963328453,-60.1295514327244,3.6959158969694296e-10,0.0786384779590144,0.127506225495016,True,4FGL J1854.6-6007,335.876861572266,-23.6830615997314,bll,1.8794503453545275e-10,PMN J1854-6009
1FDL J1250.9+3111,124.550042626927,85.934996098917,192.72540628342,31.1915712740038,3.695402599714253e-10,0.08357358684012,0.135508116340571,True,4FGL J1250.8+3117,124.554382324219,85.8407135009766,bcu,2.1590253196368536e-10,NVSS J125051+311706
1FDL J0912.4-2759,254.967384933188,13.8568884248004,138.106985519311,-27.9938738615238,3.692076746118822e-10,0.0878630655156344,0.142463177877948,True,4FGL J0912.2-2751,254.83642578125,13.9200735092163,bcu,3.3635333407389107e-10,PMN J0912-2752
1FDL J0003.8-1152,84.3825616087364,-71.0962321407314,0.952650465499443,-11.8815421420067,3.6906712352934133e-10,0.0642470407439928,0.104171619798163,True,4FGL J0003.9-1149,84.5954208374023,-71.0751037597656,bll,3.505176981999369e-10,PMN J0004-1148
1FDL J0536.5-2545,229.566113282535,-27.0965296068193,84.1318328937526,-25.7535701803101,3.68943412156682e-10,0.0674842825710064,0.109420554014551,True,4FGL J0536.5-2548,229.615097045898,-27.1162300109863,bcu,1.6829761195769066e-10,GALEXASC J053626.90-254747.9
1FDL J0823.1+4046,180.300228545307,34.071176908737,125.776299044322,40.7670841313856,3.687367300064601e-10,0.0724129450563051,0.117412011221592,True,4FGL J0823.1+4042,180.374252319336,34.0801734924316,fsrq,2.720489389318459e-10,B3 0819+408
1FDL J1818.2+1320,41.2793290834175,13.2977802726338,274.570152219303,13.3336587174963,3.68293725513065e-10,0.0790163136964844,0.12811885853673,True,4FGL J1818.6+1316,41.2581596374512,13.1993131637573,,6.850650602352458e-10,
1FDL J0402.6-3145,231.209091365416,-48.4317785357482,60.6748650420965,-31.7589114690291,3.6819848736437104e-10,0.0666400223917895,0.108051658058414,True,4FGL J0402.1-3147,231.241836547852,-48.5424156188965,fsrq,2.8498364779139246e-10,PKS 0400-319
1FDL J1010.8-0159,243.401178269488,41.6082391133066,152.706323006072,-1.98530651840327,3.679358283312211e-10,0.0672878199357688,0.109102012958923,True,4FGL J1010.8-0158,243.395309448242,41.6086120605469,fsrq,2.8797933482316296e-10,PKS 1008-01
1FDL J2355.7-5253,321.08699875767,-62.2326469070087,358.938079320065,-52.8886057195128,3.6767863948610206e-10,0.0970618913838178,0.15737837863226,True,4FGL J2355.2-5247,321.333679199219,-62.2803840637207,,3.1373070807916287e-10,
1FDL J0800.6+5610,161.601976344063,31.7444565681215,120.15908737391,56.1833195924589,3.675985249169979e-10,0.0828185058738072,0.134283806656275,True,4FGL J0800.3+5611,161.593475341797,31.7014217376709,bcu,1.6750056897052443e-10,1RXS J080017.3+561116
1FDL J1059.1+8617,124.951692514037,30.3832401129796,164.793991203966,86.294788084739,3.675633152449881e-10,0.127641317499957,0.206960547103507,True,4FGL J1053.9+8628,124.932502746582,30.188138961792,bcu,1.3415134281213878e-10,WN B1046.1+8645
1FDL J2137.3+7020,107.918190239712,13.3636127450765,324.334875137127,70.3429685087605,3.6751006702395414e-10,0.115707759606093,0.187611207104965,False,,,,,,
1FDL J1519.3+6729,104.285875555426,43.9056986640587,229.840591235985,67.4846020324729,3.672219563930614e-10,0.0803491377139726,0.130279929814147,True,4FGL J1519.7+6727,104.222221374512,43.8943061828613,,1.3546125332553058e-10,
1FDL J1201.1-0334,279.425592522375,56.9836223460239,180.28263983989,-3.57439381223067,3.670034949251569e-10,0.0835444466294137,0.13546087819587,True,4FGL J1201.1-0332,279.418975830078,57.0162696838379,bcu,1.6071892428026755e-10,NVSS J120111-033219
1FDL J0411.6+2828,167.609906080833,-16.5490922476448,62.9215329544735,28.4732058680952,3.668053657098609e-10,0.135197534062538,0.219212382458688,False,,,,,,
1FDL J0818.4+2814,194.525340174572,30.4278921792455,124.620219129129,28.24545422458,3.66725441420922e-10,0.0954943676892146,0.154836753364419,True,4FGL J0818.4+2816,194.490142822266,30.4253025054932,bll,2.3636023693818226e-10,GB6 J0818+2813
1FDL J0946.8+2223,208.906351653792,48.0442789967676,146.7001116839,22.3874724955132,3.6636468157945695e-10,0.0705151544457059,0.114334876676563,True,4FGL J0947.6+2215,209.16877746582,48.1897735595703,bll,1.7706648647308754e-10,TXS 0944+225
1FDL J0745.5-2014,237.026382504547,2.14616350919073,116.379811408937,-20.2428336960453,3.658815919235047e-10,0.18065070446571,0.292911199953417,False,,,,,,
1FDL J0201.6+4158,136.66077940802,-19.0179800954902,30.4249908482016,41.9730427914294,3.6577296267008507e-10,0.101359801753496,0.164347108846988,True,4FGL J0202.7+4204,136.827621459961,-18.8682327270508,bll,2.130621234996965e-10,B3 0159+418
1FDL J0551.6-0903,214.361922867515,-17.3700655787649,87.9049560207475,-9.05182111775177,3.65423640571784e-10,0.0925547776732633,0.150070432800171,False,,,,,,
1FDL J0600.5-7236,283.34433087367,-29.5818871048528,90.1490457554182,-72.6101086754863,3.651708311592669e-10,0.072219100626139,0.11709770157754,True,4FGL J0601.3-7238,283.3720703125,-29.5274314880371,bll,1.7265100460406302e-10,PMN J0601-7238
1FDL J0618.6-1133,219.675889232893,-12.4681928313385,94.6518625156061,-11.565891040291,3.6516033766537456e-10,0.104865314903698,0.170031019249389,True,4FGL J0618.9-1138,219.782348632813,-12.4133043289185,bcu,2.866061832307309e-10,TXS 0616-116
1FDL J1808.7-3701,355.368768612461,-8.2142147188872,272.178285106124,-37.0240732882059,3.6511224634314286e-10,0.115691791551465,0.187585326902012,True,4FGL J1808.5-3701,355.343475341797,-8.18095302581787,,6.629324866835873e-10,
1FDL J1857.5+7318,104.380613866825,25.4640546348724,284.385028269808,73.3007092279676,3.6487537975389147e-10,0.0772509345038738,0.125256430207952,True,4FGL J1858.1+7318,104.402473449707,25.4205570220947,bcu,2.529370046744361e-10,GALEXASC J185820.26+731714.3
1FDL J2335.2+6019,113.633714939126,-1.16065357783962,353.813576826362,60.3284897631528,3.642537906481116e-10,0.169163166576337,0.274285032435328,False,,,,,,
1FDL J2110.3+0809,58.1674293422834,-25.9115549491956,317.577958985101,8.16563102509798,3.6408024940322054e-10,0.104011112527683,0.168645996809955,True,4FGL J2110.3+0808,58.1518516540527,-25.9191856384277,fsrq,4.740842718398142e-10,PMN J2110+0810
1FDL J0622.6-4141,249.486930339876,-22.7407899302945,95.6612412849715,-41.6924511191548,3.6360974993372667e-10,0.0846503182268882,0.137253969609762,True,4FGL J0622.7-4141,249.495529174805,-22.718807220459,bcu,3.3414992994806875e-10,SUMSS J062242-414357
1FDL J0427.1+8520,127.061555118281,24.3258914636612,66.7814673453155,85.3429827699695,3.6352355767464903e-10,0.0796808552265802,0.129196373976759,False,,,,,,
1FDL J1036.2+2200,214.906641414974,58.937364245068,159.065601275655,22.0103279264527,3.6343129366287793e-10,0.11632166471015,0.188606620221937,True,4FGL J1036.2+2202,214.844787597656,58.9343605041504,fsrq,3.336403375797658e-10,OL 256
1FDL J2209.7-0454,55.5878663015033,-45.5597856674377,332.429916318051,-4.90669348815867,3.628721183314552e-10,0.0720631340750325,0.116844809974384,True,4FGL J2209.7-0451,55.6498336791992,-45.539966583252,bll,2.9370234022607633e-10,NVSS J220941-045111
1FDL J2358.0-5313,320.092358050751,-62.0860974135456,359.519097894072,-53.2281774246219,3.627331104535926e-10,0.0874402786037525,0.141777668850563,True,4FGL J2357.8-5311,320.19091796875,-62.1039047241211,fsrq,3.905421541716692e-10,PKS 2355-534
1FDL J0021.9-5921,309.894523015202,-57.3618703118044,5.48777689906519,-59.365994939096,3.624161979996781e-10,0.0799894716292842,0.12969675399865,True,4FGL J0022.0-5921,309.86962890625,-57.3811340332031,,2.34718050551308e-10,
1FDL J1910.8-3223,5.10801297131753,-17.9280057705728,287.713623604899,-32.3844964023767,3.6236673256338125e-10,0.140425142041631,0.22768853468373,True,4FGL J1911.1-3221,5.15355062484741,-17.9757518768311,,1.9373887216733718e-10,
1FDL J0014.5+3214,113.932558701844,-29.990050688545,3.64270056900449,32.236643424349,3.620692146494659e-10,0.104149899577211,0.168871028531329,True,4FGL J0014.9+3212,114.009727478027,-30.0218772888184,bcu,3.5089672834054397e-10,3C 6
1FDL J1232.6-5921,300.535051559377,3.42451679135571,188.160965199791,-59.3597376713206,3.62031933720654e-10,0.126880575874209,0.205727082338327,False,,,,,,
1FDL J1856.5+1737,49.2687475498074,6.83724840015849,284.145888156885,17.6284558630454,3.612620316795823e-10,0.102642832352508,0.166427429023401,True,4FGL J1856.5+1735,49.2399063110352,6.83071756362915,,4.2705836089673705e-10,
1FDL J0925.5+5959,154.825194218797,42.226042132645,141.38100253228,59.9960092072811,3.61026798369542e-10,0.0697937542613452,0.113165189184686,True,4FGL J0925.7+5959,154.821792602539,42.2535362243652,bll,1.6304513295040124e-10,NVSS J092542+595812
1FDL J2355.3-3346,0.688247055176087,-76.2231097780102,358.836284506583,-33.7755939374824,3.6081331847107055e-10,0.0714946462471584,0.115923050582778,True,4FGL J2355.7-3351,0.223831236362457,-76.2574844360352,bcu,2.6332372393689235e-10,NVSS J235538-335225
1FDL J0936.9-4547,271.265556705808,4.777781085899,144.238487068616,-45.7970322159213,3.606120543529513e-10,0.137479560718823,0.222912524899696,False,,,,,,
1FDL J1507.2-3711,330.869268922815,18.2082031977772,226.820902170913,-37.1868996711226,3.60351786928806e-10,0.0779368253371338,0.126368560665471,True,4FGL J1507.3-3710,330.881500244141,18.2090377807617,bcu,2.9951816027384837e-10,NVSS J150720-370903
1FDL J2040.4-1705,28.7540640150195,-31.5782613171431,310.117377282482,-17.0987222100294,3.598460335648076e-10,0.0796428780015464,0.129134776304174,True,4FGL J2040.5-1705,28.7713718414307,-31.5919456481934,bcu,4.1131900663238236e-10,TXS 2037-172
1FDL J0931.4-3024,259.71399623077,15.2223882983754,142.853756263543,-30.4044371963113,3.5980725829200357e-10,0.0851506984398821,0.138065292709465,True,4FGL J0930.9-3030,259.711669921875,15.0747060775757,,1.8827338299498564e-10,
1FDL J0257.5+3640,149.376023947181,-19.635818541401,44.3908372193218,36.6767078482126,3.595824440903557e-10,0.109603258222569,0.177713219973324,False,,,,,,
1FDL J0808.8+7736,136.540914282508,30.5760843661709,122.214885405687,77.6012901892386,3.5942576023132545e-10,0.0881877504382557,0.142989618847987,True,4FGL J0805.1+7744,136.42805480957,30.3524837493897,bcu,1.541302085961149e-10,WN B0759.6+7754
1FDL J1810.5+1327,40.5773937988278,15.0634902293067,272.629545090034,13.4645261580143,3.5939477590850106e-10,0.0970294317534912,0.15732574114868,True,4FGL J1810.3+1332,40.6429710388184,15.1270112991333,,2.5300556094620674e-10,
1FDL J1557.7-1401,356.514625524223,28.8745932577992,239.440521820982,-14.0326456794548,3.5939305463555187e-10,0.130571390494725,0.211711433157517,True,4FGL J1557.9-1404,356.519714355469,28.8085422515869,fsrq,3.989801822257277e-10,PKS 1555-140
1FDL J0630.3+3221,181.607734225231,10.069993572768,97.5753575975065,32.3634704889293,3.593147454366509e-10,0.0854122918961222,0.138489448895173,True,4FGL J0630.2+3228,181.505432128906,10.1020822525024,bcu,1.2449950792525755e-10,NVSS J063010+322608
1FDL J1457.9-4636,324.458483562414,10.9155334957758,224.486397821801,-46.6008094936738,3.5924161489426517e-10,0.109610371648123,0.177724749401813,True,4FGL J1457.8-4642,324.400634765625,10.8308629989624,bcu,1.7203143076738314e-10,PMN J1457-4642
1FDL J0733.6+5903,157.994965065598,28.3522770955504,113.412694691161,59.0517097688221,3.5921150664433453e-10,0.0806818802329939,0.130819442542779,True,4FGL J0733.1+5910,157.851989746094,28.2955684661865,bcu,1.9572736487116768e-10,GB6 J0733+5909
1FDL J0659.0-3425,244.945938598017,-13.5005502263773,104.754385472406,-34.4176298916697,3.591383971139139e-10,0.112579763894875,0.182539411801557,False,,,,,,
1FDL J1508.4+2701,40.7403124753753,59.601225944569,227.109603120343,27.03159106534,3.588314995385346e-10,0.0762779417034767,0.123678801102345,True,4FGL J1508.8+2708,40.9770202636719,59.5329132080078,bll,2.4596125136611136e-10,RBS 1467
1FDL J1226.7+0639,285.812202757567,68.7066216970124,186.68107325777,6.6602666939204,3.5882032894677536e-10,0.0787458129915081,0.127680260495189,True,4FGL J1226.7+0637,285.847778320313,68.6767044067383,bll,1.7983392552878286e-10,1RXS J122645.2+063906
1FDL J0340.2-2423,218.533783094814,-52.0624086643854,55.0697784016774,-24.3957911925866,3.587885376273855e-10,0.0732150999886934,0.118712640391386,True,4FGL J0340.4-2422,218.516387939453,-52.0087890625,fsrq,1.5371717787537875e-10,NVSS J034022-242411
1FDL J2207.3+8025,116.270747253974,19.7494914790068,331.845882366552,80.4234950132709,3.5866140051429185e-10,0.136186960167715,0.220816672575792,False,,,,,,
1FDL J2116.3-5309,344.227085385582,-42.8632821909955,319.080632076756,-53.1589034111159,3.582459422771887e-10,0.0757802594437639,0.122871847473586,True,4FGL J2117.1-5307,344.238800048828,-42.9852104187012,,2.699682144502446e-10,
1FDL J2115.6+1221,62.75833878255,-24.4567812004151,318.914464399509,12.3661690213912,3.5819533049387573e-10,0.0624841462660694,0.101313222537651,True,4FGL J2115.2+1218,62.6391181945801,-24.4202518463135,bll,3.5307751167223955e-10,NVSS J211522+121802
1FDL J0210.0+2517,144.517624601767,-34.2571144102166,32.5126141360106,25.2980903515684,3.5812585816662117e-10,0.075879527279961,0.123032804729672,True,4FGL J0210.1+2518,144.533309936523,-34.244873046875,bcu,1.860412796039768e-10,GB6 J0210+2517
1FDL J2147.8+8733,120.99040989072,25.4155606742302,326.956881996057,87.5579065750362,3.5798181036567927e-10,0.150541840450489,0.244091978037326,False,,,,,,
1FDL J1256.1-7135,303.310586437463,-8.71946770501539,194.044553397777,-71.5877300021405,3.579783813624092e-10,0.120398625774123,0.19521708664454,True,4FGL J1254.9-7141,303.207580566406,-8.82320785522461,bcu,3.7830577559461176e-10,PKS 1251-71
1FDL J2142.7-0433,50.9818991256787,-39.7533616749542,325.696131417576,-4.56495545540631,3.575380276171603e-10,0.0733023711899747,0.118854142905903,True,4FGL J2142.7-0437,50.9146842956543,-39.7822914123535,fsrq,1.9996794498045034e-10,PKS 2140-048
1FDL J1917.1+4201,73.582962075755,13.3648998252514,289.296835204358,42.0271475549967,3.5707854790152e-10,0.0786261496900856,0.127486225688109,False,,,,,,
1FDL J1514.8-0950,351.100146318684,39.2575596962554,228.702994246577,-9.84943715222515,7.122896601218042e-10,0.0844078656993425,0.13686085149353,True,4FGL J1514.8-0949,351.140289306641,39.273120880127,bcu,1.1800084243063223e-09,PMN J1514-0948
1FDL J2237.7-6730,320.230748676187,-44.8754938096426,339.448222689837,-67.500481647142,3.5695970990806583e-10,0.0754588260984967,0.122350677653179,True,4FGL J2237.2-6726,320.34912109375,-44.8831939697266,,1.5698063682290098e-10,
1FDL J0025.4-4828,314.527325194907,-68.0587128185459,6.35394790546157,-48.4794837173722,3.566743184131324e-10,0.196795241480857,0.319088323567757,True,4FGL J0025.4-4838,314.390563964844,-67.9078216552734,,1.8247994781894758e-10,
1FDL J0723.7+7029,144.95494340881,28.1332653318095,110.928627089595,70.4892851356492,3.5606670035244933e-10,0.0955846885548833,0.154983191901243,False,,,,,,
1FDL J0138.3-4615,280.127407000563,-68.7327544467299,24.5922178826372,-46.2622914707468,3.560432527316532e-10,0.0779077545549334,0.126321431554369,True,4FGL J0138.5-4613,279.981597900391,-68.7541732788086,bcu,3.00928310048576e-10,PMN J0138-4614
1FDL J0652.9+0457,208.683913385075,2.59677063024694,103.237940218224,4.96322326894429,3.555835651969213e-10,0.134916123369404,0.218756080182598,False,,,,,,
1FDL J2031.2-2610,17.8012705320241,-32.5639717488003,307.821406149064,-26.1813791067014,3.550347639798831e-10,0.0743701193960413,0.120585417373615,True,4FGL J2031.1-2615,17.7045593261719,-32.5597648620606,bcu,2.6778662620685623e-10,TXS 2028-264
1FDL J0920.7-2258,252.359976513248,18.5858067497121,140.180103244957,-22.9810895917198,3.5497015483681746e-10,0.0631373599771553,0.102372353355279,True,4FGL J0920.9-2256,252.368927001953,18.6465644836426,bll,1.7833069743122818e-10,NVSS J092057-225721
1FDL J0435.3-7151,284.324847711616,-36.0367478535687,68.8449307186991,-71.8636675750471,3.5479508917385207e-10,0.0862292483427425,0.139814061684746,False,,,,,,
1FDL J0000.1+3139,110.34947472865,-29.9518568280313,0.0468867954746757,31.664620094268,3.545980312156947e-10,0.06779707991214,0.109927746023774,False,,,,,,
1FDL J1940.3-2509,14.7227343459801,-21.3761685329284,295.087479753694,-25.1620192595202,3.545080325450848e-10,0.114075313371677,0.184964327829171,True,4FGL J1940.2-2511,14.6870422363281,-21.3580799102783,,5.280179626865332e-10,
1FDL J1519.8-2939,337.652415973424,23.0220355831428,229.964533910877,-29.6649118270881,3.544808676240813e-10,0.152383443254121,0.247078016826644,False,,,,,,
1FDL J1803.3+1410,40.4907571592416,16.9375060883364,270.840454513768,14.1721145386912,3.54155050888816e-10,0.0902630306445085,0.146354551072904,True,4FGL J1803.2+1402,40.3448829650879,16.9157028198242,psr,4.674092224377091e-10,PSR J1803+1358
1FDL J1243.9-0216,299.124614275423,60.548821408573,190.987070746223,-2.26754768518415,3.540024274001389e-10,0.0754495534649586,0.122335636091983,True,4FGL J1243.9-0218,299.124267578125,60.5080909729004,bcu,3.4504402113277877e-10,PMN J1243-0218
1FDL J1129.2+3713,177.565049511778,69.9622833257358,172.318391871747,37.2206845414095,3.539575007975496e-10,0.0811855488602385,0.13163609640563,True,4FGL J1129.1+3703,178.003295898438,70.0097045898438,bll,3.5620481564357926e-10,CRATES J112916+370317
1FDL J0039.2-8418,303.289664543036,-32.80843076544,9.82469333762243,-84.3113874203501,3.5386935950632344e-10,0.115061262818635,0.186562960501879,True,4FGL J0044.2-8424,303.139251708984,-32.7237701416016,fsrq,2.0397906974611854e-10,PKS 0044-84
1FDL J0919.0+6607,147.652612408609,39.2878471216203,139.754717340763,66.126122324776,3.5379394832997285e-10,0.0893404208055466,0.144858592383323,True,4FGL J0919.3+6607,147.633331298828,39.3199310302734,,1.465733506789135e-10,
1FDL J2049.6-2457,20.6546029019243,-36.1827895243691,312.41128062,-24.9575801218891,3.53769379620432e-10,0.088424152638857,0.143372958048342,True,4FGL J2049.9-2453,20.7630405426025,-36.224308013916,bcu,1.523649678647487e-10,CRATES J205011.52-244811.6
1FDL J2220.7+2815,86.8801887216058,-23.8651963102162,335.193972709387,28.2641421903444,3.5350854824330966e-10,0.102916271969571,0.1668708010927,True,4FGL J2220.5+2813,86.8190841674805,-23.8635730743408,bll,2.4657564878793887e-10,RX J2220.4+2814
1FDL J0025.6-6828,306.493827759872,-48.4795187954997,6.41618848495421,-68.4700990408717,3.5340316936753263e-10,0.085298944150587,0.138305660803813,True,4FGL J0023.7-6820,306.789306640625,-48.5821685791016,fsrq,2.347022298732071e-10,PKS 0021-686
1FDL J1214.6+6421,129.42759570054,52.3112246056211,183.665242858095,64.3507206074009,3.5320984488436035e-10,0.0909425746468384,0.147456373956356,True,4FGL J1213.7+6423,129.566680908203,52.2439346313477,bll,1.6953417836251816e-10,NVSS J121348+642524
1FDL J0832.3+4912,170.149798544295,36.3810011510338,128.099330274664,49.2125010510899,3.5316840176579966e-10,0.0760826375581463,0.123362125412902,True,4FGL J0832.4+4912,170.149627685547,36.386531829834,bll,3.060217634853757e-10,OJ 448
1FDL J0924.2+2814,198.926240630626,44.4889649066511,141.072860913907,28.2421556410435,3.5307792042931136e-10,0.0801466769734899,0.129951655523528,True,4FGL J0924.0+2816,198.863845825195,44.4368782043457,fsrq,3.688590266559544e-10,B2 0920+28
1FDL J0346.4+3247,160.388509505468,-17.0586720971264,56.6199443122979,32.7953638776827,3.5289364699642e-10,0.178858392194049,0.290005080181525,True,4FGL J0346.2+3235c,160.496139526367,-17.2466773986816,,3.4982097774083343e-10,
1FDL J1211.1-3803,294.246332972767,24.1394839742873,182.780714044963,-38.0513943328081,3.5260475125088565e-10,0.0733144087048649,0.118873658972306,True,4FGL J1211.0-3800,294.223785400391,24.1722469329834,bcu,2.9237257059833155e-10,PMN J1211-3754
1FDL J1637.5-6314,325.406074294487,-10.7282418810836,249.389014268053,-63.2402884579964,3.5226210016009613e-10,0.11125581670523,0.180392723850023,True,4FGL J1637.3-6325,325.251892089844,-10.8355340957642,,1.8628597275860412e-10,
1FDL J1322.2+0844,326.008673185637,70.2183734393968,200.572631771715,8.7413348394272,3.519273667737362e-10,0.0811049920945889,0.1315054873153,True,4FGL J1322.2+0842,325.910339355469,70.1905899047852,fsrq,2.8776744875891325e-10,NVSS J132210+084231
1FDL J0152.2+2205,141.043612665286,-38.6366938705352,28.0518813834384,22.0883613728182,3.515651680274083e-10,0.089107544214472,0.144481013218574,True,4FGL J0152.2+2206,141.057632446289,-38.6071357727051,fsrq,3.6987524154596935e-10,PKS 0149+21
1FDL J1203.6-1745,287.114410320913,43.6324364083921,180.903313377021,-17.7655842086264,3.5100491679157964e-10,0.0818947926738851,0.13278609614592,True,4FGL J1203.5-1748,287.099029541016,43.5916404724121,,2.9365707088224724e-10,
1FDL J0019.4+2021,112.82902563563,-41.8859027007103,4.85254637589387,20.3566997369667,3.5094608340222775e-10,0.0847389873939416,0.137397727499327,True,4FGL J0019.6+2022,112.900817871094,-41.8758354187012,bll,3.173218354746154e-10,PKS 0017+200
1FDL J1531.2+4712,76.5413871390931,52.9410724524784,232.822832995884,47.2072962242788,3.506487055482655e-10,0.0889748609386421,0.144265881135918,True,4FGL J1531.7+4710,76.4385757446289,52.8809852600098,bll,1.3458265057941787e-10,SDSS J153139.78+470705.9
1FDL J1640.3-6722,322.377273311243,-13.6203370418878,250.085657137777,-67.3686663121289,3.505588697550369e-10,0.0963853752120108,0.156281439778693,False,,,,,,
1FDL J0600.4+6411,149.608978581738,18.9627343718213,90.1027710808492,64.1929500082046,3.504472367872266e-10,0.0840180515147414,0.136228766459387,True,4FGL J0559.9+6409,149.625701904297,18.9065990447998,bcu,1.6909140754250984e-10,GB6 J0559+6409
1FDL J0456.4-1634,215.907623708031,-32.7102854133722,74.1078214596738,-16.5758386517914,3.5042457879662953e-10,0.0767189424277905,0.124393842517896,True,4FGL J0456.3-1634,215.895050048828,-32.7366371154785,bcu,1.9372185799948483e-10,NVSS J045618-163552
1FDL J0611.5+2915,182.553785230742,5.07252619787069,92.8932656585119,29.2502476194975,3.4983221511184414e-10,0.136126150216381,0.220718092918106,False,,,,,,
1FDL J1650.3+0427,22.2049147397894,28.8691733804489,252.582702109193,4.45990121188923,3.4965005428278304e-10,0.128291996496252,0.208015580481483,True,4FGL J1649.6+0411,22.0407676696777,28.8948211669922,bcu,2.7014382397716474e-10,PKS 1646+042
1FDL J0640.2-1254,223.24369718372,-8.29672177126252,100.057042791618,-12.9113184092429,3.4963665769202403e-10,0.085017442873589,0.137849223339077,True,4FGL J0640.0-1253,223.214309692383,-8.32129383087158,bll,3.9236608406767454e-10,TXS 0637-128
1FDL J0517.5+5030,158.947558082172,7.27114689288099,79.392375916843,50.5153846441344,3.4959898253231756e-10,0.0782130754452709,0.126816463347661,True,4FGL J0517.9+5030,158.985214233398,7.32696342468262,spp,1.5759094029732523e-10,SNR G159.6+07.3
1FDL J1427.6-3212,325.567629761289,26.4025851876209,216.902151726542,-32.2074062343894,3.493997903035665e-10,0.081589008172023,0.132290278840235,True,4FGL J1427.7-3215,325.584625244141,26.3452033996582,bll,3.8421038572877814e-10,NVSS J142750-321515
1FDL J0813.6-0401,226.301718945858,16.2339764891249,123.402126399351,-4.02064097824589,3.492408527687348e-10,0.0805765760905272,0.130648693027992,True,4FGL J0813.7-0356,226.251724243164,16.2927627563477,bcu,1.83959292243685e-10,NVSS J081338-035716
1FDL J1341.2-2048,318.332574147438,40.5612762474283,205.324359576292,-20.8147067826119,3.490987067853423e-10,0.082693780992519,0.134081593324775,True,4FGL J1341.8-2053,318.469818115234,40.4559211730957,fsrq,3.0967184372343576e-10,PKS B1339-206
1FDL J0357.0+4116,156.398863192827,-9.22753240508206,59.269016773344,41.277353198108,3.490652690805318e-10,0.122825725424147,0.199152431921426,False,,,,,,
1FDL J2012.4-1642,26.2797674474508,-25.2238163492119,303.109017645701,-16.713552163657,3.490368495496262e-10,0.109059615999363,0.176831742608672,True,4FGL J2012.2-1646,26.2040939331055,-25.2138328552246,bll,4.836437361710465e-10,PMN J2012-1646
1FDL J2204.5+0436,64.7030801295849,-38.7157067838051,331.138814869116,4.6135136758771,3.490034177696844e-10,0.086868309215997,0.140850256537807,True,4FGL J2204.3+0438,64.6827087402344,-38.6563148498535,bll,3.784467739187392e-10,4C +04.77
1FDL J1318.5-1742,312.043154008365,44.6893036931926,199.646101438555,-17.7016600484539,3.488555205745779e-10,0.0913146486928897,0.148059656000206,True,4FGL J1318.1-1740,311.903686523438,44.7282371520996,bcu,2.0059016947460148e-10,AT20G J131808-173536
1FDL J0008.4-2343,49.8957897379027,-79.7206836976822,2.11453306301153,-23.7237705661797,3.488196002110066e-10,0.0706114808991262,0.114491053454094,True,4FGL J0008.4-2339,50.2651405334473,-79.6908340454102,bll,1.6445478312476777e-10,RBS 0016
1FDL J1130.8-0946,272.282753254282,48.2482415274828,172.71067263254,-9.76900575205338,3.482920808694368e-10,0.064369900251753,0.104370834315368,True,4FGL J1131.1-0944,272.365509033203,48.3144874572754,bcu,2.0212574669553615e-10,1RXS J113104.6-094353
1FDL J1530.0+6734,103.463421492017,43.0710847768914,232.515112684708,67.5726822380726,3.4805987509495175e-10,0.0796188859760479,0.129095891257483,True,4FGL J1529.7+6733,103.47289276123,43.1064491271973,bcu,1.5971293731986688e-10,WN B1529+6741
1FDL J0423.4-0947,204.327806059617,-37.2616017109141,65.8523839906499,-9.79410130916071,3.4796278647347255e-10,0.0702967387007411,0.113980737862438,True,4FGL J0423.0-0943,204.1875,-37.3169670104981,,3.6420855220598014e-10,
1FDL J0757.3-6427,277.22049402913,-17.6111009666159,119.337318746351,-64.4552462795767,3.4772622038098534e-10,0.113689248394776,0.184338354354272,True,4FGL J0756.3-6431,277.2294921875,-17.7368412017822,bll,1.9815493690344963e-10,SUMSS J075625-643031
1FDL J1935.2+6539,97.3841920538082,20.231261705455,293.804200308599,65.6598687240571,3.475505659102339e-10,0.100066812840665,0.162250626735982,True,4FGL J1934.3+6541,97.3796234130859,20.3219833374023,fsrq,2.5146287829791447e-10,TXS 1933+655
1FDL J1450.6-1424,341.451564282544,39.3828552393452,222.661347422739,-14.4113769303116,3.472053432120507e-10,0.134989555806236,0.218875155593447,True,4FGL J1450.8-1424,341.506408691406,39.359920501709,,3.913486479323325e-10,
1FDL J0649.1-5139,261.185350697098,-21.2895505984975,102.29185095798,-51.6525238666494,3.470835573499071e-10,0.18971920669302,0.307615088020394,True,4FGL J0650.2-5144,261.33642578125,-21.1524887084961,,1.7483253733630022e-10,
1FDL J1912.6+1311,47.0697380726833,1.36588418490627,288.17109826896,13.19062390785,3.462305933375741e-10,0.117915840219624,0.191191447080769,True,4FGL J1912.5+1320,47.192554473877,1.47269713878632,,1.0699054975304991e-09,
1FDL J0437.3+5553,150.95711589738,5.8478123499624,69.3280987722885,55.8937568799082,3.4607309743026234e-10,0.187511046118734,0.304034707638523,False,,,,,,
1FDL J1223.2+1058,279.296895304457,72.5454033816855,185.823405297248,10.9778010682951,3.457144401723398e-10,0.0783718819481128,0.127073955508466,True,4FGL J1223.0+1100,279.110778808594,72.5548934936523,bcu,1.8332078910443528e-10,SDSS J122307.24+110038.2
1FDL J0721.8-0216,218.437850713208,5.71418342022124,110.459098943313,-2.26769170073754,3.448016695204371e-10,0.0766741494680492,0.124321202401063,True,4FGL J0721.3-0222,218.465682983398,5.54893064498901,bll,1.876165611758296e-10,1RXS J072114.5-022047
1FDL J0244.4+1316,160.669339224074,-41.1733531487077,41.1109607034545,13.2729966365238,3.446085115777583e-10,0.0777865356664164,0.126124860098347,True,4FGL J0244.7+1316,160.750961303711,-41.1234550476074,bcu,2.0118029464555318e-10,GB6 J0244+1320
1FDL J1250.5+0217,302.430388785382,65.1662008614869,192.648671925478,2.29527441917713,3.4391601507051996e-10,0.0794064242413094,0.128751396136831,True,4FGL J1250.6+0217,302.436767578125,65.1585464477539,bll,3.7062261593057134e-10,PKS 1247+025
1FDL J2213.2-7043,319.120667144954,-41.0708730137039,333.31553138536,-70.722894485723,3.4388472076884907e-10,0.076646342950545,0.124276138302553,True,4FGL J2211.4-7040,319.296203613281,-40.9846611022949,bll,1.7183110490037734e-10,PMN J2211-7039
1FDL J2121.6+6634,104.162265863899,11.6990306415378,320.420404189609,66.5796192476756,3.427025689667097e-10,0.150269452257365,0.243650310406608,False,,,,,,
1FDL J0003.9+5708,116.50167713524,-5.13215772456724,0.994194242083619,57.1458567862118,3.4230969536779915e-10,0.115858075479731,0.187854936137422,True,4FGL J0004.0+5715,116.526321411133,-5.02286624908447,,3.5766078987364835e-10,
1FDL J1055.3-0125,253.859139756382,50.0473958990753,163.825761786319,-1.42390615527899,3.422105230005843e-10,0.0744700962523405,0.120747517962844,True,4FGL J1055.5-0125,253.941192626953,50.0841598510742,bll,3.3762229123546206e-10,RX J1055.5-0126
1FDL J2123.4+0536,57.9873942525432,-30.057342356159,320.873809309629,5.6144748485349,3.420753342559993e-10,0.0742586619354533,0.120404693819331,True,4FGL J2123.6+0535,57.9978981018066,-30.1082401275635,fsrq,4.2626149832081234e-10,OX 036
1FDL J1824.5+2404,52.0578904045502,16.3267135264348,276.140854638301,24.0808674871432,3.419713162628299e-10,0.0798968598752331,0.129546590253464,True,4FGL J1824.7+2403,52.0595321655273,16.2817363739014,,2.395603437843618e-10,
1FDL J1808.6-3521,356.854534588351,-7.42132562573397,272.167878357214,-35.3521819371331,3.41851775603741e-10,0.107086049115774,0.173631763179977,True,4FGL J1808.4-3522,356.816528320313,-7.39608144760132,,4.4469106175171186e-10,
1FDL J1639.1-1856,359.452182033716,18.151700846502,249.779176908035,-18.9333522382354,3.4174946235319997e-10,0.108847125349269,0.176487205130209,False,,,,,,
1FDL J0652.7+4703,169.291049273007,19.7019625339153,103.176594170349,47.0527149588865,3.416725429612426e-10,0.0916827197868868,0.148656460472906,True,4FGL J0652.9+4707,169.231399536133,19.7637119293213,PSR,3.566168749191689e-10,PSR J0653+4706
1FDL J0048.0+2242,121.915204020415,-40.1547335232386,12.0170932869026,22.7103620934218,3.4155310674236616e-10,0.103808354305349,0.168317257272293,True,4FGL J0047.9+2233,121.888893127441,-40.301570892334,fsrq,3.8848085859299886e-10,GB6 J0048+2234
1FDL J0836.4+2134,203.417394327622,32.2518616402216,129.102300351522,21.5767437751441,3.414018262950633e-10,0.0718970601331086,0.116575550923297,True,4FGL J0836.2+2141,203.26448059082,32.2466163635254,bcu,2.1295694374590115e-10,MG2 J083615+2138
1FDL J1732.1+8716,120.027810749213,28.0220921300927,263.042745005357,87.2751134355842,3.4113540866597594e-10,0.0777785855714176,0.12611198193417,True,4FGL J1738.0+8717,120.014701843262,27.953145980835,bcu,2.1804871797037606e-10,6C B175708+871924
1FDL J1814.1-3622,356.460244257916,-8.88708071884279,273.545544837919,-36.3790254847715,3.4113050722295506e-10,0.133888821434565,0.217090391794301,True,4FGL J1814.6-3621,356.515411376953,-8.96058940887451,,2.2326386572846246e-10,
1FDL J0226.3+2311,149.666740023529,-34.7135027753544,36.5802377367959,23.1850001603999,3.4104474336907625e-10,0.0833121293709854,0.135084202936131,True,4FGL J0226.7+2312,149.75749206543,-34.6540946960449,bcu,2.2756868611750747e-10,GB6 J0226+2311
1FDL J0118.8-1458,152.022179217048,-76.2777181250848,19.7162909513568,-14.9799454169323,3.408667501217111e-10,0.0738627956529376,0.119762814345249,True,4FGL J0119.0-1458,152.185363769531,-76.2582015991211,bll,3.114965507755585e-10,1RXS J011905.4-145906
1FDL J0520.7+4213,166.113839369226,3.0092219787085,80.1983615806573,42.222267047065,3.4064153412318957e-10,0.135567478619846,0.219812208007634,False,,,,,,
1FDL J0604.7-1042,217.374077487995,-15.1659057670429,91.1897474151357,-10.7091336511144,3.4063011408953656e-10,0.087667996128204,0.142146884562464,False,,,,,,
1FDL J1619.2+5531,85.1185225222877,43.3447200259619,244.815259988942,55.5178047746864,3.405265355577557e-10,0.116964047322925,0.189648177970594,True,4FGL J1619.6+5536,85.2150955200195,43.2645950317383,bll,2.1511416259389904e-10,87GB 161814.7+554307
1FDL J0223.7+3914,141.813142144927,-20.2230405217155,35.9426009702572,39.2395967397255,3.403194729728487e-10,0.124685477951237,0.202167889552987,True,4FGL J0223.5+3912,141.782348632813,-20.2607669830322,bcu,2.67124905528604e-10,B3 0220+390
1FDL J0239.8+0426,166.756215200808,-48.9864602295909,39.9742760557585,4.4335731732325,3.402249508430697e-10,0.0872164576249814,0.141414770159462,True,4FGL J0239.7+0415,166.875427246094,-49.1404075622559,fsrq,3.8142081160152936e-10,PKS 0237+040
1FDL J2219.0+4427,96.3330252704512,-10.404837437065,334.765245225013,44.4556305499076,3.3960875681217913e-10,0.132922045825511,0.215522832207588,False,,,,,,
1FDL J0040.9-7157,304.085994241584,-45.1480467537107,10.2308927773621,-71.9566377012769,3.3913739506335067e-10,0.0800929590470352,0.129864543515996,True,4FGL J0040.7-7157,304.102233886719,-45.138298034668,,1.8361416553869248e-10,
1FDL J0124.8-0626,145.404076754125,-67.8438208892117,21.2007134923173,-6.43967898771678,3.3896526753460094e-10,0.0827426914121667,0.134160895477499,True,4FGL J0124.8-0625,145.440093994141,-67.83154296875,bll,2.491895578771164e-10,PMN J0124-0624
1FDL J0004.0+0843,103.532718261632,-52.3590835151591,1.01720518434643,8.71939508699336,3.389587738669874e-10,0.0744601246199071,0.120731361282568,True,4FGL J0004.0+0840,103.495979309082,-52.3978462219238,bll,1.9185711352953658e-10,SDSS J000359.23+084138.1
1FDL J0110.9+0535,131.871531781496,-56.9396688907808,17.7456148444136,5.59245345866624,1.6970249990440218e-10,0.0814080498964621,0.131996870327177,True,4FGL J0111.4+0534,132.07746887207,-56.9402389526367,bll,1.04750014218169e-10,1RXS J011130.5+053612
1FDL J0802.3+1010,211.675896954387,20.3209994184353,120.586947965886,10.1745871484044,3.385888403748077e-10,0.0720228187096636,0.116779441863683,True,4FGL J0802.0+1006,211.700820922852,20.2234058380127,bll,2.7733287888409563e-10,NVSS J080159+100535
1FDL J0747.9-1637,234.173869287431,4.44593371381343,116.976115371682,-16.626496901186,3.3856046304599453e-10,0.0939345611882725,0.15230764376613,True,4FGL J0748.0-1638,234.203125,4.46202373504639,bcu,6.424135667870701e-10,TXS 0745-165
1FDL J0139.7-2231,192.747975145579,-78.1230618450471,24.9302098046832,-22.5210228450119,3.38198253099712e-10,0.0883069726237153,0.143182949621444,True,4FGL J0139.5-2228,192.49397277832,-78.1321258544922,,3.3279087818804953e-10,
1FDL J1917.8+3749,69.7474966440225,11.4649468798294,289.467400291833,37.8293057850412,3.381869149772448e-10,0.098199358709521,0.159222679632564,True,4FGL J1918.1+3752,69.81201171875,11.4379720687866,bcu,2.1310937736718216e-10,1RXS J191810.2+375315
1FDL J0102.8-7209,301.693209537471,-44.9372377581572,15.7231826119713,-72.1634538273523,3.3773046658153566e-10,0.156223756760279,0.253304764251184,True,4FGL J0059.7-7210,302.037292480469,-44.9340667724609,sfr,2.1105645009455998e-10,NGC 346
1FDL J0148.2+2510,138.847928897788,-35.9412304407698,27.0596519238746,25.1688379266488,3.376819445116769e-10,0.106071375508687,0.171986552302702,False,,,,,,
1FDL J2237.5-3921,0.563435156696735,-59.6838272589551,339.397539520846,-39.3559232965583,3.374879259343672e-10,0.0948926753932712,0.153861154175364,True,4FGL J2237.0-3921,0.607360541820526,-59.5866241455078,fsrq,3.6919206580776626e-10,NVSS J223708-392137
1FDL J2211.0-0002,61.3354967905255,-42.9289398332454,332.764529407602,-0.0338566882846886,3.3745155986339363e-10,0.0840071741447745,0.136211148584289,True,4FGL J2211.0-0003,61.302059173584,-42.9457893371582,bll,2.0756994734139056e-10,RX J2211.1-0003
1FDL J0303.3-7914,295.718074165057,-35.9706214981583,45.8355070660042,-79.2386672411131,3.3713251468931157e-10,0.087207661477565,0.141400513723557,True,4FGL J0303.3-7913,295.705932617188,-35.9820861816406,fsrq,2.738635707100201e-10,PMN J0303-7914
1FDL J0025.5-4840,314.328920523555,-67.8825237646867,6.39091795561424,-48.669173438529,3.365622171553241e-10,0.0851799152583925,0.13811266543041,False,,,,,,
1FDL J0531.3+1240,192.161365265296,-11.3759966043839,82.8349162591186,12.6779976346859,3.3645423561749426e-10,0.121188245234404,0.196497409096554,True,4FGL J0531.7+1241c,192.209106445313,-11.2787437438965,,3.4744901400429734e-10,
1FDL J2228.8-1634,43.1999947473524,-55.4209044980836,337.219671080417,-16.5824045215715,3.3541648234641966e-10,0.0794863008415261,0.128880906547967,True,4FGL J2228.6-1636,43.1230735778809,-55.3839111328125,bll,2.997492254408485e-10,2MASS J22283018-1636432
1FDL J0451.3-4652,252.752793015784,-39.582258440046,72.8395198432283,-46.8699842940686,3.353931898334502e-10,0.0902581828351389,0.146346680929744,True,4FGL J0451.8-4651,252.734924316406,-39.5031051635742,fsrq,4.16488288301764e-10,PKS 0450-469
1FDL J1436.4+2322,29.7921726135412,66.0148571914353,219.103179757526,23.3779554698499,3.352317930743826e-10,0.0780148600711446,0.126495080377142,True,4FGL J1436.9+2321,29.8218154907227,65.9009552001953,fsrq,3.452999552955305e-10,PKS B1434+235
1FDL J1228.7+4858,132.794789407148,67.713975889898,187.179760532201,48.9769178289422,3.3507047398210913e-10,0.0750472119402493,0.121683267460188,True,4FGL J1228.7+4858,132.792190551758,67.7082672119141,fsrq,3.408970605800476e-10,TXS 1226+492
1FDL J1258.6+6114,121.394418214057,55.8589298202086,194.653445863256,61.2478953417303,3.345176829767932e-10,0.114514312639095,0.18567611840827,True,4FGL J1258.3+6121,121.460243225098,55.7462921142578,bll,1.5644897877198358e-10,NVSS J125820+612049
1FDL J0303.2+3150,153.107199387008,-23.1966835454085,45.8063237545259,31.842212214384,3.342194190718279e-10,0.120392962781589,0.195207914428935,True,4FGL J0303.2+3149,153.121154785156,-23.2140445709229,bcu,2.566760415323444e-10,B2 0259+31
1FDL J0659.8-6315,273.658370785377,-23.1155608443473,104.950648994309,-63.2549178115031,3.340345890250496e-10,0.101629027889561,0.164783626972918,True,4FGL J0700.1-6311,273.598663330078,-23.0547904968262,bcu,2.2733140370156943e-10,SUMSS J065958-631238
1FDL J0936.5+1848,212.768867800853,44.6539682077721,144.142881473096,18.800735534051,3.3353182513888357e-10,0.0772514945620882,0.125257340529596,True,4FGL J0936.5+1847,212.769241333008,44.6455268859863,bll,2.3288074246785584e-10,GB6 J0936+1850
1FDL J1351.5-2911,318.398427829422,31.8689151855378,207.895172201384,-29.1901267255033,3.334471731717937e-10,0.0852315962419742,0.138196453160781,True,4FGL J1351.7-2912,318.438659667969,31.8379707336426,bcu,4.5363554579402887e-10,PKS 1348-289
1FDL J0558.1-2112,226.798997822048,-20.8527286706071,89.5468268015053,-21.2013847339259,3.333409893015193e-10,0.0784026540762986,0.127123855319225,True,4FGL J0558.1-2113,226.817352294922,-20.8775157928467,,3.0725785804541767e-10,
1FDL J1018.0+1906,217.461262527633,53.9768590860212,154.507916946521,19.1144813259337,3.3298356603230774e-10,0.0639383333232876,0.103671084025221,True,4FGL J1018.1+1905,217.512466430664,54.006160736084,bll,2.8685070985190464e-10,NVSS J101808+190614
1FDL J1546.8-3529,338.661197689733,14.9363158481553,236.724001033232,-35.4886084449081,3.327428407301972e-10,0.151009764971837,0.244850695239012,False,,,,,,
1FDL J1211.4+3858,155.595118386133,75.506655594382,182.854085015844,38.9752171169988,3.3262652600847394e-10,0.0712610941185688,0.115544368528793,True,4FGL J1211.6+3901,155.34423828125,75.4902954101563,bll,1.1909521979713844e-10,FIRST J121134.2+390053
1FDL J1406.9+1644,6.07524803263785,69.6903545163811,211.726006903888,16.7432033116785,3.3239760045882366e-10,0.0841436992324338,0.136432520752375,True,4FGL J1406.9+1643,6.04594993591309,69.6650161743164,bll,2.0044485515846586e-10,RBS 1350
1FDL J1710.2+4626,72.2721202286323,36.3279180584485,257.572330665841,46.4403091649104,3.3228737430252243e-10,0.0835574841664764,0.135482008798814,True,4FGL J1710.0+4629,72.3239669799805,36.3737831115723,,1.6036347250114602e-10,
1FDL J2036.7+2645,68.9289064271532,-8.46175093350371,309.190601685527,26.7624309731953,3.3213383490898133e-10,0.102619602077282,0.166389769825139,False,,,,,,
1FDL J1949.1-7323,321.571105375802,-30.0224295054303,297.288195899303,-73.3970243823875,3.3211156565751294e-10,0.098711895892661,0.160053735808277,False,,,,,,
1FDL J1207.5-7808,300.606857640258,-15.4600374646185,181.898016402366,-78.1333872607917,3.3208850264970763e-10,0.122538689902487,0.198687033317514,True,4FGL J1208.2-7810,300.648620605469,-15.5001449584961,bcu,2.3477331190235873e-10,PKS 1205-778
1FDL J0453.9+3717,166.956815856876,-4.07306159493538,73.4814899217283,37.295871139618,3.320694172337445e-10,0.174611318972493,0.283118771648737,False,,,,,,
1FDL J0836.7-6036,276.237558039669,-11.744996331679,129.19252188953,-60.6100753393143,3.3192472185549894e-10,0.0875973047450874,0.142032273424344,True,4FGL J0836.6-6036,276.224090576172,-11.7499170303345,,1.9685554575321615e-10,
1FDL J2234.1-4155,356.065961344713,-58.379362897669,338.539143079003,-41.9306407699501,3.3184524574058515e-10,0.0725328544130672,0.11760642093608,True,4FGL J2234.2-4156,356.035125732422,-58.3965835571289,,2.4307131307743646e-10,
1FDL J1123.4-2529,279.072834665669,33.2786085435787,170.859666470832,-25.4836954524281,3.3163710855084425e-10,0.0745931756595358,0.120947077757117,True,4FGL J1123.4-2529,279.083435058594,33.2777671813965,fsrq,2.16077378212276e-10,NVSS J112325-252858
1FDL J0431.6+6149,146.023936997747,9.27567078797982,67.9116671838679,61.8203984842497,3.316120932159219e-10,0.147143094044136,0.238581160162424,False,,,,,,
1FDL J1310.8+5514,117.111952659305,61.6599021469835,197.703761471794,55.2488474984041,3.3157913938532007e-10,0.0912028669412597,0.147878429037291,True,4FGL J1310.9+5514,117.08219909668,61.6567687988281,fsrq,2.4073565363380567e-10,TXS 1308+554
1FDL J1634.2+0236,18.2465052740411,31.4506360841003,248.557087288505,2.60439139462004,3.315759632855286e-10,0.112653760587397,0.182659387961146,True,4FGL J1634.7+0235,18.3013134002686,31.3304920196533,psr,2.9590410677293727e-10,PSR J1634+02
1FDL J1351.4+5539,106.221976269686,59.4722008665977,207.867071172002,55.6657970774283,3.3155928926074086e-10,0.0751781025240874,0.121895494944483,True,4FGL J1351.7+5542,106.181983947754,59.411304473877,bll,1.9171286780306216e-10,87GB 135011.8+555656
1FDL J1119.2+1235,242.332886861136,63.9799902758049,169.804621676814,12.5974130998436,3.3075200078373537e-10,0.0860342631939211,0.139497917253569,True,4FGL J1119.0+1235,242.29963684082,63.9430847167969,fsrq,4.089641958415768e-10,OM 127
1FDL J0531.7-0239,206.020099218476,-18.9098486721287,82.9394937065767,-2.66251349560707,3.305200121125699e-10,0.12760220290729,0.206897121979486,False,,,,,,
1FDL J1943.4+1519,52.5126024420901,-4.17429978288926,295.874124137739,15.3243201477203,3.3040447441039584e-10,0.0969319247460868,0.157167632915828,False,,,,,,
1FDL J2244.3+2458,89.6576926303013,-29.5587345916377,341.090955426425,24.9794334277492,3.303221982135761e-10,0.0934361274188045,0.151499472374349,True,4FGL J2244.6+2502,89.7599411010742,-29.5442581176758,bll,2.086318201532933e-10,NVSS J224436+250345
1FDL J1528.9-2232,344.243079574349,27.4281620168824,232.234678614261,-22.5390021504954,3.3026920420750474e-10,0.122288255355542,0.19828098609609,True,4FGL J1528.5-2240,344.071350097656,27.3830490112305,bcu,3.1213584494871327e-10,NVSS J152834-223522
1FDL J0639.4-0004,211.631025550792,-2.7003803893342,99.8632136009756,-0.0744737603599432,3.3011501629692166e-10,0.142429379137838,0.230938277812246,False,,,,,,
1FDL J2349.7+0526,96.0505319006519,-54.1726888890732,357.44131430458,5.4486197865806,3.300976252571254e-10,0.086612463960241,0.140435418885642,True,4FGL J2349.4+0534,96.0077285766602,-54.0190200805664,fsrq,2.4766674822096485e-10,TXS 2346+052
1FDL J1716.6+8834,121.453915394898,27.6951893778372,259.151468669179,88.5707081311516,1.6541971947611292e-10,0.124267745659773,0.201490569296961,True,4FGL J1713.7+8844,121.634246826172,27.6440296173096,bcu,9.017964847091163e-11,NVSS J171602+884416
1FDL J1315.2+1130,323.972245545187,73.4085933443753,198.810056954489,11.5073828584826,3.2976263141549435e-10,0.08586905776857,0.139230064136603,True,4FGL J1315.5+1135,324.133087158203,73.4636993408203,bll,2.3126028869668855e-10,1RXS J131531.9+113327
1FDL J1932.0-1605,22.7709859151018,-16.0998698960229,293.021777645273,-16.0990250766887,3.2965762086122263e-10,0.134076726704259,0.217395070134841,True,4FGL J1931.3-1556,22.845609664917,-15.8717098236084,bcu,1.8822879366275916e-10,PMN J1931-1558
1FDL J1554.7+2146,35.9526776175287,48.1693395794988,238.683357156394,21.7798677991296,3.296473584658986e-10,0.073604839012739,0.119344579337788,True,4FGL J1554.9+2143,35.9101943969727,48.1023712158203,bll,2.0159639235739488e-10,TXS 1552+218
1FDL J1319.5+7802,121.063282067262,38.9818066908117,199.887865866697,78.0442587607419,3.2937985953038573e-10,0.0771075928467431,0.125024017550876,True,4FGL J1319.8+7759,121.032493591309,39.0350227355957,bll,3.9155531594836646e-10,NVSS J131921+775823
1FDL J2152.6+3810,88.4556356035417,-12.4459889346945,328.174318171759,38.181614805033,3.292568356138613e-10,0.0972519499673702,0.157686523229279,False,,,,,,
1FDL J0348.9+4027,155.743972995369,-10.8419496643549,57.2425133872934,40.4564788634003,3.2924106664034815e-10,0.111322045139027,0.180500118922855,True,4FGL J0349.6+4026,155.853668212891,-10.7759370803833,,2.679149679885029e-10,
1FDL J1154.0+4037,160.559279435223,72.0439067657003,178.501673272704,40.6228484604152,3.291921876217025e-10,0.0752046709227395,0.121938563455143,True,4FGL J1154.0+4037,160.515975952148,72.0444793701172,fsrq,3.411972371303307e-10,B3 1151+408
1FDL J1521.9-8109,308.666125598727,-20.0124398748309,230.499320454998,-81.1569998288198,3.2918745777921313e-10,0.0957234288989473,0.155208147517584,True,4FGL J1521.5-8057c,308.77587890625,-19.8366565704346,,1.7752470327092595e-10,
1FDL J2330.5+7805,118.679004211301,15.8946865111167,352.635363099495,78.0931231071105,3.29069233800943e-10,0.0992634938017995,0.160948075263863,True,4FGL J2330.2+7759,118.632522583008,15.8059053421021,bcu,3.6206665443572206e-10,WN B2329.2+7743
1FDL J0039.0-2221,91.6602601717931,-84.4578402620543,9.75204455018625,-22.3576281787223,3.289486890840739e-10,0.082763576787885,0.13419474892718,True,4FGL J0039.1-2219,92.031608581543,-84.4438018798828,bcu,2.367581963813592e-10,PMN J0039-2220
1FDL J1814.3+4116,68.5839739775681,24.1082471033525,273.598926835952,41.2804120369019,3.286345350649648e-10,0.0825352394709533,0.133824530860621,True,4FGL J1814.2+4114,68.527717590332,24.1258735656738,fsrq,1.1712206204883555e-10,B3 1812+412
1FDL J1041.2+1340,230.26503023127,56.8018813777648,160.317620944551,13.6729550190913,3.2837336242249784e-10,0.0825646293654481,0.133872172196353,True,4FGL J1041.0+1342,230.162536621094,56.7761993408203,bll,1.7311903299788156e-10,1RXS J104057.7+134216
1FDL J1245.5+0235,299.400360842095,65.4254891232562,191.390047209283,2.5940532114062,3.280778271733368e-10,0.103585053907843,0.167955181267995,True,4FGL J1245.8+0232,299.610107421875,65.3782196044922,bll,4.21999379884852e-10,NVSS J124533+022825
1FDL J0343.5-6301,277.203409891598,-44.5451782643367,55.8798665244257,-63.033131038703,3.279054235862831e-10,0.0780517994231768,0.126554977974917,True,4FGL J0343.3-6303,277.240478515625,-44.5471572875977,,2.460909531709632e-10,
1FDL J2335.0-0130,84.1882321658201,-58.5153867848024,353.774555136647,-1.50826089209355,3.278532098593265e-10,0.0992571337824449,0.16093778889822,True,4FGL J2335.4-0128,84.3725662231445,-58.5409622192383,fsrq,3.997352171491997e-10,PKS 2332-017
1FDL J1737.3+0622,30.1785990369302,19.368627275961,264.330529581114,6.36677014023528,3.278414334761801e-10,0.0917069975435189,0.148695833563707,True,4FGL J1736.6+0628,30.2078819274902,19.5555267333984,fsrq,4.2288655910383005e-10,MG1 J173624+0632
1FDL J2131.8-5415,341.983348894428,-44.823876449454,322.954203658537,-54.2576291429232,3.2778334284326205e-10,0.120908631421937,0.196044009950506,True,4FGL J2132.0-5418,341.893157958984,-44.8469696044922,bcu,3.6648342693901265e-10,PMN J2132-5420
1FDL J0323.3-3719,240.338198252339,-56.5494404776332,50.8356589903105,-37.3200307976657,3.2767896257929553e-10,0.107043820282503,0.173563302650106,False,,,,,,
1FDL J0016.1-0014,103.96425130407,-61.8052643477512,4.02558336343565,-0.241747957958131,3.276695464460817e-10,0.0755366886553803,0.122476923613277,True,4FGL J0016.2-0016,104.012275695801,-61.8526916503906,fsrq,4.1683503870793004e-10,S3 0013-00
1FDL J1224.6-8314,302.093230104746,-20.4127894573269,186.165991964714,-83.2408949719015,3.271857647068175e-10,0.0945184388356621,0.153254363631866,True,4FGL J1224.7-8313,302.095581054688,-20.3974552154541,bcu,5.133785063726748e-10,PKS 1221-82
1FDL J0257.0+8105,127.841146794807,19.4382497315023,44.2538976953804,81.0881215761064,3.2656346840188737e-10,0.12535827902481,0.203258770360991,False,,,,,,
1FDL J2248.6-3234,13.863244010494,-62.930232842277,342.170655591205,-32.5713831379041,3.2643055243576246e-10,0.0788474078951729,0.127844985230801,True,4FGL J2248.7-3235,13.8141651153564,-62.9475479125977,fsrq,2.5855534380170303e-10,PKS 2245-328
1FDL J2313.0+7241,115.679107969081,11.2282242310428,348.252267777268,72.699162501905,3.261758178469485e-10,0.101992725648685,0.165373322991993,True,4FGL J2312.5+7241,115.644828796387,11.2345609664917,bcu,3.580055418783701e-10,CRATES J2312+7241
1FDL J1442.8+5203,90.627855748059,57.5043776947758,220.70092108641,52.0661378190767,3.2595874723432224e-10,0.0759718578072376,0.123182498908727,True,4FGL J1443.1+5201,90.5184402465821,57.4904708862305,rdg,1.5321531543488476e-10,3C 303
1FDL J0304.4-0051,179.057973484288,-48.6719946473651,46.1128188785464,-0.850346501707463,3.2579876972411366e-10,0.0781580127783296,0.126727193151769,True,4FGL J0304.5-0054,179.160217285156,-48.6935920715332,bll,1.9006712870250908e-10,RX J0304.5-0054
1FDL J1642.8+1435,32.1866953315831,34.9748491100639,250.706905949402,14.5895335514292,3.2494441731425845e-10,0.0902332283883035,0.14630623097535,True,4FGL J1643.1+1436,32.2336196899414,34.9167900085449,,1.2487461065191496e-10,
1FDL J1129.6-1016,272.246857842477,47.6628539780208,172.414976384814,-10.2774046576283,3.2492924392569673e-10,0.0776322649606223,0.125874736575352,True,4FGL J1129.2-1014,272.080200195313,47.6361885070801,bcu,1.3500277284972384e-10,NVSS J112912-101349
1FDL J1106.1-0730,262.79363392255,46.9945312077903,166.533088238366,-7.50513165576032,3.245202187113884e-10,0.087555787226805,0.141964941644906,True,4FGL J1105.8-0731,262.745758056641,46.9384994506836,bcu,2.404960675050916e-10,NVSS J110547-073235
1FDL J2327.1+4721,108.442779232966,-13.133437593121,351.781297910263,47.3524413542562,3.2421107037305874e-10,0.08318158656555,0.134872528430924,True,4FGL J2327.3+4717,108.452049255371,-13.2042741775513,bcu,2.226113182679512e-10,NVSS J232723+471601
1FDL J1840.2-1704,16.433980279007,-5.29685621391753,280.05449016772,-17.0828957482661,3.24069799177869e-10,0.144378731593551,0.234098991225249,True,4FGL J1840.4-1705,16.445068359375,-5.34118032455444,,3.2708938335623827e-10,
1FDL J1910.1-5320,343.638883079653,-24.1490235742916,287.537175534193,-53.3373403357786,3.24006945530082e-10,0.110330679026715,0.17889266869168,True,4FGL J1910.7-5320,343.662353515625,-24.243185043335,,4.3349090983468836e-10,
1FDL J1151.4+0959,260.581782666499,67.7793475062651,177.867811800557,9.98439678007716,3.238192331656783e-10,0.0837298295940623,0.135761483353486,True,4FGL J1151.3+0957,260.556091308594,67.7426452636719,bcu,4.1681619267208703e-10,NVSS J115117+095826
1FDL J1249.4-0542,302.030588162645,57.164473655335,192.368328967363,-5.703835683751,3.2366883154301164e-10,0.107631152348429,0.174515616676665,True,4FGL J1249.3-0545,301.955291748047,57.1056060791016,bcu,4.96545748962518e-10,GALEXASC J124919.46-054539.7
1FDL J1541.4+1408,23.5260360050348,48.3998940371792,235.351581817123,14.1473269586075,3.2311125042515266e-10,0.123787734533909,0.200712257600229,True,4FGL J1541.7+1413,23.6985168457031,48.3514556884766,bll,2.0170154435561471e-10,WISE J154150.09+141437.6
1FDL J2321.0-6308,318.973519735314,-51.07541626465,350.257197717686,-63.1442336891907,3.2268210397634485e-10,0.0814829344371527,0.132118291401447,True,4FGL J2321.0-6308,318.978942871094,-51.0813446044922,bll,1.1635133828624687e-10,2MASS J23203986-6309181
1FDL J1408.1-2916,322.396244432479,30.6718333153946,212.042907454789,-29.2832256118852,3.226396070032619e-10,0.0958549901114192,0.155421471461328,True,4FGL J1408.6-2917,322.507202148438,30.6286220550537,,3.0465410749691557e-10,
1FDL J0710.5-3852,250.0946554261,-13.2136685519611,107.628261470378,-38.8748231538663,3.2155050797234994e-10,0.0829122956917691,0.134435885466752,True,4FGL J0710.8-3851,250.104415893555,-13.1357069015503,fsrq,6.224236126506354e-10,AT20G J071043-385037
1FDL J0200.2-4109,262.127995227434,-70.0859839379791,30.055635152351,-41.1611329174031,3.2113958366231955e-10,0.0839371855662917,0.13609768339078,True,4FGL J0200.3-4109,262.092834472656,-70.0753936767578,bll,2.471866045183901e-10,1RXS J020021.0-410936
1FDL J1933.5-4539,352.844666598581,-26.0859169868564,293.381248606468,-45.6625330991674,3.2102809377605576e-10,0.0921200860774393,0.149365600825376,True,4FGL J1933.2-4539,352.845611572266,-26.0376796722412,fsrq,3.479512233894866e-10,PKS 1929-457
1FDL J1944.9-4011,359.328302430304,-26.8378321201621,296.228232058099,-40.1931055231257,3.208459488071895e-10,0.100173642144354,0.162423827838585,True,4FGL J1945.1-4007,359.420074462891,-26.8678321838379,bcu,3.292258410336757e-10,AT20G J194519-400557
1FDL J1443.2+4724,83.2608431005207,60.1980473292463,220.81431993704,47.4043267972228,3.207268803603368e-10,0.105199976216966,0.170573654879534,True,4FGL J1443.1+4728,83.4082412719727,60.1730613708496,nlsy1,1.8331836049156888e-10,B3 1441+476
1FDL J0641.6-7856,290.513721518351,-27.0538231628316,100.407224232843,-78.9485261737414,3.2069155242149316e-10,0.112519446472472,0.182441597277791,False,,,,,,
1FDL J0058.3+3318,124.587492494327,-29.5407165947211,14.5829802394309,33.3088689272948,3.2042288029972664e-10,0.0940694232022329,0.152526328671469,True,4FGL J0058.4+3315,124.615615844727,-29.5983562469482,fsrq,2.1845214526194923e-10,MG3 J005830+3311
1FDL J0006.5+3825,113.345719725526,-23.6172644353948,1.62977134032071,38.4169197972868,3.2023801122115717e-10,0.0861749301727359,0.139726007535747,True,4FGL J0005.9+3824,113.232276916504,-23.613338470459,fsrq,4.25147389515601e-10,S4 0003+38
1FDL J1233.4+1702,279.570323088469,79.0853190826579,188.355426874426,17.0396521282615,3.200724100728287e-10,0.0809110150633448,0.131190978671546,True,4FGL J1233.1+1703,279.188598632813,79.0760040283203,bll,1.6759747756278642e-10,RX J1233.0+1701
1FDL J0521.5-1738,219.638787256614,-27.5515645333405,80.3750504267558,-17.6419528761746,3.2005708096554585e-10,0.0888796149784141,0.144111421879203,True,4FGL J0521.3-1734,219.554443359375,-27.5566158294678,fsrq,4.1067524381155346e-10,TXS 0519-176
1FDL J2158.0+8052,116.267135997227,20.3383901109495,329.524022828523,80.8758321652204,3.19581477305406e-10,0.0899971933020519,0.145923519768308,False,,,,,,
1FDL J1808.8-4525,347.800605204068,-12.0936988511325,272.224558767483,-45.4217147283702,3.195592844314814e-10,0.13976954456305,0.226625539041908,True,4FGL J1808.4-4521,347.820465087891,-11.9892854690552,,2.426310541370213e-10,
1FDL J0500.6-4907,255.609407530643,-37.9869167321833,75.1637012443838,-49.1249813448473,3.1936879523865997e-10,0.0890151567510971,0.144331203209319,True,4FGL J0500.6-4911,255.686889648438,-37.9785232543945,bll,2.1651955228740858e-10,PMN J0500-4912
1FDL J1028.8-6429,288.321263582242,-5.75064774936317,157.203428936071,-64.4970332612399,3.1925983143011805e-10,0.166271541971785,0.269596480568129,False,,,,,,
1FDL J0201.3-6636,292.439472070361,-49.0761854901664,30.3412290001225,-66.6030320235928,3.192456879782628e-10,0.0777097654899446,0.126000382390632,True,4FGL J0200.6-6637,292.554107666016,-49.0844268798828,fsrq,2.96452279391346e-10,PMN J0201-6638
1FDL J1334.9-2947,314.092194960278,32.137211648065,203.745279530042,-29.7891644165468,3.1908747694098794e-10,0.0795699002614792,0.129016463449534,True,4FGL J1335.3-2949,314.185302734375,32.080005645752,bll,3.1216845775006163e-10,1ES 1332-295
1FDL J1402.4-1824,325.586934060121,41.3160870632547,210.612101202042,-18.4107935346639,3.190408693234577e-10,0.0878116198241444,0.142379776474517,True,4FGL J1402.5-1827,325.594604492188,41.2582893371582,bcu,2.627613682193441e-10,PMN J1402-1825
1FDL J1952.8+3842,73.7840807896344,5.82073190147348,298.202362099058,38.7109824654943,3.185423649032566e-10,0.220235789815066,0.357095328879331,True,4FGL J1953.5+3841,73.8367614746094,5.68630981445313,,5.871729769069134e-10,
1FDL J2036.4-2820,15.6982376635451,-34.2641669612648,309.118835170179,-28.3358276911777,3.1811547774783143e-10,0.134021647521967,0.217305758400012,True,4FGL J2037.0-2826,15.6151466369629,-34.404167175293,,3.57227913916347e-10,
1FDL J0633.5-2224,231.314945477115,-13.7609231061829,98.3912585212657,-22.4007641607883,3.180667270852805e-10,0.0709336966117248,0.115013511033906,True,4FGL J0633.4-2222,231.279876708984,-13.7676801681519,fsrq,4.2097872410273846e-10,PMN J0633-2223
1FDL J1101.8+0244,251.151052252703,54.2069167793721,165.470956409847,2.74177877201696,3.1793193993307087e-10,0.0894317262417576,0.14500664061296,True,4FGL J1102.4+0246,251.29850769043,54.3381996154785,psr,3.1815805545676307e-10,PSR J1102+02
1FDL J0621.2-2212,229.944754834677,-16.2953657667094,95.3084263779066,-22.2025051994069,3.1775535626315e-10,0.0911659444114056,0.14781855156167,True,4FGL J0621.2-2213,229.964660644531,-16.2982425689697,bcu,2.002033400172465e-10,PMN J0621-2213
1FDL J2108.6-0248,47.4149969838669,-31.5644340470727,317.172636035315,-2.81077975274551,3.17284692549929e-10,0.0763294976426957,0.123762380154499,True,4FGL J2108.7-0250,47.3840866088867,-31.5869922637939,bll,3.451361696438226e-10,TXS 2106-030
1FDL J1200.2-1436,284.820203256,46.4599587393952,180.074184826049,-14.605492234137,3.172778544415865e-10,0.10812249942254,0.175312300823168,True,4FGL J1200.8-1429,284.954803466797,46.6081619262695,bcu,1.8466306261899487e-10,NVSS J120055-143040
1FDL J0237.7+0927,161.757417981179,-45.2516710825561,39.4395525277194,9.45507209044863,3.1723379016730165e-10,0.0851324237970981,0.138035663917247,True,4FGL J0237.6+0923,161.796722412109,-45.3184013366699,bcu,2.588576297757328e-10,OD 58
1FDL J1952.9-8109,312.69499043053,-29.1340523434507,298.248649896566,-81.1627388525493,3.1711530282755985e-10,0.157571681792265,0.255490342690683,False,,,,,,
1FDL J1517.4-3436,334.173963958066,19.2584598279098,229.364061172026,-34.6072023167561,3.1692551155264874e-10,0.131074295639759,0.212526846450799,False,,,,,,
1FDL J0434.5-2341,222.144473967735,-39.9093771101113,68.6373302749587,-23.6933989153811,3.1672597373240404e-10,0.0868797840607273,0.140868862689237,True,4FGL J0434.4-2342,222.154937744141,-39.9455528259277,bll,2.363676754324473e-10,PMN J0434-2342
1FDL J2115.3-4933,349.118285548695,-43.3234745289233,318.829160010171,-49.561579139437,3.1666226949593816e-10,0.0690995798232331,0.112039637256575,True,4FGL J2115.6-4938,349.004608154297,-43.3610458374023,bcu,2.336857929385872e-10,MRSS 235-024179
1FDL J1242.7+7312,123.801243131074,43.9034219870244,190.690697180598,73.2101845828966,3.1655005987231094e-10,0.0881538893165484,0.142934727423225,True,4FGL J1242.9+7315,123.776123046875,43.8534889221191,bcu,1.3361753370411122e-10,S5 1241+73
1FDL J1014.5-6349,286.638220241765,-6.03441761821199,153.625645993212,-63.8242251877192,3.157437771500151e-10,0.100619238771556,0.16314634358305,True,4FGL J1015.1-6353,286.726837158203,-6.04576778411865,,2.7105429012408417e-10,
1FDL J0801.0+0731,214.073796076233,18.8884927622619,120.274059242691,7.51777472678732,3.1567951451128086e-10,0.0688977748566749,0.111712433392005,True,4FGL J0800.9+0733,214.020263671875,18.8605079650879,,1.485304101933593e-10,
1FDL J1429.8-0736,340.908433253479,47.8687888155926,217.470598598971,-7.61150213520867,3.1548831604869607e-10,0.0947249102607419,0.153589132715666,True,4FGL J1429.8-0739,340.852355957031,47.8468132019043,,2.838367318958035e-10,
1FDL J1823.8+1208,40.7843599001435,11.5515724706145,275.974959293729,12.148137219873,3.151877717896797e-10,0.121632808531655,0.19721821127693,True,4FGL J1823.2+1209,40.722541809082,11.6992149353027,,5.141062575653166e-10,
1FDL J1105.3-2604,275.036927916597,30.9940541816704,166.341601976492,-26.0695500723904,3.149727338667846e-10,0.0815108407275754,0.132163528510953,True,4FGL J1105.1-2600,274.949768066406,31.0312938690186,,2.2162106871892462e-10,
1FDL J1937.0-1222,26.8139614700913,-15.6286996760945,294.253161539798,-12.3678584313776,3.148716790292426e-10,0.0937066254155752,0.151938070445309,False,,,,,,
1FDL J0208.3-0047,161.143289142503,-57.8348216718934,32.0876552195009,-0.786149168070679,3.1440679246844516e-10,0.0725680554169572,0.117663496559123,True,4FGL J0208.5-0046,161.207778930664,-57.8009414672852,bll,2.261967141370391e-10,PKS 0205-010
1FDL J0427.1+1855,177.567166659199,-20.3535685256302,66.7862784963268,18.9261431713454,3.1399747809231507e-10,0.147207833406923,0.238686136990879,False,,,,,,
1FDL J1554.0-3432,340.454587574851,14.7010837422934,238.522068371718,-34.5437253264827,3.137291551686841e-10,0.147947700937237,0.239885802428877,False,,,,,,
1FDL J0803.9+2041,201.371111692634,24.8359144686859,120.975708556242,20.6946588459593,3.1361873591562545e-10,0.0915838616872841,0.148496179691372,True,4FGL J0803.5+2046,201.263381958008,24.7861995697022,bcu,1.9550881746877022e-10,GB6 B0800+2046
1FDL J1908.7+7119,102.442973919499,24.2336195988631,287.194494420019,71.3311511719939,3.1361310332236196e-10,0.0920836829638426,0.149306603564272,False,,,,,,
1FDL J1038.5-2419,267.974674171928,29.3753526626043,159.63280108005,-24.3279055081456,3.134813295156872e-10,0.090065379673512,0.146034053322677,True,4FGL J1038.2-2425,267.972259521484,29.2580757141113,bcu,2.255478859236604e-10,NVSS J103824-242355
1FDL J0858.2-2439,250.223346546087,13.5783758183749,134.552771836022,-24.6510939174953,3.132119475671819e-10,0.112267370985169,0.18203288768353,False,,,,,,
1FDL J1403.0+1307,356.576767327345,68.1640514896163,210.773251269447,13.1226618715939,3.131706978060672e-10,0.0965304749742536,0.156516718407779,True,4FGL J1402.7+1306,356.401611328125,68.2118148803711,psr,3.796316316861947e-10,PSR J1402+13
1FDL J0809.6-2600,244.847691478665,3.88256686788941,122.412359289441,-26.0118099033018,3.129795198847596e-10,0.128954237487869,0.209089359155086,False,,,,,,
1FDL J0454.9-6921,280.728541155822,-35.4108318594774,73.7329628068441,-69.3550452848147,3.1281842134172263e-10,0.105634980992788,0.171278971664454,False,,,,,,
1FDL J1138.3-3602,286.758751091011,24.526137292895,174.595662478416,-36.0406851913738,3.123322573298631e-10,0.0996444197282018,0.16156573447861,True,4FGL J1138.4-3555,286.733245849609,24.6465129852295,,1.9588293487249328e-10,
1FDL J0023.7+1603,113.290444665669,-46.2985872926306,5.94371771569128,16.0546486898591,3.123015933582011e-10,0.084421246891556,0.136882523688374,True,4FGL J0023.9+1603,113.344970703125,-46.2951240539551,bll,2.5732702080283327e-10,87GB 002122.5+154553
1FDL J0326.4-3401,234.342141984637,-56.135280122288,51.6152361384964,-34.0326288451014,3.120096885678973e-10,0.0999185196332734,0.162010174785416,True,4FGL J0326.7-3404,234.419403076172,-56.0729179382324,bcu,1.993516185461175e-10,NVSS J032644-340330
1FDL J1001.3-2237,259.232213121189,25.4739259739549,150.348365977784,-22.6289896233007,3.118341539509025e-10,0.10752527871886,0.174343956132127,False,,,,,,
1FDL J1446.4-1619,339.001320739554,38.3630870775735,221.612625494694,-16.3234293495442,3.11636329126354e-10,0.13609461443217,0.220666910198263,True,4FGL J1445.9-1626,338.795745849609,38.3171424865723,bll,3.510537416318016e-10,PKS B1443-162
1FDL J1520.3+4209,69.1252369859936,56.2482131027666,230.075420536714,42.1536682692752,3.1090360656172606e-10,0.0976416945841301,0.158318465835576,True,4FGL J1520.5+4209,69.1167221069336,56.2040710449219,fsrq,1.907897728692376e-10,B3 1518+423
1FDL J2046.0-1010,36.7833570962833,-30.046766559302,311.523437520157,-10.1698887918757,3.1077111072455033e-10,0.1213411011239,0.196745239538983,True,4FGL J2046.6-1012,36.8245506286621,-30.1917991638184,bll,2.1214523193702206e-10,PMN J2046-1010
1FDL J1902.7-5932,336.749588933531,-24.5338700585758,285.676865865828,-59.5413258313544,3.1030187513018916e-10,0.117692607834534,0.190829485334743,True,4FGL J1904.0-5925,336.907287597656,-24.6773414611816,,2.5821036975237627e-10,
1FDL J0511.1+8430,128.41304342742,24.692151024138,77.782063714766,84.5017064637646,1.235035269128848e-10,0.112591161177018,0.182557892793836,True,4FGL J0509.6+8425,128.4736328125,24.6221122741699,bll,8.311896310120304e-11,S5 0454+84
1FDL J1550.5-2927,343.375257997175,19.0066637405687,237.644199465604,-29.4650403123692,3.1018374848368903e-10,0.114704013420711,0.185983712602005,False,,,,,,
1FDL J2023.4-1950,24.0939841961954,-28.8038882398134,305.852664054448,-19.8475656143028,3.1016369370876503e-10,0.121988522899013,0.197794984698703,True,4FGL J2023.3-1947,24.1558856964111,-28.7705345153809,,2.2930105036955692e-10,
1FDL J0608.8+1150,197.531444132654,-3.85917781504114,92.2190528452441,11.8367181891723,3.1006937938164824e-10,0.123270509721462,0.199873614090235,True,4FGL J0608.6+1149,197.515075683594,-3.90911889076233,unk,3.5000730091994114e-10,NVSS J060835+114942
1FDL J1129.2+3042,196.764579842804,71.6863115685856,172.308929851918,30.7141743499753,3.100523019016999e-10,0.0854209173375228,0.13850344142969,True,4FGL J1129.5+3034,197.173217773438,71.7615203857422,bcu,1.7312037914329892e-10,87GB 112657.9+305242
1FDL J0928.3-2035,251.720916735033,21.4981774430047,142.080886488521,-20.5878567885007,3.1000181746193407e-10,0.0781364163358449,0.126692178775327,True,4FGL J0928.1-2035,251.706085205078,21.4688816070557,fsrq,3.669505532766237e-10,PKS 0925-203
1FDL J1322.5-1619,313.699661255045,45.8882501102471,200.647655963318,-16.3311651835709,3.0994985677205763e-10,0.0917284702311193,0.14873063598798,True,4FGL J1322.6-1617,313.745330810547,45.9240417480469,bcu,2.1915963488439158e-10,PMN J1322-1617
1FDL J1900.3-4936,347.106440708185,-21.6961893176758,285.083251883017,-49.6114589981675,3.097532273289453e-10,0.151122909171035,0.245034151237041,True,4FGL J1900.4-4941,347.036956787109,-21.7412910461426,,3.2335184529941325e-10,
1FDL J0346.4+4844,150.161382192789,-4.65772706657232,56.6098829634287,48.739586811467,3.0975248556734384e-10,0.172312882610026,0.279392031183481,True,4FGL J0347.0+4844,150.236877441406,-4.60105895996094,fsrq,3.107462065443656e-10,IVS B0343+485
1FDL J1748.1-0855,17.5767863853529,9.72418047823849,267.038034072754,-8.93220832483076,3.096375339916646e-10,0.119580079120168,0.193889869285043,True,4FGL J1748.5-0854,17.6525707244873,9.6546802520752,bcu,2.7211863318221674e-10,NVSS J174838-085435
1FDL J1833.3-3835,356.119686546672,-13.2805492929393,278.348885933544,-38.5914469283785,3.09613065938922e-10,0.111213268435639,0.180323727227037,True,4FGL J1833.0-3840,356.016754150391,-13.250002861023,psr,4.3815825967463695e-10,PSR J1833-3840
1FDL J1056.9-2335,271.661162212609,32.2285157610595,164.227799124101,-23.5980147184028,3.0956784220435996e-10,0.0836980635911885,0.135709948707218,True,4FGL J1057.3-2341,271.822326660156,32.2027473449707,fsrq,3.8562669724129245e-10,PKS B1054-234
1FDL J0142.1-0550,154.749341980098,-65.5322702352799,25.5392886556615,-5.84336111965622,3.095078012250109e-10,0.108516583108191,0.175951263148832,True,4FGL J0142.7-0543,154.911224365234,-65.3711853027344,bll,1.5244421003313136e-10,PKS 0140-059
1FDL J0506.8+0327,197.082286881346,-21.3503157951776,76.7038830915419,3.46145205142884,3.09450736028942e-10,0.0778688614830695,0.126258346420614,True,4FGL J0506.9+0323,197.161682128906,-21.3626003265381,bll,2.8497909587699155e-10,NVSS J050650+032401
1FDL J2357.5-0150,93.6330689303148,-61.6075481809212,359.396504883511,-1.83796732585359,3.092662725387667e-10,0.0798608195137123,0.129488152616759,True,4FGL J2357.4-0152,93.5483169555664,-61.6239471435547,bll,2.5794041902393866e-10,PKS 2354-021
1FDL J0738.2-2701,242.096029676736,-2.64745342001849,114.573141793715,-27.0200075225624,3.089775747810289e-10,0.13745232932808,0.22286837308174,False,,,,,,
1FDL J1017.4-2656,265.373681384335,24.4798542318293,154.372422999883,-26.9462698875128,3.089768348768702e-10,0.126809361316961,0.205611593958122,True,4FGL J1018.1-2705,265.609802246094,24.457576751709,,2.1790656778986062e-10,
1FDL J1830.1+3941,67.90293322339,20.7882908586696,277.525042651911,39.6975002594422,3.087320239302863e-10,0.090866346542019,0.147332778513363,True,4FGL J1829.9+3934,67.7750778198242,20.7835369110107,bcu,1.989246822819979e-10,NVSS J183003+393638
1FDL J0718.8-5001,261.273707214584,-16.3291836030275,109.716771284324,-50.0237822144546,3.0871723794384216e-10,0.095253223877613,0.154445757565217,True,4FGL J0718.8-5004,261.322509765625,-16.3529796600342,,3.9321007561099453e-10,
1FDL J0413.6+2131,173.246277806003,-21.0271930664705,63.4072492116281,21.5225638047109,3.0855316104176315e-10,0.139971170926229,0.226952461287115,False,,,,,,
1FDL J0526.0-2013,222.787343715456,-27.4925874735306,81.5102928068442,-20.2200960520317,3.0824593639286015e-10,0.0952159031131131,0.154385231029437,True,4FGL J0525.6-2008,222.673233032227,-27.5469150543213,bcu,1.901275248350487e-10,PMN J0525-2010
1FDL J0233.9-0626,177.253050962591,-58.0398181362142,38.4985870760621,-6.43641390708953,3.0820755482672105e-10,0.0741831250669105,0.120282207675205,True,4FGL J0234.3-0628,177.424133300781,-58.0097579956055,bll,2.3873331089774297e-10,SDSS J023410.30-062825.7
1FDL J0930.8+0034,233.185304504769,35.0998677465116,142.720182984039,0.580338625729513,3.080762079489789e-10,0.0773820487335636,0.125469021116428,True,4FGL J0930.9+0033,233.22705078125,35.1101837158203,fsrq,3.8098446619727605e-10,PKS 0928+008
1FDL J0019.6-5640,311.63097599354,-59.9091008376638,4.92478927538661,-56.6798816028519,3.080695683015671e-10,0.0646842389662541,0.104880494830596,True,4FGL J0019.2-5640,311.750823974609,-59.8909873962402,bcu,2.9021449132748955e-10,PMN J0019-5641
1FDL J2357.6-2857,21.0244134855692,-78.0036176321565,359.418609350406,-28.9596564164802,3.080127682782772e-10,0.0759689697238642,0.123177829362431,True,4FGL J2358.1-2853,21.2894477844238,-78.1242065429688,bcu,2.9693805747577073e-10,PMN J2358-2853
1FDL J0544.3+0924,196.681969704613,-10.2987668682316,86.089049602573,9.41069913544544,3.0753665050994405e-10,0.0976303165025975,0.158300030605073,False,,,,,,
1FDL J0521.8-3841,243.167106585888,-33.3457994059234,80.4640179116439,-38.6839252463065,3.0726428303394796e-10,0.0983274600889201,0.159430378330967,True,4FGL J0521.8-3848,243.313034057617,-33.3608894348145,bcu,3.2370267577519485e-10,PKS 0520-388
1FDL J2322.9-0736,71.810758283616,-61.3595079783827,350.745605886823,-7.61041062859385,3.069252653633953e-10,0.0821322101150954,0.133171032776566,True,4FGL J2322.6-0735,71.7095642089844,-61.2844047546387,bcu,2.496088336023661e-10,PMN J2322-0736
1FDL J1200.9+2003,241.732005219328,76.459392061793,180.24337625708,20.0550476607886,3.0630482641789883e-10,0.098662521265512,0.159973667642286,True,4FGL J1200.7+2008,241.320114135742,76.459587097168,bcu,3.1836455693934335e-10,TXS 1158+204
1FDL J0949.3+1748,215.635600830601,47.1552197279376,147.344878807916,17.805028545494,3.06286489350691e-10,0.145890445363035,0.236550091303931,True,4FGL J0949.2+1749,215.58659362793,47.1380348205566,fsrq,1.5783474527353292e-10,TXS 0946+181
1FDL J0840.3+1311,212.935766090965,30.0422389907888,130.096197218037,13.1929644130459,3.0621241877453094e-10,0.0979573849913629,0.158830351319426,True,4FGL J0840.8+1317,212.893508911133,30.1921520233154,ssrq,1.9525357719540887e-10,3C 207
1FDL J0211.5-0644,169.593363966178,-62.1153260861545,32.8903253950192,-6.74034074478465,3.0609438290960945e-10,0.09577117677914,0.155285578903216,True,4FGL J0211.1-0646,169.479309082031,-62.2123603820801,bll,2.3232561707775543e-10,NVSS J021109-064551
1FDL J1319.5+1409,331.19269666263,75.4656420165848,199.898807282446,14.161883391141,3.060555363378591e-10,0.13490319349526,0.218735123616829,True,4FGL J1319.5+1404,331.032653808594,75.3839416503906,bll,2.0057870642187223e-10,RX J1319.4+1405
1FDL J1034.5-4641,279.863144139578,9.96146187761364,158.625442074447,-46.6853460575641,3.0603135134029516e-10,0.131372579427392,0.213010502668445,True,4FGL J1034.7-4645,279.938690185547,9.92807102203369,unk,1.767812007891223e-10,1RXS J103438.7-464412
1FDL J1344.5-3635,314.670680037728,25.063004466301,206.129807832577,-36.595835237032,3.0584306689718124e-10,0.138413533233379,0.224426849401986,False,,,,,,
1FDL J0931.2-1907,251.053324381246,22.99826316877,142.821615641448,-19.1227059586686,3.0584013731571604e-10,0.0880466132615401,0.142760793134369,True,4FGL J0931.2-1906,251.049453735352,23.0047760009766,PSR,3.8572189886565406e-10,PSR J0931-1902
1FDL J1440.3-3849,325.124325451555,19.3153823523587,220.085400410439,-38.8180411573835,3.0564611504221644e-10,0.0980148574264484,0.158923535836497,True,4FGL J1440.6-3846,325.193634033203,19.326566696167,bll,5.771636502061027e-10,1RXS J144037.4-384658
1FDL J1207.2-0525,283.106403360267,55.7353402430985,181.801049535647,-5.42444258230607,3.0520654316703434e-10,0.0782691624395349,0.126907406322985,True,4FGL J1207.2-0524,283.128295898438,55.7538909912109,bcu,1.5614499970784124e-10,1RXS J120722.5-052442
1FDL J1850.8-6445,330.825424080922,-24.2988870894455,282.714616477315,-64.7615458571324,3.050640558912372e-10,0.0890888198021694,0.144450646307604,False,,,,,,
1FDL J1213.5-2613,292.426645922853,35.8682630234379,183.379089160991,-26.2287317371455,3.049479231934408e-10,0.106073787720046,0.171990451756062,True,4FGL J1213.3-2618,292.399047851563,35.7774391174316,bll,2.7733826346576507e-10,RBS 1080
1FDL J1401.6-0910,330.454916097484,49.9078847340228,210.404887849819,-9.17604009227817,3.043912471313842e-10,0.102338211312458,0.165933517900501,True,4FGL J1401.2-0915,330.264587402344,49.8741035461426,fsrq,2.4364740780491445e-10,PKS B1358-090
1FDL J1608.7-2935,346.319876711082,16.2159391562693,242.190699357346,-29.5842608530804,3.043489725786055e-10,0.122411052203272,0.198480074534475,False,,,,,,
1FDL J0407.5+1033,181.317535400391,-29.34002,61.8977511877412,10.5597094011402,3.042928585364882e-10,0.122143193279398,0.198045755298142,False,,,,,,
1FDL J0506.9-0905,209.111734969108,-27.3100676109105,76.7465816365552,-9.08494319422904,3.0389161698747806e-10,0.0945193271581451,0.153255809065726,True,4FGL J0506.7-0857,209.055557250977,-27.3112735748291,bll,3.6646746748303366e-10,1WGA J0506.6-0857
1FDL J2240.9-4747,345.019371094981,-57.280019760631,340.229118158951,-47.7860724228203,3.038908892625906e-10,0.0814559843150723,0.132074590228401,True,4FGL J2240.7-4746,345.064208984375,-57.2603149414063,bcu,1.5457611579616779e-10,SUMSS J224042-474733
1FDL J2113.3-8617,306.394859117632,-29.2389907739892,318.33213266862,-86.2892664729773,3.038188531242213e-10,0.0790565298691008,0.128184067120411,True,4FGL J2109.8-8618,306.412567138672,-29.181884765625,bcu,2.3493409995190007e-10,2MASS J21101113-8618473
1FDL J1508.9-4325,327.791752542777,12.7010502109672,227.244772097441,-43.433072908486,3.0370755813256637e-10,0.167473883868886,0.271545982711554,True,4FGL J1509.6-4334,327.824279785156,12.5132856369019,fsrq,3.3831748513790666e-10,PMN J1509-4340
1FDL J0600.6-6055,269.896843028202,-29.5771167368958,90.1604724889366,-60.9217774249056,3.0345747511394436e-10,0.0986550491143566,0.159961558814633,True,4FGL J0601.4-6057,269.951843261719,-29.4855651855469,,1.5360948624199009e-10,
1FDL J0548.6-6944,280.106170091839,-30.7448033092249,87.151185706941,-69.7362337728565,3.031023335752977e-10,0.0976872899082113,0.158392406241471,False,,,,,,
1FDL J1516.3+0019,1.3747321407022,46.1004812671844,229.077850312033,0.320632579705944,3.0284549662582865e-10,0.109556773785885,0.177637839683614,True,4FGL J1516.5+0015,1.37071931362152,46.0194435119629,rdg,2.86421247830404e-10,PKS 1514+00
1FDL J0242.7+7514,129.968572904555,13.9164765297434,40.6922617831904,75.2453607124319,3.026490255937698e-10,0.140909431507509,0.228473771381771,False,,,,,,
1FDL J1455.1-1645,340.877038913276,36.8301255558368,223.791906630548,-16.7640433294749,3.02466443654584e-10,0.105828162339691,0.171592198828413,False,,,,,,
1FDL J0305.2-1604,200.249868550972,-57.1148492989625,46.312566945597,-16.0710806370711,3.022079744434453e-10,0.12173779016584,0.197388421975477,True,4FGL J0305.1-1608,200.36003112793,-57.165096282959,bll,2.472036741973937e-10,PKS 0302-16
1FDL J1847.9+5218,81.80457887624,21.6554116563155,281.997352952089,52.310564385867,3.0207195060032475e-10,0.0785221624132653,0.127317630125189,True,4FGL J1847.6+5219,81.8071441650391,21.713228225708,bcu,1.727650106309042e-10,NVSS J184754+521513
1FDL J0207.2-3856,254.507287810629,-70.2765930964297,31.8007233639119,-38.9430890376276,3.0199600648485215e-10,0.0800401047279497,0.129778851724869,True,4FGL J0207.4-3855,254.396575927734,-70.2491912841797,bcu,2.082805455883019e-10,PKS 0205-391
1FDL J0856.6+2057,206.001696551853,36.5137172041414,134.172107294117,20.9544338339428,3.013169758419871e-10,0.105554952065692,0.171149208993279,True,4FGL J0856.8+2056,206.022109985352,36.5359230041504,bll,4.684205801019914e-10,TXS 0853+211
1FDL J0126.5+2411,133.116475024716,-37.9794897221893,21.6485889389156,24.1960204388621,3.013104818693039e-10,0.103585017246688,0.16795512946861,True,4FGL J0126.8+2412,133.176086425781,-37.9570388793945,,1.9565414566269368e-10,
1FDL J1657.0+6008,89.5314035135502,37.4101376102848,254.26862544151,60.1334916474753,3.01243385679671e-10,0.0905156021217879,0.146764083209408,True,4FGL J1657.0+6010,89.5748901367188,37.4094657897949,fsrq,2.2461238424753558e-10,RGB J1656+602
1FDL J1238.3-1156,297.866355412709,50.8019726733038,189.589702233721,-11.9410897133786,3.0122535161774087e-10,0.108666620181698,0.176194536582183,True,4FGL J1238.5-1201,297.932189941406,50.7181205749512,fsrq,4.703817335638405e-10,TXS 1235-117
1FDL J0823.4+2228,201.272107852728,29.7031070758034,125.85124628269,22.4685313839709,3.009852408518632e-10,0.0782323543899983,0.126847731148039,True,4FGL J0823.3+2224,201.333953857422,29.6773586273193,bll,2.613470828638498e-10,OJ 233
1FDL J0602.5-0941,216.181560383259,-15.2193671940856,90.6364869795188,-9.69385145593928,3.005505728004595e-10,0.125870104040286,0.204088639206796,False,,,,,,
1FDL J0706.0+0004,214.523313135247,3.27993688539795,106.503814237586,0.0809670492499697,3.004437126395175e-10,0.158746379680666,0.257395008990433,True,4FGL J0705.8-0004,214.63525390625,3.16993403434753,,3.6788058710435213e-10,
1FDL J0219.5+2441,147.209891357486,-33.9915084685376,34.8966194098426,24.690786281398,3.0035882727914493e-10,0.0766685879319931,0.124312202568053,True,4FGL J0219.0+2443,147.06608581543,-33.9983673095703,bll,3.191060748974905e-10,87GB 021610.9+243205
1FDL J0754.3+0450,215.795466109391,16.1841038413523,118.577612830293,4.84120140621514,3.001546252297431e-10,0.0883202483767028,0.143204468290956,True,4FGL J0754.0+0451,215.754852294922,16.1409587860107,bcu,2.7647001354935696e-10,GB6 J0754+0452
1FDL J1401.5-3221,319.722727047082,28.2239452331073,210.394960132165,-32.3505404833585,3.000676658326915e-10,0.0868443097375245,0.140811350272384,True,4FGL J1401.7-3217,319.791473388672,28.2705459594727,,2.1403072369974294e-10,
1FDL J1740.7+0852,32.9707372721231,19.7169471372681,265.184994187384,8.88225984590451,3.000223994263251e-10,0.0978982465472952,0.158734460472492,False,,,,,,
1FDL J1200.0-3701,291.662492668457,24.7123011022228,180.010581471782,-37.0321979509454,2.998252469099499e-10,0.0794313926677625,0.128791875091705,False,,,,,,
1FDL J1358.8-0704,330.864112668494,52.1014006243319,209.714235308189,-7.07595607275844,2.993535412036357e-10,0.0754971830990802,0.122412852459695,True,4FGL J1358.9-0703,330.910186767578,52.1035614013672,bcu,2.113299257811008e-10,NVSS J135850-070403
1FDL J1200.6+1229,261.339084168241,71.141498204819,180.163491280952,12.4954160732806,2.99273263819584e-10,0.0845528082273406,0.137095843832506,True,4FGL J1200.6+1229,261.368927001953,71.1447906494141,bll,2.708887003599614e-10,GB6 J1200+1230
1FDL J0659.3-2741,238.720574303145,-10.6515120197586,104.83082110462,-27.6974098187748,2.989659718724785e-10,0.10744525499112,0.174214197735142,True,4FGL J0659.6-2742,238.753189086914,-10.5924520492554,fsrq,4.6222969896092536e-10,TXS 0657-276
1FDL J1441.8-2758,330.776446793659,28.8578705484079,220.454063587333,-27.9788390165986,2.988972504560882e-10,0.121524981026747,0.19704338228021,True,4FGL J1442.1-2800,330.837310791016,28.7981376647949,,2.5929686175985007e-10,
1FDL J1616.7+4101,65.0099109227341,45.9536171974134,244.195700387929,41.0224937815223,2.987999221559718e-10,0.074189688347517,0.120292858930554,True,4FGL J1616.7+4107,65.1554412841797,45.9607315063477,bll,1.5009585241365642e-10,B3 1615+412
1FDL J0809.2-7210,285.037672966451,-20.0863669740141,122.304704056464,-72.1799729911756,2.985910596289124e-10,0.15085556660731,0.244600659826104,False,,,,,,
1FDL J1353.6+3733,75.373431547838,73.2719446734272,208.401288567182,37.5574691318503,2.9844808735390817e-10,0.157480443702054,0.255342410574009,True,4FGL J1353.2+3740,75.8802108764648,73.2647705078125,bll,1.729960202867531e-10,RGB J1353+376
1FDL J0156.3-2418,205.642554636791,-75.1109007980776,29.099881531408,-24.3090874391564,2.981473543985324e-10,0.0865204905461551,0.140286311248887,True,4FGL J0156.3-2420,205.718963623047,-75.1367797851563,,2.415801447774868e-10,
1FDL J0421.2+4018,160.436843016902,-6.81442872123475,65.3054316973931,40.3110280210652,2.97715715276367e-10,0.196138675377645,0.318023734935982,True,4FGL J0420.2+4012,160.379653930664,-7.02773475646973,bll,3.494564637662733e-10,B3 0416+400
1FDL J0128.2+4437,129.790479453072,-17.7577772247912,22.0542292634825,44.6236264811004,2.976750806749616e-10,0.0903885303612678,0.146558043287369,True,4FGL J0128.5+4440,129.848098754883,-17.6947574615479,fsrq,1.5765733163419782e-10,GB6 J0128+4439
1FDL J1209.8-5246,296.574007395334,9.57716238344881,182.459060462047,-52.7802630410406,2.9742070586780054e-10,0.189049040996661,0.306528441909682,False,,,,,,
1FDL J0506.2-3820,242.181521239008,-36.3683300350744,76.5624438313293,-38.3476649998809,2.97354475858284e-10,0.088285294110891,0.143147795987851,True,4FGL J0505.8-3817,242.106674194336,-36.3691673278809,bll,2.2889490303157342e-10,1RXS J050559.9-382059
1FDL J0659.4+1714,198.33343228912,9.47886579269843,104.852035675166,17.2382965418953,2.9722775416903477e-10,0.0996860574819345,0.161633265904311,True,4FGL J0659.9+1709,198.467681884766,9.55595302581787,fsrq,2.6587804180522307e-10,TXS 0657+172
1FDL J2041.6-6212,333.892098052552,-36.5312724449385,310.402345025422,-62.2115426844603,2.972014199240045e-10,0.0958721605884225,0.155449309152243,False,,,,,,
1FDL J0208.3+0959,152.206190922597,-48.4551092470739,32.0858539281595,9.99662889075153,2.9719145622352395e-10,0.1169413130982,0.189611324520453,True,4FGL J0207.9+0953,152.161636352539,-48.5940437316895,bcu,1.4614764953790882e-10,GALEXASC J020754.55+095014.0
1FDL J1136.2+3404,185.059009103435,72.4382387390191,174.074520046598,34.0749434457943,2.9714947001290776e-10,0.0880127029798632,0.142705816514599,True,4FGL J1136.2+3407,184.888580322266,72.421630859375,fsrq,3.5730746139606135e-10,MG2 J113627+3408
1FDL J0737.2-4304,256.200451614817,-10.5137395605213,114.30096501357,-43.0767010782856,2.9658359150270406e-10,0.192063689982292,0.311416479301901,False,,,,,,
1FDL J0016.9-0649,99.4067287997085,-68.1119734337612,4.24038692996451,-6.82908053494974,2.9649979675518175e-10,0.0866068183203537,0.140426275121351,True,4FGL J0017.0-0649,99.4617080688477,-68.1226196289063,bcu,3.8783798395058966e-10,PMN J0017-0650
1FDL J1337.0+6534,115.484750604687,50.8820689023107,204.268319064682,65.581217607508,2.963180861477737e-10,0.122507308708457,0.198636143970123,True,4FGL J1338.0+6534,115.324096679688,50.8643836975098,fsrq,1.7195786461421392e-10,87GB 133543.8+654752
1FDL J0733.9+3647,182.314539145679,23.8576950745803,113.47968729273,36.796340704591,2.95853669336207e-10,0.0988814114036389,0.160328584988428,True,4FGL J0733.6+3649,182.271820068359,23.8193187713623,bcu,1.93143515070382e-10,GB6 J0733+3650
1FDL J2120.3-1257,38.0263806526365,-38.8340835566354,320.091888359977,-12.9659316211033,2.957098833799103e-10,0.093105356483652,0.150963158155253,True,4FGL J2120.6-1254,38.1241455078125,-38.865406036377,bcu,2.7183194584168286e-10,NVSS J212035-125443
1FDL J0553.4-0936,215.101008210845,-17.1962864869424,88.3732641912577,-9.61279080678694,2.9541615413923734e-10,0.1338996769615,0.217108001680207,False,,,,,,
1FDL J1135.3+3008,198.191946914399,73.06031997736,173.842928726278,30.1441250924955,2.9539457832236e-10,0.0880911154186963,0.142832932584731,True,4FGL J1135.1+3014,197.900115966797,73.0044708251953,bll,2.2861330883916506e-10,CRATES J113514+301001
1FDL J1603.7+1105,23.0143339405144,42.155643463509,240.945578105628,11.0928161849164,2.94856047779293e-10,0.0831839880341005,0.134876420642221,True,4FGL J1603.8+1104,22.9955959320068,42.1327056884766,bll,2.296180051652996e-10,MG1 J160340+1106
1FDL J2124.3-2432,23.932243682659,-43.6518338522916,321.077277050454,-24.5499388832395,2.948133325262911e-10,0.102922125943883,0.166880304100055,True,4FGL J2124.9-2433,23.9778213500977,-43.7904815673828,,1.3169475232555072e-10,
1FDL J1640.3+6854,100.736625258765,36.7855316714117,250.0812657301,68.9095057719977,2.945642247377348e-10,0.104238114032852,0.169014069533268,True,4FGL J1640.3+6850,100.665077209473,36.8070793151856,bcu,2.12689560408208e-10,NVSS J164014+685231
1FDL J1818.9+2648,54.2056703473405,18.5255418779259,274.749708600475,26.811412777964,2.9366059878596675e-10,0.117866267492179,0.191111066429345,False,,,,,,
1FDL J2150.9-1750,35.7917560926472,-47.5239902737484,327.746358449811,-17.8382176181271,2.936507537917874e-10,0.074752576420403,0.121205533236252,True,4FGL J2150.7-1750,35.7710609436035,-47.475456237793,bll,2.3645638225211485e-10,MRSS 600-040574
1FDL J0448.9-2120,220.575368448048,-36.0294254222332,72.2372302172011,-21.3424856841391,2.936500505905479e-10,0.103564854261257,0.167922417059529,True,4FGL J0448.7-2116,220.488037109375,-36.0471038818359,,2.077990973736732e-10,
1FDL J0118.5-6009,296.794098641892,-56.6480379157794,19.6432062900498,-60.1556757648982,2.933499374842868e-10,0.0901807712280297,0.146221159892225,True,4FGL J0118.3-6008,296.838104248047,-56.6660499572754,,1.6340918895796364e-10,
1FDL J0800.4+6450,151.412364806591,31.6643002222667,120.113080216928,64.8495231364828,2.9332675650344805e-10,0.0901876332598806,0.146232309052085,True,4FGL J0801.1+6444,151.531585693359,31.7466316223145,bll,1.9423568309306918e-10,RX J0801.0+6444
1FDL J0104.7+8211,123.409190282958,19.336642388127,16.1779203564197,82.1960865629454,2.93074693858002e-10,0.112032022858176,0.181651278493095,False,,,,,,
1FDL J0804.5-0621,227.244498289691,13.1196433432629,121.143460169196,-6.35976436645044,2.9302837722678517e-10,0.144200505502481,0.233809991436645,True,4FGL J0804.9-0624,227.330520629883,13.1736164093018,bcu,4.2839240488312664e-10,1RXS J080458.3-062432
1FDL J1422.1+8153,119.150130953336,34.5515626273679,215.535436120953,81.8995445991133,1.1660111945933665e-10,0.109876579873969,0.178156416005045,True,4FGL J1422.6+8150,119.101005554199,34.5946464538574,bcu,8.193532657907454e-11,WN B1426.4+8205
1FDL J1453.2-0416,350.735813705393,46.9720379178538,223.31930785915,-4.27615222821043,2.928249514820426e-10,0.113646533496617,0.184269080956488,False,,,,,,
1FDL J2014.5+0649,48.9368119605607,-15.0174041603182,303.625340069147,6.826036573221,2.926090539517567e-10,0.0924128528307968,0.149840313992502,True,4FGL J2014.5+0648,48.9280128479004,-15.0373392105103,bll,4.0550926505567015e-10,NVSS J201431+064849
1FDL J1801.7+3635,62.8859627273839,25.1822098462268,270.441318187945,36.5955226766627,2.925943394634977e-10,0.0847447341075913,0.137407045262925,True,4FGL J1802.4+3634,62.9067840576172,25.0520782470703,,2.2144501510279466e-10,
1FDL J0713.4+2546,191.739411681886,15.9704934140423,108.364805824562,25.7710280030552,2.9252077812071606e-10,0.135354457527636,0.219466791397839,True,4FGL J0713.5+2537,191.876846313477,15.9252853393555,bcu,2.1621293644358275e-10,NVSS J071336+254016
1FDL J0202.9-0247,161.12375122573,-60.2489043700779,30.7491260115324,-2.79566894193955,2.925102708672922e-10,0.0913466438926562,0.148111539159796,True,4FGL J0202.6-0258,161.19889831543,-60.4482879638672,fsrq,2.514858321589486e-10,WISE J020239.94-030207.9
1FDL J1952.5+2933,65.8648788606667,1.19515378879538,298.141891847455,29.554687133614,9.246576349306329e-10,0.150463516995858,0.243964994412319,True,4FGL J1952.8+2924,65.7663192749023,1.05943524837494,spp,1.5261614194628235e-09,SNR G065.7+01.2
1FDL J2058.1+3338,77.2719601943137,-7.85222821735473,314.542917775952,33.6348457643281,2.923968165765258e-10,0.0963682090353995,0.156253615109721,True,4FGL J2058.0+3338,77.2603454589844,-7.83369493484497,,2.907767360227353e-10,
1FDL J1522.8-3943,332.103870622418,14.4249016931676,230.718023651629,-39.7183395958859,2.919322536882571e-10,0.110689440761822,0.179474404066488,True,4FGL J1523.2-3941,332.184295654297,14.4047393798828,bcu,2.023608919321518e-10,PMN J1523-3936
1FDL J1041.9-0555,254.645237913326,44.4676773579724,160.475907857743,-5.92360303109333,2.917924698028707e-10,0.0864573172812431,0.140183885774991,True,4FGL J1041.9-0557,254.674087524414,44.4469337463379,bll,2.788768938000174e-10,PMN J1042-0558
1FDL J1717.4-6050,330.230145548106,-13.0278190964405,259.373985827639,-60.8449689651268,2.917715079937085e-10,0.127353664711544,0.206494157205782,True,4FGL J1717.3-6045,330.299072265625,-12.9640989303589,bcu,3.617623978158235e-10,PMN J1716-6045
1FDL J0414.8-4255,247.767749525717,-46.2139644069452,63.7168778104491,-42.919780995838,2.9157733351319445e-10,0.0998583720847559,0.161912653258275,True,4FGL J0414.7-4300,247.902130126953,-46.2213897705078,,4.1773529080302296e-10,
1FDL J1756.4+1551,41.3928459925181,19.1530747876007,269.11039439322,15.8610152701773,2.9147820073111197e-10,0.122450487171151,0.198544021758024,True,4FGL J1756.6+1553,41.4505004882813,19.1184196472168,fsrq,1.4840395579085452e-10,PKS 1754+159
1FDL J1509.7-4116,329.074848305556,14.468373891089,227.447950534759,-41.2752369505312,2.913337506407358e-10,0.171918506093111,0.278752584326121,True,4FGL J1508.9-4110,329.000061035156,14.637993812561,spp,2.8923344275177953e-10,SNR G330.0+15.0
1FDL J0655.7-1718,228.887266946092,-6.86567854314416,103.943019141769,-17.3016286559875,2.909593514480318e-10,0.111154192738356,0.180227944815535,False,,,,,,
1FDL J0031.0+0732,114.114930603472,-54.9867425303873,7.7699349802393,7.53610945465821,2.9088968408875334e-10,0.0849319110117653,0.137710545795599,True,4FGL J0031.3+0726,114.195915222168,-55.0858459472656,bll,1.7946120978162838e-10,NVSS J003119+072456
1FDL J0809.2+4059,179.54426312706,31.5214140952505,122.312977988769,40.9872183536841,2.9088968408875334e-10,0.0785251264214203,0.127322429751428,True,4FGL J0809.3+4053,179.652938842773,31.5178966522217,fsrq,2.1784274384373248e-10,S4 0805+41
1FDL J0608.7-5502,263.338920427447,-27.9145490636988,92.1844762598837,-55.0338326780212,2.906028304643037e-10,0.168265575476716,0.272829671029469,True,4FGL J0608.9-5456,263.24169921875,-27.8706455230713,bcu,3.630857281500255e-10,PKS 0607-549
1FDL J0151.3-3606,251.874034331171,-74.4308148213726,27.8353897468039,-36.1139664930335,2.9040804286392643e-10,0.0895434325242131,0.145187777631865,True,4FGL J0151.4-3607,251.861373901367,-74.3998641967773,bcu,1.8522575140345052e-10,PMN J0151-3605
1FDL J0127.4+4856,129.005972041138,-13.4973572982515,21.8731921633123,48.9487055172743,2.90275939927093e-10,0.103684381880279,0.168116236931475,True,4FGL J0127.9+4857,129.075073242188,-13.4826183319092,bll,2.484832895000011e-10,GB6 J0128+4901
1FDL J0712.2-0505,219.839359232839,2.2964410729991,108.069944392753,-5.08755112276824,2.902467463361417e-10,0.12306322314615,0.199537524588007,False,,,,,,
1FDL J1904.3+4934,79.9260255556353,18.2370375650875,286.088434791106,49.5737275813429,2.9024257606283255e-10,0.109027588086825,0.176779840608613,True,4FGL J1905.8+4942,80.1532821655273,18.1530818939209,,2.908422946923394e-10,
1FDL J1022.4-1819,260.326165294864,31.9520387980203,155.624167099513,-18.3305984460472,2.902321506417041e-10,0.0705673752293981,0.114419558066023,False,,,,,,
1FDL J2014.0+2629,65.7950545823331,-4.44299946169272,303.510945559796,26.4977525720899,2.9005705954806973e-10,0.14999207239701,0.243200580481334,False,,,,,,
1FDL J0004.4-4003,336.951610032766,-73.814976367682,1.10360408396992,-40.055379323299,2.8990984250393723e-10,0.107756659392934,0.174719121006666,True,4FGL J0004.4-4001,336.991485595703,-73.8453369140625,,2.3966634232763795e-10,
1FDL J2336.7+2402,101.815306779974,-35.7501144762858,354.187267671758,24.0402651320952,2.893605225250686e-10,0.0786694775689574,0.127556494607506,True,4FGL J2336.6+2356,101.737228393555,-35.8309783935547,bcu,2.745364491296698e-10,B2 2334+23
1FDL J0957.8+3428,190.771393415597,52.3045227659639,149.469516132261,34.4772886319943,2.88910469475864e-10,0.0794561217206813,0.128831966437403,True,4FGL J0957.8+3423,190.901885986328,52.3041496276856,bcu,2.8678209806898275e-10,B2 0954+34
1FDL J0212.1-2601,214.046553003041,-71.9389576658828,33.0394884537243,-26.0326630681233,2.8860483329965446e-10,0.0740507548875934,0.120067591812581,True,4FGL J0212.2-2559,213.932693481445,-71.9161682128906,bcu,1.6743317843292968e-10,PMN J0212-2558
1FDL J1203.9+1143,264.781353856582,70.9879598836578,180.999535687032,11.7190570332616,2.8848253121558903e-10,0.145293999001931,0.235583029074935,True,4FGL J1204.0+1146,264.734771728516,71.0466232299805,bll,2.7493021748092867e-10,1RXS J120413.0+114549
1FDL J2043.1-5420,343.634342142238,-37.8364119235821,310.778836095909,-54.347208243319,2.8814629515106776e-10,0.121877458722547,0.197614896628866,True,4FGL J2042.7-5415,343.755310058594,-37.7859878540039,bcu,3.3648253627838187e-10,WISEA J204241.98-540925.3
1FDL J1453.4+3507,57.6080245898143,62.8173670099778,223.359202342709,35.1249506538927,2.88026946307782e-10,0.088473816852292,0.14345347765793,True,4FGL J1453.5+3505,57.5202026367188,62.7962684631348,fsrq,1.946103556083045e-10,MG2 J145315+3506
1FDL J0432.5+1319,183.14328920191,-22.8391203436393,68.140389892086,13.3262042369537,2.8777943791505477e-10,0.126815890613606,0.205622183353098,True,4FGL J0433.0+1327,183.108993530273,-22.6626892089844,,3.302887130463006e-10,
1FDL J0458.0+1206,188.095348399963,-18.5113208158068,74.5171363917102,12.1053906334283,2.8773809235884314e-10,0.132711559236246,0.215181556206846,True,4FGL J0458.0+1152,188.292251586914,-18.6506443023682,bcu,1.723005627063401e-10,NVSS J045804+115142
1FDL J1605.4+2716,44.7609337900641,47.1461701780812,241.363405261452,27.2813813383837,2.87610647617575e-10,0.0952520842517245,0.154443893417593,True,4FGL J1606.5+2717,44.8568534851074,46.9040908813477,fsrq,1.5327036861911836e-10,B2 1604+27
1FDL J1949.5+7314,105.437375719113,21.855825317991,297.390218076748,73.2481366454813,2.8691311459996234e-10,0.12295803135645,0.19936695850019,True,4FGL J1949.5+7311,105.376586914063,21.8333320617676,bcu,2.468609761052676e-10,CRATES J195016+731028
1FDL J2219.9+4301,95.6655882215802,-11.6792378200048,334.997138898369,43.0325539690679,2.868732674502155e-10,0.0874388045310175,0.141775267281226,False,,,,,,
1FDL J0337.8+2422,164.673502982507,-24.6962090185788,54.4733236899532,24.3819496038734,2.8670020270180195e-10,0.102518026064725,0.166225061984323,True,4FGL J0337.5+2423c,164.611953735352,-24.7418727874756,,2.137927612722024e-10,
1FDL J0711.7-0448,219.524404599669,2.30222060357125,107.929302672312,-4.80570511713196,2.86578021477224e-10,0.124758555873771,0.2022863735631,False,,,,,,
1FDL J1905.8-1011,25.4360707149857,-7.79088980063304,286.454118763676,-10.1859554117856,2.8651351981858496e-10,0.155241778458211,0.251712544947325,False,,,,,,
1FDL J2020.4+2251,63.5639148311629,-7.67537919065862,305.123902521235,22.8614646865354,2.8631667371926594e-10,0.178955951600829,0.290163295767307,False,,,,,,
1FDL J0909.7-1811,246.73320251644,19.7161696716487,137.429861043144,-18.1952406709626,2.861960266382085e-10,0.0838330623132002,0.135928850627861,True,4FGL J0910.1-1816,246.859359741211,19.7468013763428,,1.41297265554563e-10,
1FDL J1909.3+4643,77.4618417587421,16.5140864483339,287.343768520195,46.7190380910334,2.8612749981027646e-10,0.10206709658931,0.165493912986548,True,4FGL J1909.2+4646,77.5112228393555,16.5509052276611,,2.675572818855443e-10,
1FDL J2154.5+2253,78.1391494695539,-24.2106381323427,328.630575613725,22.8948443750841,2.860315898158597e-10,0.131878760356191,0.213831239347471,False,,,,,,
1FDL J0653.7+1636,198.298568868826,7.97938413033681,103.425375488019,16.6163249594978,2.858597173784284e-10,0.0949913292373123,0.154021102426906,True,4FGL J0653.6+1636,198.297439575195,7.96405982971191,bcu,3.848202034806292e-10,2MASX J06533986+1636432
1FDL J0226.6+8209,126.286922659826,19.9209167448022,36.6633386782114,82.1649230874605,2.8583918176677645e-10,0.10824155400596,0.175505317366587,True,4FGL J0228.1+8208,126.344902038574,19.9203281402588,bcu,1.7100626470423208e-10,WN B0220.3+8153
1FDL J1117.7-3648,282.80956153417,22.3716044085806,169.44537975962,-36.8136170909404,2.8583575930826313e-10,0.0836289039207396,0.135597816992772,True,4FGL J1117.7-3650,282.812225341797,22.349588394165,bcu,1.5272023923262878e-10,NVSS J111758-364918
1FDL J1315.4+8448,122.291020711988,32.2840027430737,198.865100924519,84.8143240297463,2.857666344199143e-10,0.116411446621477,0.188752184783328,True,4FGL J1315.4+8453,122.300254821777,32.2116470336914,bcu,1.2195437715245558e-10,6C B132240+850531
1FDL J1114.9-0705,265.124148157964,48.5603101267412,168.727241609646,-7.09645775175029,2.8572831495329743e-10,0.0730574815277801,0.118457073998813,True,4FGL J1115.2-0703,265.193908691406,48.6333122253418,bcu,3.824254801720883e-10,NVSS J111511-070238
1FDL J1216.7-0603,287.464348822405,55.7620140251639,184.180729864858,-6.06370583495912,2.847344922333463e-10,0.0762126388469036,0.123572928399985,True,4FGL J1216.2-0600,287.236938476563,55.7906112670898,,4.301375922111106e-10,
1FDL J2033.9-1839,26.3973073027554,-30.7009921079372,308.485621717472,-18.656531145288,2.8463427786233717e-10,0.108489053481607,0.175906622002776,False,,,,,,
1FDL J0616.7-0936,217.679757522416,-12.0226292027377,94.1987063406423,-9.6151508188457,2.845790727716615e-10,0.151255529509834,0.245249147238049,False,,,,,,
1FDL J1117.9-0415,263.653180388766,51.3439912575358,169.496659920914,-4.25786178350858,2.8401264733762206e-10,0.0861437230553132,0.139675399660499,True,4FGL J1118.2-0415,263.752624511719,51.391242980957,agn,3.8600270202415743e-10,PMN J1118-0413
1FDL J0341.4+2838,162.341069937711,-20.9338833342967,55.361825522341,28.6414215054962,2.839052084167588e-10,0.147377074716066,0.238960558389746,False,,,,,,
1FDL J1821.5-4513,348.962041756778,-14.0147791178472,275.383990130773,-45.2296085213637,2.839018091144267e-10,0.1593802031771,0.258422719423585,False,,,,,,
1FDL J0226.8-0551,174.090999614459,-58.8960528346576,36.7181349654334,-5.85918038662105,2.836965667068703e-10,0.0871658971898524,0.141332760938401,True,4FGL J0226.6-0553,174.047821044922,-58.9535484313965,bcu,2.7624760812194893e-10,PMN J0226-0552
1FDL J1336.1+2318,14.7048782902192,79.2062027972292,204.027963380644,23.3148764945469,2.836619212123783e-10,0.0830951941832539,0.134732435678562,True,4FGL J1336.2+2320,14.8472814559937,79.1945266723633,bll,1.6405864167179374e-10,2MASS J13361219+2319581
1FDL J0521.1+1641,187.365101789943,-11.3126164858667,80.2959635472415,16.6890458447779,2.8365784555001937e-10,0.102310401060454,0.165888415322867,True,4FGL J0521.2+1637,187.424118041992,-11.3301105499268,css,2.444704438886447e-10,3C 138
1FDL J1304.4+1211,315.103454684368,74.7603439722147,196.109913038383,12.1966828155994,2.8362252559580597e-10,0.12179270586182,0.197477484797536,True,4FGL J1304.4+1203,315.025115966797,74.6267471313477,psr,4.3178824404854765e-10,PSR J1304+12
1FDL J0058.1-0537,127.482808842098,-68.4441458623682,14.5380930215683,-5.63174853230032,2.834554946495828e-10,0.0860543692345699,0.139530525549618,True,4FGL J0058.0-0539,127.413467407227,-68.4692535400391,fsrq,4.1236647430054063e-10,PKS 0055-059
1FDL J0819.7+2505,198.105181695324,29.7481752830244,124.929441304159,25.0864891553003,2.8337473043186407e-10,0.0804555735250911,0.130452510509323,False,,,,,,
1FDL J2234.2+8418,119.46201658678,22.3783072662313,338.556491460053,84.3007454754415,2.8326142785635195e-10,0.133514963826628,0.216484223269753,False,,,,,,
1FDL J2056.9-0212,46.3281879636642,-28.7324987992344,314.24921102098,-2.20028542120224,2.8266716292682746e-10,0.0985658069842145,0.159816860097723,True,4FGL J2056.5-0202,46.4299240112305,-28.5575199127197,bcu,3.7448499856651546e-10,PMN J2056-0205
1FDL J0300.1+0004,176.919266461469,-48.8319684847729,45.0317114472906,0.0689467769469125,2.8254467061076913e-10,0.11731910309999,0.190223878112777,False,,,,,,
1FDL J0724.0+2048,197.480987769855,16.2687923754298,111.021641243187,20.814984922649,2.8250813622349303e-10,0.0756136132639036,0.122601643775507,True,4FGL J0723.7+2050,197.431549072266,16.2153491973877,bll,3.0817384755188465e-10,GB6 J0723+2051
1FDL J0806.3+6144,155.040159492781,32.475817427654,121.589282897815,61.7399768144097,2.8236948386754136e-10,0.103228387955869,0.167376875074992,True,4FGL J0805.4+6147,154.981918334961,32.363208770752,fsrq,2.9046090532780506e-10,TXS 0800+618
1FDL J1124.7-0814,269.177501322996,48.8558627562084,171.180559973556,-8.24921120420203,2.8235122740996723e-10,0.109528296278486,0.177591685855027,True,4FGL J1124.6-0809,269.083801269531,48.9267654418945,bcu,1.5973269928970524e-10,AT20G J112437-080643
1FDL J0031.4-2331,70.4435706057985,-84.2203289742297,7.86156285784212,-23.5213827977937,2.8232756338840014e-10,0.0812338639432108,0.131714445430993,True,4FGL J0031.0-2327,70.3182754516602,-84.1056747436523,,2.2835582036417887e-10,
1FDL J1520.5+3232,51.6221730382834,57.3742075725275,230.144542116376,32.5339089054426,2.823235068981314e-10,0.107148937106583,0.173733751372454,False,,,,,,
1FDL J0943.2-2026,254.203172324252,24.141293408744,145.809901926824,-20.4397175121012,2.8225185184630937e-10,0.0958476288565963,0.155409529052199,True,4FGL J0942.7-2028,254.145080566406,24.0364875793457,bcu,1.97422411751802e-10,1RXS J094237.9-202720
1FDL J1136.9+2555,212.832358692478,73.3000269281751,174.225973040091,25.9251140714864,2.8205320563453607e-10,0.0807415616462392,0.130916216989447,True,4FGL J1136.8+2550,213.099456787109,73.2805938720703,bll,2.2631864438071856e-10,RX J1136.8+2551
1FDL J0904.0+4245,178.506960178977,41.827507836341,136.008510583259,42.7658857016468,2.819843202319582e-10,0.0709671466920189,0.115067753214118,True,4FGL J0904.6+4238,178.66389465332,41.9413833618164,fsrq,2.3508497926094657e-10,4C +42.28
1FDL J2053.6-4049,0.984125168019002,-39.8314419387633,313.421249686388,-40.8224541022342,2.8151809822997994e-10,0.132004950475419,0.214035828252365,True,4FGL J2054.1-4054,0.883979976177216,-39.9228591918945,,2.727916226241689e-10,
1FDL J0718.3-5519,266.388272390182,-18.3978681835158,109.594458591956,-55.3245589500618,2.8150596382477886e-10,0.0988498037354317,0.160277332518791,True,4FGL J0717.7-5519,266.349090576172,-18.4802055358887,bcu,1.6699674976194956e-10,1RXS J071745.4-552024
1FDL J0538.4-3910,244.454518007564,-30.2644767959663,84.6196437192824,-39.1764051405742,2.8147360796790847e-10,0.129429247409076,0.209859551811644,True,4FGL J0538.2-3910,244.438491821289,-30.2972564697266,bll,1.7813385488896216e-10,NVSS J053810-390844
1FDL J1728.5-0038,22.5493631736609,18.0573905371162,262.126026366975,-0.639002300530552,2.811697792989879e-10,0.143390448798023,0.232496549743634,False,,,,,,
1FDL J0857.9+6214,153.328628566685,38.3766848694004,134.477325478974,62.2375379502756,2.810923588457021e-10,0.148247941908566,0.240372613947891,True,4FGL J0859.4+6218,153.18928527832,38.5344505310059,bll,1.996195014841717e-10,1RXS J085930.5+621737
1FDL J1716.9-1300,9.95679450679253,14.1718088714652,259.233988796476,-13.0134179050213,2.810768773133709e-10,0.146654095850109,0.237788303532303,False,,,,,,
1FDL J2318.7-3824,356.887542273377,-67.5763725736604,349.680647035663,-38.408548611016,2.810418787311251e-10,0.0953082751771179,0.154535011723456,True,4FGL J2318.6-3827,356.770599365234,-67.5381088256836,,1.6783625877980768e-10,
1FDL J1647.2+6158,92.1217849309633,38.1884472052436,251.804212037939,61.9701905242263,2.809106728556882e-10,0.0990438084808123,0.160591888191238,True,4FGL J1647.1+6149,91.949577331543,38.2301940917969,bll,1.3047131430798942e-10,RX J1647.3+6153
1FDL J0912.8+1555,213.629782346923,38.3329978355404,138.207905301818,15.921040671121,2.8056713668115764e-10,0.0889360398819431,0.144202938742997,True,4FGL J0912.5+1556,213.581573486328,38.2748031616211,bll,2.2747163874736742e-10,RX J0912.5+1555
1FDL J2359.7-3734,345.868745174124,-74.9177791182155,359.936171178035,-37.5762817950796,2.805624336243125e-10,0.0873689117276438,0.141661942970279,True,4FGL J2359.9-3736,345.662841796875,-74.9196243286133,bcu,1.7806581209534042e-10,NVSS J000008-373819
1FDL J1625.9+3509,56.8028545822405,43.9609979523952,246.477448507377,35.1539981923965,2.804254077317273e-10,0.0814338258208383,0.13203865758521,True,4FGL J1626.3+3514,56.930534362793,43.8839874267578,bll,1.4714807150539855e-10,RGB J1626+352
1FDL J1643.9-7712,314.462809484958,-19.9150287857463,250.975776772852,-77.2124278497742,2.803951904424654e-10,0.124219548954022,0.201412419189976,True,4FGL J1643.0-7714,314.403167724609,-19.9005336761475,bll,1.6687308479479412e-10,PKS 1636-77
1FDL J2254.7-2727,25.4098348160573,-64.1447562810619,343.699648120325,-27.4611980581904,2.8022402062987013e-10,0.0834089501357843,0.135241179556604,True,4FGL J2254.8-2725,25.5143737792969,-64.1562423706055,bll,3.502938217270213e-10,NVSS J225453-272509
1FDL J1303.6-5535,304.676000433818,7.23776762657763,195.922318321037,-55.5924867034347,2.8010795315551583e-10,0.169605399386279,0.275002097476899,True,4FGL J1304.0-5539,304.720062255859,7.1765604019165,bcu,3.2290325968631345e-10,PMN J1303-5540
1FDL J1049.6+5008,159.927911434523,57.323628392098,162.403298074895,50.1370970730144,2.800093671285124e-10,0.085576074111618,0.138755013584306,True,4FGL J1049.7+5011,159.836334228516,57.3141479492188,bll,1.7133404417446482e-10,NVSS J104857+500943
1FDL J1248.8+4839,124.082918699285,68.4573133833914,192.219590342048,48.6652184748671,2.798994209449363e-10,0.0813597936565985,0.131918623034034,True,4FGL J1248.9+4840,124.038146972656,68.4529647827148,bcu,1.7501421145649232e-10,87GB 124632.9+485605
1FDL J1141.6-1412,278.524503799985,45.3243007711766,175.419198490732,-14.2156853943005,2.798551864936875e-10,0.113274958103989,0.183666609419311,True,4FGL J1141.5-1408,278.445068359375,45.3770332336426,bll,2.4355786831797843e-10,NVSS J114141-140753
1FDL J0952.8+0714,229.657097797252,43.2815946969611,148.206453656524,7.24777650469383,2.79754679646587e-10,0.0753089832081552,0.122107710168663,True,4FGL J0952.8+0712,229.705856323242,43.2753868103027,bll,1.7705766020004174e-10,SDSS J095249.57+071329.9
1FDL J0525.9-4559,251.975092619878,-33.5996584886477,81.4787979543441,-45.9950651501296,2.790648385815651e-10,0.0946745170559432,0.153507420056558,True,4FGL J0525.4-4600,251.98046875,-33.6748733520508,fsrq,2.686974254206831e-10,PKS 0524-460
1FDL J0216.8+2310,147.250104515659,-35.6331600671599,34.210033582438,23.173447009189,2.788777847591018e-10,0.12636176264718,0.2048858519812,True,4FGL J0216.5+2313,147.151351928711,-35.6068840026856,bll,2.5793731039946977e-10,RBS 0298
1FDL J0046.0-2021,112.362436307056,-83.1206633923605,11.5166413185462,-20.3594121443223,2.7879565432827065e-10,0.0827985315117505,0.134251423525251,True,4FGL J0045.9-2021,112.117500305176,-83.1214981079102,,1.3735486359411908e-10,
1FDL J1441.5+1837,20.2235044480008,63.3146241552426,220.396348146299,18.6319948580802,2.7863680395819954e-10,0.0833313407126601,0.135115322999094,True,4FGL J1441.7+1836,20.2100276947022,63.2666168212891,bcu,2.7790689194340246e-10,NVSS J144143+183706
1FDL J0929.0-2414,254.709483147186,19.1393086856925,142.264502403103,-24.2468557682431,2.784827122131645e-10,0.0929072741366108,0.150642004058697,True,4FGL J0929.3-2414,254.760650634766,19.1865844726563,bcu,1.6909383615537618e-10,NVSS J092928-241632
1FDL J1539.3+4223,68.2125913479478,52.7504515735785,234.846420699593,42.3850020701368,2.7847937783638894e-10,0.124195605164321,0.201373604975298,True,4FGL J1539.9+4220,68.1079254150391,52.6638374328613,bll,1.6069238994997903e-10,87GB 153741.6+422719
1FDL J0253.1-0124,176.691016909752,-51.1171423506356,43.2866477473572,-1.413920439338,2.782227506792905e-10,0.0798943328843249,0.129542510943996,True,4FGL J0253.2-0124,176.7109375,-51.0886878967285,bll,2.926773823297424e-10,FBQS J0253-0124
1FDL J1251.1+1039,302.709932152759,73.5354453407355,192.795454591375,10.6638081405582,2.78204762326674e-10,0.0792862561022288,0.128556537268483,True,4FGL J1251.2+1039,302.798553466797,73.5253067016602,bll,2.087052197730088e-10,1RXS J125117.4+103914
1FDL J0416.6-6627,278.999330065541,-39.8115232987768,64.1562687522512,-66.4656513726009,2.780209480845443e-10,0.07350162400885,0.119177204674915,True,4FGL J0416.0-6628,279.039215087891,-39.8573417663574,bcu,1.2326116516359065e-10,PMN J0416-6629
1FDL J0626.7-5443,263.496408019983,-25.3024658603701,96.698531917221,-54.7176556176261,2.7796502872936627e-10,0.123432590272295,0.200136416434792,True,4FGL J0625.8-5441,263.436431884766,-25.4365139007568,fsrq,2.0411583534496455e-10,PMN J0625-5438
1FDL J0811.6+5557,161.912459027359,33.2821299998009,122.923342915146,55.9542482248768,2.7793973557324147e-10,0.12112831357562,0.196400227641122,True,4FGL J0812.9+5555,161.957305908203,33.4624938964844,bll,1.6696209692579342e-10,NVSS J081251+555422
1FDL J1443.0-0957,342.85008176724,44.0880620506934,220.761931740482,-9.96379358450859,2.7776540854513885e-10,0.148876421526115,0.241391635184162,True,4FGL J1443.7-0954,343.101745605469,44.0345611572266,bcu,1.9053575384120336e-10,PMN J1443-0953
1FDL J1456.6-7132,312.578180551638,-11.0552416832835,224.154461463315,-71.5426743829447,2.7770621546824545e-10,0.124291075299793,0.201528407385423,True,4FGL J1456.4-7129,312.591033935547,-11.0021619796753,,1.732192445036418e-10,
1FDL J0145.9+4606,132.693989900809,-15.7219944480849,26.4772571621198,46.1147140086053,2.77440999260928e-10,0.0922527143481444,0.149580653174934,True,4FGL J0146.3+4606,132.775207519531,-15.7083921432495,bcu,2.0553586610461136e-10,B3 0143+458
1FDL J1803.6+2802,54.1341420786972,22.1521054803062,270.903591638086,28.0376214954231,2.7740512480294813e-10,0.0950336631419589,0.15408975008767,False,,,,,,
1FDL J2150.9-4024,1.34155096752547,-50.6981410020437,327.744975213766,-40.4024059651942,2.7734534434766383e-10,0.0913467873239639,0.148111773037812,True,4FGL J2151.2-4034,1.06835508346558,-50.7380447387695,,1.7509022010031572e-10,
1FDL J1616.5-2531,350.618839422848,17.8096998178421,244.138867336678,-25.5276365017459,2.770758281700485e-10,0.200442423571873,0.325001898613854,True,4FGL J1617.2-2535,350.683563232422,17.6398830413818,bcu,4.757932381416197e-10,PMN J1617-2537
1FDL J0043.7-1117,116.08062990131,-74.0588038004983,10.944853138291,-11.2890205068185,2.7701346522123166e-10,0.0908052134983158,0.147233635213789,True,4FGL J0043.7-1116,116.024574279785,-74.0502624511719,bll,2.026636913843305e-10,1RXS J004349.3-111612
1FDL J1601.5-6232,322.983870422172,-7.32532620164357,240.382301047722,-62.5426905668288,2.768596082217853e-10,0.163170517134116,0.264568406525331,False,,,,,,
1FDL J0447.9+1713,182.219162386836,-17.5239481017106,71.9906494345133,17.2267377391446,2.7608036471054015e-10,0.179627941089994,0.291252876395829,False,,,,,,
1FDL J0601.3+4950,163.178090957481,12.9478707391003,90.3431451098912,49.8362475686247,2.75712362747482e-10,0.138669741977827,0.224842288162262,True,4FGL J0600.4+4949,163.127777099609,12.8097667694092,,1.596756199484517e-10,
1FDL J0359.5+1331,177.269943237305,-28.888765,59.887000319599,13.5330624368653,2.756199439090646e-10,0.0930603096307448,0.150890118257019,False,,,,,,
1FDL J2240.0+5136,103.128157053155,-6.14130928796696,340.012929196866,51.6066681285322,2.7560212383961647e-10,0.139581336996646,0.226320379843997,True,4FGL J2239.4+5130,103.00203704834,-6.18626022338867,bcu,2.632483953046716e-10,LQAC 340+051
1FDL J2235.7+1824,83.3406109980241,-33.838695813473,338.949362662859,18.4055898913762,2.751583141915398e-10,0.122377650680294,0.19842592988066,True,4FGL J2235.3+1818,83.1682891845703,-33.8498153686523,bll,2.987534941656378e-10,2MASS J22352860+1816356
1FDL J1535.6+3916,63.2430952890022,53.9115845630816,233.923725500616,39.2764347350639,2.7500021919853807e-10,0.0880859677729875,0.14282459385491,True,4FGL J1535.4+3919,63.3235168457031,53.9444236755371,bll,1.9964493946922343e-10,RX J1535.4+3922
1FDL J0957.9+3226,194.098766574752,52.2469721192539,149.495354163431,32.4408760141617,2.749712449711126e-10,0.126190318254531,0.204607863028379,True,4FGL J0958.0+3222,194.218231201172,52.2648582458496,fsrq,1.8737161822102166e-10,3C 232
1FDL J1344.6-3702,314.587493777457,24.6180450125027,206.16322012852,-37.0463596079188,2.7479219931879274e-10,0.101077235090732,0.163888939665322,True,4FGL J1344.4-3656,314.582366943359,24.7349529266357,bcu,3.402544079822434e-10,PKS 1341-366
1FDL J0305.1+3348,152.358437748019,-21.3198566256034,46.2807971118696,33.8027406845608,2.7464483750053135e-10,0.150808995667118,0.244525148742727,True,4FGL J0304.5+3349,152.236785888672,-21.3623466491699,bcu,2.3431442897070553e-10,4C +33.06
1FDL J1914.0-3819,359.432765447489,-20.5782071974363,288.507484328705,-38.326060817589,2.746251075442547e-10,0.156601382483084,0.253917059628107,False,,,,,,
1FDL J1650.7+1349,32.2538538225186,32.8971614765069,252.697171596973,13.8166881962336,2.745764463785708e-10,0.0959836338433024,0.155630070452375,False,,,,,,
1FDL J2358.0-4554,328.846661528727,-68.4504608292534,359.522865254809,-45.9008978250381,2.7414085314787316e-10,0.102011215819689,0.16540332347151,True,4FGL J2358.0-4601,328.670715332031,-68.3533782958984,bcu,2.2388312037602279e-10,PKS 2355-461
1FDL J2325.1-2010,47.7448041987927,-69.0946239767796,351.297951338008,-20.1681094546086,2.735526208390969e-10,0.0838669491925278,0.135983776396228,True,4FGL J2325.2-2010,47.7381553649902,-69.1054306030273,bcu,1.7035389765496234e-10,NVSS J232520-201213
1FDL J1257.9-4154,304.22270722029,20.947461634836,194.479341243624,-41.9080462284406,2.735447600722703e-10,0.1295540731578,0.210061953722613,False,,,,,,
1FDL J0202.4+0853,150.934034712866,-50.0817640102153,30.6140472018678,8.88893229134581,2.7348450169720914e-10,0.143540068854073,0.232739139408954,True,4FGL J0202.4+0849,150.980194091797,-50.1343040466309,fsrq,1.873693145082456e-10,TXS 0159+085
1FDL J1330.3+5202,109.183269977933,64.0357268517205,202.598421436799,52.0401555181354,2.7345044848757807e-10,0.0865543160580817,0.140341150738771,True,4FGL J1330.7+5200,109.05167388916,64.0428237915039,bcu,3.0505825643345474e-10,87GB 132842.6+521750
1FDL J2008.1-1353,28.6722556705897,-23.1627359750122,302.040029390952,-13.8945261109605,2.733640247665874e-10,0.140396490446554,0.227642111348179,False,,,,,,
1FDL J1859.6+3627,66.9169122617156,14.2076194111927,284.900924810487,36.454200630869,2.7318733403875133e-10,0.111009168351398,0.179992808536655,True,4FGL J1858.9+3636,67.0131912231445,14.3947706222534,,3.3154856637906955e-10,
1FDL J1536.5-3147,339.352006507252,19.1698896175558,234.137191812059,-31.7839301200231,2.7295584587869396e-10,0.154153868052844,0.249948621011346,True,4FGL J1536.8-3155,339.314025878906,19.0215644836426,bll,2.4655771868609117e-10,PKS 1533-317
1FDL J0639.4+3459,179.998324878703,12.9072180866764,99.8618715854085,34.9936580674417,2.728839544831065e-10,0.097863733691431,0.158678491027436,True,4FGL J0639.6+3503,179.951522827148,12.964129447937,bcu,1.7312375144573622e-10,B2 0635+35
1FDL J1634.1-3045,349.310657115928,11.421436104115,248.529478170924,-30.7663158555982,2.7286369760093445e-10,0.162163474876861,0.262935557524627,False,,,,,,
1FDL J0420.2+2136,174.289037231904,-19.8294401400722,65.0672304196902,21.6005325645255,2.728388686354499e-10,0.158699514214899,0.257319017730902,False,,,,,,
1FDL J0749.0+1325,207.089979286383,18.7322036419997,117.257692668689,13.4281471306874,2.727911772247809e-10,0.105037214410073,0.170309752170368,True,4FGL J0749.6+1324,207.178405761719,18.8663921356201,bcu,4.192664548874348e-10,SDSS J074935.95+132156.0
1FDL J2227.1+0651,71.8757016747271,-41.2828843190572,336.796150635329,6.86475937061712,2.727141046271161e-10,0.114013610058502,0.184864273351677,False,,,,,,
1FDL J1310.8+2449,6.16507357505649,85.0729217290224,197.706364304922,24.826612086829,2.724986781997422e-10,0.0878857793104346,0.142500008025832,True,4FGL J1310.6+2449,5.9461350440979,85.1184387207031,bll,2.639768126311281e-10,CRATES J131038.52+244822.1
1FDL J1003.3+2606,204.666814127683,52.6031338393991,150.848109905732,26.1011287885367,2.7248628004224637e-10,0.0965364536675239,0.156526399682912,True,4FGL J1003.6+2605,204.689010620117,52.6589469909668,bll,2.3259619230664439e-10,PKS 1000+26
1FDL J0508.5-1940,220.533671876096,-31.1494207454834,77.1330016981804,-19.6714663570348,2.7244713166913815e-10,0.0987964127762316,0.160190760476423,True,4FGL J0508.2-1937,220.445617675781,-31.1985969543457,fsrq,2.519282837898373e-10,PMN J0508-1936
1FDL J0442.9-8326,296.487944597932,-30.4682503059165,70.7326703306964,-83.4411020716804,2.7238059234261643e-10,0.124587117970102,0.202008415680853,True,4FGL J0439.6-8322,296.46728515625,-30.5851306915283,,1.322882775545153e-10,
1FDL J0539.6+4358,166.520964474395,6.85656880010371,84.9174567408858,43.9833066645209,2.7225082219802904e-10,0.144326661798742,0.234014562902457,False,,,,,,
1FDL J1450.8+1417,14.1919580618934,59.3755467421266,222.713557681587,14.2841087052607,2.721921524884695e-10,0.106617547235061,0.172872111669558,True,4FGL J1451.5+1415,14.3159980773926,59.2173461914063,bcu,2.2335940041973143e-10,NVSS J145126+141626
1FDL J1840.7+1248,43.2106485749412,8.14012734309032,280.186566615046,12.8131011578663,2.716747774698429e-10,0.172128540667508,0.279093148953006,False,,,,,,
1FDL J2110.2+0410,54.4663369562722,-28.1654151752377,317.550744059062,4.17273265146861,2.714520463831344e-10,0.0953829131801311,0.15465604759002,True,4FGL J2110.3+0404,54.4089622497559,-28.2518100738525,bcu,2.4960755684588776e-10,NVSS J211019+040418
1FDL J1450.9+0915,6.25739856746904,56.6231414354014,222.733080927453,9.26360171182416,2.7118630891469336e-10,0.111885969502241,0.181414471226839,True,4FGL J1450.4+0910,6.02090978622437,56.6616516113281,fsrq,3.1330429917098e-10,TXS 1448+093
1FDL J1918.0-6443,331.3976058381,-27.1549922247815,289.519191607103,-64.7241592229488,2.709909079187316e-10,0.139055710242817,0.225468112773962,True,4FGL J1917.7-6442,331.418914794922,-27.1155662536621,bcu,1.563096180268175e-10,PMN J1917-6435
1FDL J2359.3+0218,97.806083314026,-58.0098997997655,359.849127131385,2.30045369736064,2.708157510713802e-10,0.0897400761594892,0.145506626458264,True,4FGL J2359.3+0215,97.7490234375,-58.0409240722656,bcu,1.0321737214935568e-10,1RXS J235916.9+021505
1FDL J0900.6-1241,240.662631995329,21.3380659041074,135.172653591731,-12.6983877788102,2.7056553825683945e-10,0.090668487537556,0.147011960070339,True,4FGL J0900.7-1243,240.682952880859,21.3271827697754,bcu,3.422213623593961e-10,TXS 0858-125
1FDL J0311.2-3506,236.679395572487,-59.1989276794648,47.8172617573491,-35.1130301943699,2.705545238379432e-10,0.0713545594941973,0.115695910339888,True,4FGL J0310.9-3458,236.432525634766,-59.2836494445801,bcu,1.1471537608720439e-10,GALEXASC J031057.27-350033.4
1FDL J2213.7-4751,348.108059447159,-53.0778944581844,333.442422557948,-47.8527066046277,2.7016736062159127e-10,0.0837107356946756,0.135730501925738,True,4FGL J2213.5-4754,348.0458984375,-53.0249748229981,bll,1.5698521649287756e-10,SUMSS J221330-475426
1FDL J1743.0+7227,103.312514622434,30.9080520759331,265.758059471022,72.4573472925557,2.701440708253543e-10,0.0982850891756981,0.159361688032456,True,4FGL J1741.1+7226,103.316093444824,31.0536060333252,bll,1.3766766893130722e-10,GB6 J1741+7224
1FDL J1007.9+6436,146.093995225972,44.4714367909076,151.985131324704,64.6013138082441,2.6990417346359484e-10,0.122427582580648,0.1985068865399,True,4FGL J1006.5+6440,146.132431030273,44.3022193908691,bll,1.3537712617583963e-10,RX J1006.1+6440
1FDL J1225.2-2847,296.024953535237,33.7299488316836,186.306590557782,-28.790022028109,2.698721817069753e-10,0.102637483831046,0.166418763838193,True,4FGL J1225.5-2851,296.125,33.6671028137207,bcu,2.0204349304719926e-10,AT20G J122515-284956
1FDL J1951.5-0935,31.0261749837046,-17.6683623238649,297.887559456906,-9.58991182880787,2.6979561078439736e-10,0.142912458123951,0.231721538098648,False,,,,,,
1FDL J1253.4-4509,303.30217096528,17.7128839153415,193.359640826169,-45.1574254190728,2.6966255185867206e-10,0.182181847015888,0.295393821525457,True,4FGL J1254.7-4516,303.535949707031,17.593111038208,,1.7146278841195792e-10,
1FDL J0622.9+2313,189.094221468169,4.50919983616513,95.7492321543242,23.2299315827276,2.6942082396677644e-10,0.157683524905369,0.25567168464761,False,,,,,,
1FDL J0925.3+5420,162.218905232174,43.8944620481795,141.342335148501,54.3444916714635,2.694043724059138e-10,0.113085928849812,0.183360131552135,True,4FGL J0926.4+5412,162.348388671875,44.0750350952149,bll,1.4630979761065532e-10,NVSS J092638+541126
1FDL J1951.7-7322,321.582885232838,-30.2128084077545,297.946959119842,-73.3677721717053,2.6891064847450597e-10,0.137923406984809,0.223632177399574,False,,,,,,
1FDL J1212.8-2318,291.545878452867,38.7129669846339,183.203840797206,-23.3033688087827,2.68903565038199e-10,0.169701455146832,0.275157830789169,True,4FGL J1212.0-2326,291.347991943359,38.5337219238281,bcu,3.035635631754019e-10,PMN J1212-2327
1FDL J0538.7+1634,189.732672985739,-7.80949158836593,84.6881132977408,16.5817049766202,2.6888939872533924e-10,0.151934837835319,0.246350630268655,True,4FGL J0539.0+1644,189.624725341797,-7.67474508285523,bcu,3.5475619664104835e-10,NVSS J053855+164612
1FDL J0057.0-5315,301.038850368593,-63.8469407710951,14.254294400742,-53.2607992091177,2.6850397531698107e-10,0.0797209629097164,0.129261386838872,True,4FGL J0056.6-5317,301.171508789063,-63.8148803710938,bcu,1.7696093201902127e-10,CRATES J005630.93-531931.5
1FDL J0855.6-1825,244.764278191318,16.9475124848901,133.919856895331,-18.4277551088479,2.6844225600700525e-10,0.134260189518454,0.21769253457723,False,,,,,,
1FDL J1104.5-4028,281.85291390265,17.9861209195715,166.137388742823,-40.4700817253373,2.678944769113746e-10,0.0970431411557028,0.157347968992663,False,,,,,,
1FDL J1750.1+2100,45.8541275994237,22.5147448235113,267.542961330237,21.0057959132964,2.67850856843082e-10,0.139324174490666,0.225903397845302,False,,,,,,
1FDL J0630.6+4554,168.98623867792,15.7485176555201,97.6642757209761,45.9066568513857,2.6762453147970945e-10,0.108290451323107,0.175584602649901,False,,,,,,
1FDL J0610.9-2708,233.842195426385,-20.3142364972281,92.7399127617515,-27.1414267119422,2.675156044973546e-10,0.10348734188953,0.167796728841009,True,4FGL J0611.6-2712,233.973709106445,-20.19797706604,bcu,2.539436716464394e-10,PMN J0611-2709
1FDL J0014.3+1910,110.951444715705,-42.8269936085216,3.58365687147346,19.1799775361342,2.6749702726273555e-10,0.0905606450128385,0.146837103401439,True,4FGL J0014.1+1910,110.889938354492,-42.8268241882324,bll,2.2511592590035434e-10,MG3 J001356+1910
1FDL J1026.9-4747,279.335004622003,8.35868773489401,156.743309401398,-47.7843710167542,2.6749190273539003e-10,0.121065938740507,0.196299095738144,False,,,,,,
1FDL J1003.5+7041,139.833590946909,40.4788659037707,150.892811234088,70.6883698975267,1.3391208129275792e-10,0.106773805414694,0.173125493392698,True,4FGL J1003.7+7049,139.684432983398,40.4092750549316,,7.860726652930694e-11,
1FDL J1646.5+6042,90.5874109408664,38.5673378373814,251.629034713034,60.7119003874602,2.667070894486563e-10,0.0923594928300079,0.14975376970342,True,4FGL J1647.0+6040,90.5131454467773,38.5144920349121,bcu,9.659639754744376e-11,NVSS J164641+603930
1FDL J2215.1+5326,100.862617388961,-2.59603810154716,333.795435499026,53.4443663846929,2.6650151362903156e-10,0.144116631129749,0.233674001735573,False,,,,,,
1FDL J2317.9+1914,94.3699658970124,-38.3934973490401,349.47606147788,19.235852504397,2.664038887337032e-10,0.0928733023002506,0.150586896922657,True,4FGL J2318.2+1915,94.4683837890625,-38.4098052978516,bcu,3.752498034526041e-10,TXS 2315+189
1FDL J1513.4-3723,331.840549064064,17.3747281273341,228.362789507527,-37.3998872882068,2.6639431959065055e-10,0.0921363549847525,0.149391992466119,True,4FGL J1513.4-3721,331.858520507813,17.4089813232422,bcu,3.1149469115199224e-10,2MASS J15131867-3720114
1FDL J1512.6-3116,335.28401267114,22.5848189246266,228.173217971593,-31.2693717305743,2.6637135504967976e-10,0.135000732998037,0.218893272420304,True,4FGL J1513.0-3118,335.333404541016,22.5154609680176,,2.7830185378441286e-10,
1FDL J2318.3+2033,95.2483080469072,-37.2529973263967,349.595288032813,20.5660759849909,2.6581857162831125e-10,0.112615394229802,0.1825971781665,False,,,,,,
1FDL J1725.1-6509,326.925352345269,-16.0399821316514,261.294316464109,-65.1517503926044,2.655631185536054e-10,0.136751554176569,0.221732093478746,True,4FGL J1724.2-6501,326.994659423828,-15.8889474868774,rdg,1.6868260954705503e-10,NGC 6328
1FDL J1807.9-8040,313.041451831452,-25.0095485233928,271.986691232985,-80.6781577899687,2.652262836507769e-10,0.125883970741332,0.204111153858795,True,4FGL J1806.9-8038,313.067535400391,-24.9627094268799,bcu,1.1590333554023502e-10,PKS 1757-807
1FDL J1948.7+4020,74.8153834434796,7.31831601265995,297.184895444782,40.3470209441195,2.649621993302695e-10,0.12139616923618,0.196834529920165,False,,,,,,
1FDL J1739.5+2723,51.5485451255971,26.9850778824464,264.876133508384,27.3927916181926,2.6492032551199047e-10,0.114723775640587,0.186015748602324,False,,,,,,
1FDL J0723.6+2847,189.68554679973,19.2115388836903,110.922214953403,28.7996474838458,2.6490288004088283e-10,0.126643088314335,0.205341995140232,True,4FGL J0723.5+2900,189.467758178711,19.255916595459,fsrq,1.4675639870009857e-10,GB6 J0723+2859
1FDL J0625.4+7028,144.134557164822,23.3328283540761,96.3569572963448,70.4736523273636,1.3267710906545421e-10,0.0951895941979701,0.154342576598556,True,4FGL J0625.5+7029,144.113265991211,23.3503723144531,,8.221389541374079e-11,
1FDL J1204.9-7816,300.497200635746,-15.6316930762792,181.237632852967,-78.2831044465141,2.6471359127806475e-10,0.120227540582234,0.194939705790521,False,,,,,,
1FDL J0816.2+4910,170.059957089484,33.7492291684811,124.070054349082,49.1826619167149,2.6450195112527796e-10,0.0787761424446289,0.127729454547533,True,4FGL J0816.1+4909,170.08219909668,33.7188148498535,bll,2.2476101535495727e-10,NVSS J081609+491005
1FDL J0551.6-3513,240.803467286013,-26.7697663936721,87.9235223691036,-35.22910695685,2.643797332129921e-10,0.0863991195306159,0.140089527866243,True,4FGL J0551.8-3517,240.873352050781,-26.7499942779541,bcu,1.0373685244147167e-10,PMN J0551-3515
1FDL J2330.3-2338,39.2286953168442,-71.3767807573975,352.587016658079,-23.6367191082549,2.6417089039764264e-10,0.0699578307940577,0.11343122310418,True,4FGL J2330.3-2332,39.5170974731445,-71.3452529907227,bcu,1.5515898288409602e-10,2MASS J23301617-2336413
1FDL J1542.1+1757,28.9822151846955,49.7171221144741,235.549793783829,17.9517668454721,2.6372148951486644e-10,0.113725398041589,0.1843969546406,True,4FGL J1542.3+1801,29.1138534545898,49.7198333740234,fsrq,1.7604680213612056e-10,OR 167
1FDL J0127.8-4815,286.826561873504,-67.713339840073,21.951877000185,-48.2617648535154,2.633787911374383e-10,0.104512496219352,0.169458946884663,True,4FGL J0127.4-4813,286.923797607422,-67.7680969238281,bcu,1.884252198713909e-10,PMN J0127-4813
1FDL J0359.8+3718,159.47961735327,-11.8504410267804,59.9749277534275,37.3083185144266,2.6321990012388794e-10,0.180996970481353,0.293472627577302,False,,,,,,
1FDL J0103.4-7044,301.494222280526,-46.360339772641,15.8676390520149,-70.7343087468303,2.6310898547748035e-10,0.0935503842157735,0.151684716188093,True,4FGL J0102.9-7051,301.567626953125,-46.2347297668457,glc,1.2661539872116379e-10,NGC 362
1FDL J1042.8+0054,247.902000961051,49.5250090256563,160.719796990861,0.902499921359454,2.629307377540261e-10,0.0783707422540134,0.127072112688238,True,4FGL J1042.9+0054,247.90544128418,49.5323677062988,bcu,1.9616808177858047e-10,RBS 0895
1FDL J1138.0+7526,128.940452022762,40.8259446904965,174.501529372443,75.4340790190172,2.6281428066775777e-10,0.0896046647470298,0.145287043182056,True,4FGL J1137.6+7527,128.952255249023,40.7962875366211,PSR,1.3469400594878778e-10,PSR J1137+7528
1FDL J1418.8-8118,306.343840147459,-19.0141603757408,214.701174036788,-81.3013756012546,2.627356226490997e-10,0.156416114254309,0.253616670633296,False,,,,,,
1FDL J0821.8+1005,213.980560893514,24.6165639194727,125.456279705526,10.0862044998453,2.626469246582032e-10,0.0835881623930428,0.135531760018028,True,4FGL J0821.1+1007,213.865631103516,24.4950504302979,bcu,1.7340769098428408e-10,SDSS J082054.81+100609.4
1FDL J1754.3+2847,54.1696563968081,24.3217537806158,268.588837783349,28.7884269913649,2.6256705919209325e-10,0.0766718551533758,0.124317494376597,True,4FGL J1753.7+2847,54.1300392150879,24.4534645080566,fsrq,1.5595409685875694e-10,B2 1751+28
1FDL J1549.3-3038,342.356122203046,18.293864840453,237.349597917662,-30.6378418945344,2.625576278667378e-10,0.148626437482047,0.240986319752001,True,4FGL J1549.8-3044,342.348815917969,18.1528377532959,bcu,2.2155731416173552e-10,NVSS J154946-304501
1FDL J0503.5-1115,211.031952406515,-29.0163504186299,75.8807274508889,-11.2666638075847,2.624865894370408e-10,0.0868968895769536,0.140896604328491,True,4FGL J0503.5-1116,211.047622680664,-29.0151786804199,bll,2.4299273704286856e-10,1RXS J050335.6-111504
1FDL J1352.0-2752,318.943459687586,33.1020444695048,208.012648674834,-27.8781404390967,2.6237975367001333e-10,0.112389660727003,0.182231167888641,True,4FGL J1352.7-2742,319.181549072266,33.2241439819336,bcu,2.9794608447097914e-10,PMN J1352-2745
1FDL J1236.4+3856,136.804758397944,77.7843281898243,189.119755195496,38.9381310146201,2.62356506942118e-10,0.0989998162769984,0.160520568919415,True,4FGL J1236.3+3858,136.855697631836,77.7362365722656,bll,2.0921606114221447e-10,RX J1236.4+3859
1FDL J1544.4-3423,338.977948725335,16.1043552047776,236.104283011207,-34.3934341835647,2.6207268610018953e-10,0.162372155550279,0.263273911733527,False,,,,,,
1FDL J2219.4-0329,59.2896549585475,-46.7118572440577,334.86894806394,-3.49653632725884,2.620168372141052e-10,0.113493031893653,0.184020193608878,True,4FGL J2219.2-0342,59.0004043579102,-46.8037528991699,fsrq,3.3411079458645077e-10,PKS 2216-03
1FDL J2044.0+2053,65.1176574318928,-13.2846462480022,311.018626801832,20.8915464681182,2.6201181767253756e-10,0.110623411151249,0.179367313151936,True,4FGL J2043.9+2051,65.0635528564453,-13.278037071228,,2.6223373472689104e-10,
1FDL J0253.4-8644,301.028297039623,-29.9161323240151,43.3712981178601,-86.7490418530799,2.617327570623417e-10,0.110875589446434,0.179776205865767,False,,,,,,
1FDL J1958.0-1831,23.0181618393128,-22.7563934770685,299.521071330874,-18.5226129822428,2.615873871734582e-10,0.125320645480588,0.203197758273132,False,,,,,,
1FDL J1359.5+4015,80.2671344306342,70.7464391156692,209.888115643388,40.2616977055219,2.615742326777755e-10,0.0893604584053039,0.144891079048583,True,4FGL J1359.7+4012,80.0998840332031,70.7509536743164,fsrq,2.6128321728435816e-10,87GB 135731.7+402612
1FDL J1124.9-5443,290.566494942191,6.06326179430087,171.225701231062,-54.7175601421113,2.615003292407225e-10,0.145349065291361,0.23567228285224,False,,,,,,
1FDL J0756.1-0512,225.170231449577,11.860745598012,119.040410058981,-5.21597133025462,2.6127499012682035e-10,0.0920418196591373,0.14923870701093,True,4FGL J0755.9-0515,225.180892944336,11.7853603363037,,1.7381697470231214e-10,
1FDL J0240.0+1332,159.286640324191,-41.5408358562694,40.0125249671091,13.5384487319905,2.6124621079013923e-10,0.117471509214576,0.190470990455559,True,4FGL J0239.5+1326,159.220764160156,-41.6938056945801,bcu,1.687846806763815e-10,GB6 J0239+1327
1FDL J0251.1+4514,144.038571433233,-12.6712796261081,42.7891738312338,45.2377819190657,2.612071135100323e-10,0.119795948175356,0.194239876585369,False,,,,,,
1FDL J2137.7+3547,84.5408984941578,-12.2654598870482,324.434233643275,35.7868738438522,2.607680623714005e-10,0.109988316692996,0.178337574886087,True,4FGL J2138.3+3556,84.7420883178711,-12.2337646484375,bcu,1.5869451586159042e-10,MG3 J213809+3553
1FDL J0759.9+3724,183.175241790483,29.0342653782957,119.997850104596,37.4096746301984,2.6064569726748825e-10,0.137512850618427,0.222966476242664,True,4FGL J0800.5+3715,183.373641967773,29.1113719940186,,2.251933500785341e-10,
1FDL J0809.8-5626,270.705933770122,-12.4055735149053,122.467813006318,-56.4358049206887,2.6037557378269327e-10,0.146282332588145,0.237185519226503,True,4FGL J0811.0-5636,270.943511962891,-12.3521299362183,,1.8604365270569187e-10,
1FDL J2320.0+1608,93.1133931185026,-41.3819420188901,350.004386654886,16.1364209075756,2.6019045465870323e-10,0.0626799239980945,0.101630662944607,True,4FGL J2319.7+1609,93.0624771118164,-41.3313446044922,bll,1.333256977043007e-10,RX J2319.6+1611
1FDL J0656.4-2358,235.023879028519,-9.64009455062698,104.115896977013,-23.9758287991639,2.597552894820138e-10,0.0964820857110244,0.156438261852968,True,4FGL J0656.3-2404,235.10090637207,-9.6954402923584,bll,1.5946155507151616e-10,PMN J0656-2403
1FDL J1551.1+6024,93.3423682653107,45.0450732336101,237.796343868896,60.4001658725822,2.5973538518853885e-10,0.171214706236738,0.277611444744361,True,4FGL J1550.6+6027,93.4618988037109,45.0748100280762,,1.8172245652703367e-10,
1FDL J1328.6+1147,334.386183053202,72.347430883721,202.16199683456,11.7877367333927,2.594767681247808e-10,0.0850413837011319,0.137888039809894,True,4FGL J1328.6+1145,334.360412597656,72.3232040405273,bll,8.895630065897109e-11,2E 1326.1+1200
1FDL J0807.4+3318,188.161144597896,29.5034439333046,121.854001999314,33.3053957359808,2.5931526323973783e-10,0.109825202475745,0.178073113223107,True,4FGL J0807.2+3312,188.253082275391,29.4416122436523,,1.0183055093593295e-10,
1FDL J1228.9+7518,124.843525864529,41.7421857718021,187.229719447624,75.3023771818632,2.592612436699171e-10,0.0899364328477687,0.145824989273518,True,4FGL J1228.3+7521,124.885070800781,41.6878051757813,bcu,1.1585148812498501e-10,WN B1225.8+7537
1FDL J0040.3-2336,86.9954348263565,-85.6757313199272,10.0915308020517,-23.6001926517774,2.5915572066439103e-10,0.103785879210651,0.168280793824811,True,4FGL J0040.4-2340,86.5547790527344,-85.7383422851563,bll,1.8321835715262577e-10,PMN J0040-2340
1FDL J0127.0+2410,133.247447487631,-37.9842450942152,21.7591314043474,24.1734154117337,2.591327595843655e-10,0.0905070327104605,0.146750182217448,False,,,,,,
1FDL J0049.9-7318,303.080624484775,-43.8236239820347,12.486045992397,-73.3041971579077,2.590793984467252e-10,0.104218139416801,0.168981696262581,False,,,,,,
1FDL J0049.2+4221,122.501857111976,-20.5179875622721,12.3144486946306,42.3519395240326,2.590254280113615e-10,0.100511732330327,0.162972032826418,True,4FGL J0049.1+4223,122.472846984863,-20.4795722961426,bll,1.3919822239305546e-10,GALEXASC J004859.14+422351.4
1FDL J1534.6+5321,85.4139504179161,50.1672667876544,233.669827316849,53.3526472625594,2.589299217001759e-10,0.0887024695089932,0.143824206133859,True,4FGL J1535.0+5320,85.3684387207031,50.1257705688477,bll,1.8075708985154648e-10,1ES 1533+535
1FDL J0607.1-2521,231.739799839857,-20.4596523992742,91.7994092909308,-25.3544372958576,2.589100806522371e-10,0.0730158074386283,0.11838949978957,True,4FGL J0607.2-2518,231.705352783203,-20.4291019439697,bll,1.7559055598415083e-10,1RXS J060714.2-251855
1FDL J1126.1+2002,228.316161151683,69.2407581845763,171.527631371758,20.0411358104357,2.588629642564947e-10,0.0991831702848264,0.16081785765357,True,4FGL J1125.9+2005,228.147918701172,69.2298049926758,fsrq,4.0776071408288317e-10,4C +20.25
1FDL J1330.3+2415,16.9468132742116,80.7838370912271,202.582052391228,24.2578509426381,2.5876194089968915e-10,0.0967817273175183,0.156924102494077,False,,,,,,
1FDL J0013.6-5019,317.693717014304,-65.710654979674,3.41137771162111,-50.3205528233036,2.58614505208228e-10,0.0774494151640207,0.125578253789069,True,4FGL J0014.1-5022,317.452941894531,-65.6948089599609,bll,2.5777988077457787e-10,RBS 0032
1FDL J1332.0-0656,320.475600453747,54.546365367186,203.004117888923,-6.93730976368409,2.583458681165497e-10,0.0908310974391088,0.147275611119917,True,4FGL J1331.7-0647,320.444427490234,54.6994323730469,bcu,1.6345720610377867e-10,NVSS J133146-064632
1FDL J0437.0+2919,170.841920313987,-11.9008842071015,69.2507134821377,29.3209525805389,2.5826236280159494e-10,0.170846612244201,0.277014600496877,True,4FGL J0436.9+2915,170.889297485352,-11.9458112716675,,7.938993906719816e-10,
1FDL J1941.3+3610,70.4388558905986,6.53525937408578,295.346195186923,36.1749166248628,2.5811088505405006e-10,0.151924331409752,0.24633357330154,False,,,,,,
1FDL J1746.3-4814,343.407694637956,-10.021079377587,266.57788636939,-48.2462836066467,2.5800953734899945e-10,0.159388816820106,0.2584366720193,False,,,,,,
1FDL J1941.1+6631,98.4799263308395,20.0014465982844,295.275676610287,66.5293504383572,2.578612953592147e-10,0.119911702854417,0.194427564944361,False,,,,,,
1FDL J0959.1+2113,211.87824277936,50.4597741535743,149.793461662816,21.2269845385639,2.5783474433469597e-10,0.075036939063787,0.121666604861513,True,4FGL J0959.4+2120,211.733459472656,50.5642280578613,bll,2.3391752423940204e-10,RX J0959.4+2123
1FDL J0240.9-0506,177.644420563711,-55.8731106147978,40.2318622197234,-5.10735383933067,2.577347394426739e-10,0.0974296152947022,0.157974602821267,True,4FGL J0241.0-0505,177.65055847168,-55.8503532409668,bll,2.2890273010389703e-10,PKS 0238-052
1FDL J1940.9-7903,315.168573398153,-28.9416381922507,295.238770516778,-79.053328086054,2.5755519843192494e-10,0.140983226566286,0.22859341431381,False,,,,,,
1FDL J1248.4+5124,124.075830322974,65.7068585871092,192.104937913943,51.4146897736622,2.563375091914683e-10,0.099033872092838,0.160575784420773,True,4FGL J1248.7+5127,123.958312988281,65.6598358154297,bll,1.8593615536133254e-10,RX J1248.4+5128
1FDL J1455.1+5235,89.3135835087757,55.6895540087129,223.777234345263,52.5985782673307,2.5616752954367435e-10,0.100798436720561,0.163436865980857,True,4FGL J1454.7+5237,89.4065628051758,55.726490020752,bll,1.3163371781477196e-10,87GB 145311.3+524904
1FDL J0923.3+3852,183.934765015835,45.4382811758188,140.831683767307,38.8743891150174,2.561356325749975e-10,0.109650977870533,0.17779061036312,True,4FGL J0923.5+3852,183.935821533203,45.4797782897949,bcu,3.4446584473712955e-10,B2 0920+39
1FDL J0653.9+0636,207.31635127734,3.55807749082711,103.476626123069,6.61625540301874,2.561301123490079e-10,0.114510303406794,0.185669631858338,False,,,,,,
1FDL J1615.8+2130,37.6675232342151,43.3991842347145,243.96619409662,21.5111405824133,2.5597743326648517e-10,0.0886744275767732,0.14377875336828,True,4FGL J1615.6+2130,37.6407279968262,43.444938659668,bcu,2.4915880469933427e-10,SDSS J161531.09+213011.0
1FDL J0911.3+2710,199.518456000057,41.4615309448059,137.837571124327,27.1700641012648,2.558934679291544e-10,0.0997503243770172,0.161737458154808,False,,,,,,
1FDL J1148.6+1842,239.920755949865,73.2938094756118,177.169275882612,18.7012173418333,2.558291335775578e-10,0.100479500672503,0.1629197617188,True,4FGL J1148.6+1841,239.937591552734,73.2735824584961,bll,2.2457308235246387e-10,TXS 1146+189
1FDL J1024.0+3000,198.965019984837,57.6419509233424,156.004419831075,30.0096679676182,2.5563316672522197e-10,0.0675483935144004,0.109524500091068,True,4FGL J1023.8+3002,198.892639160156,57.6068801879883,bll,1.3495274342467667e-10,RX J1023.6+3001
1FDL J1107.4-3031,277.810627927451,27.2286432069349,166.869312021861,-30.5227200344082,2.555633898043865e-10,0.143338387159905,0.232412142593655,True,4FGL J1107.7-3042,277.960510253906,27.0793857574463,fsrq,1.5264131625336574e-10,PKS 1105-304
1FDL J0819.5-0758,230.622397429402,15.4907149944903,124.875063569835,-7.98046084420603,2.548758223335989e-10,0.10428982669883,0.1690979079274,True,4FGL J0819.4-0756,230.579895019531,15.4901275634766,bll,2.0783935683610366e-10,RX J0819.2-0756
1FDL J1632.4-0457,10.620606729849,27.7829301589881,248.100319338891,-4.95534843285396,2.5475317186562205e-10,0.170176069408973,0.275927384236949,False,,,,,,
1FDL J1640.3+0638,23.2685230613952,32.0772364473002,250.099517746038,6.636498288004,2.5471901110474676e-10,0.124551890383339,0.201951287923023,True,4FGL J1640.2+0629,23.0918960571289,32.0481796264648,bcu,2.058188341980127e-10,NVSS J164011+062827
1FDL J0729.6+6604,149.98677080303,28.4680129583086,112.406047497762,66.0800278107132,2.54700102653333e-10,0.133788320793348,0.216927416771846,True,4FGL J0731.0+6607,149.943283081055,28.6194553375244,,1.508661945370804e-10,
1FDL J1212.4+2238,237.685115664417,80.0861102612526,183.106023838955,22.6447959471868,2.5468729449986295e-10,0.0784346000864344,0.127175648788619,True,4FGL J1212.0+2242,237.124298095703,80.0427932739258,bll,1.5404436060073579e-10,RX J1211.9+2242
1FDL J0538.4+0404,200.684168392462,-14.2030235408816,84.6233080591075,4.08008875216147,2.546763165952435e-10,0.125651574551635,0.203734348676082,False,,,,,,
1FDL J1937.9-4338,355.240734532905,-26.3836555718097,294.477012633202,-43.6376018457887,2.544349223734861e-10,0.140155510346131,0.227251341133761,False,,,,,,
1FDL J0540.9-5413,261.946806761712,-31.8410079778296,85.2251001155805,-54.2225546343737,2.5438922954823016e-10,0.113244251775692,0.18361681909574,True,4FGL J0540.8-5415,261.987182617188,-31.8535861968994,fsrq,3.4558914063786967e-10,PKS 0539-543
1FDL J1905.2-5934,336.79334154748,-24.851935683558,286.307154693746,-59.5686520187418,2.541274156948025e-10,0.161248325105049,0.261451735298845,False,,,,,,
1FDL J1146.6-2621,285.330916224978,34.2854446965491,176.668215693902,-26.3630235422669,2.538202806646186e-10,0.105774066437472,0.17150447638777,True,4FGL J1147.2-2627,285.515808105469,34.2265663146973,bcu,3.0397578898444516e-10,PMN J1147-2625
1FDL J1013.0+3439,190.448345226068,55.4362869386682,153.273911653521,34.6518078050202,2.5367930547140734e-10,0.109411967025399,0.177403070279682,True,4FGL J1013.7+3444,190.288314819336,55.5774879455566,fsrq,2.8417659891921687e-10,OL 318
1FDL J2116.6-2707,19.9324341594047,-42.6004406818398,319.162574669562,-27.1299225521568,2.5365925932730467e-10,0.124621033802985,0.202063393895371,False,,,,,,
1FDL J1647.6+2917,50.0889661401864,38.4853167828519,251.906973506629,29.292760791243,2.533821168009907e-10,0.108298909960482,0.17559831495666,True,4FGL J1647.5+2911,49.9473075866699,38.481014251709,bll,1.9574265819333192e-10,B2 1645+29
1FDL J2055.4-0007,48.1365925505762,-27.3484807034391,313.862683369826,-0.123383215462049,2.5287566624217866e-10,0.184643799665833,0.299385695887485,True,4FGL J2055.4-0020,47.9216613769531,-27.4504451751709,bll,3.2404517957829166e-10,1RXS J205528.2-002123
1FDL J1302.2+4053,114.444445596278,76.052434056334,195.557053660127,40.897496266194,2.523517960141518e-10,0.110655028380427,0.179418589706252,True,4FGL J1301.6+4056,114.960464477539,76.022087097168,bll,1.3959845779343283e-10,RX J1301.7+4056
1FDL J0044.6-1849,112.015558200573,-81.5495489760505,11.1746453578246,-18.8209990423451,2.520836276525964e-10,0.0868832291634181,0.140874466445143,False,,,,,,
1FDL J2058.1+0603,54.3520862521555,-24.6265353121781,314.539062020194,6.05336933954054,2.5194301369403634e-10,0.101466670699005,0.164520378989658,False,,,,,,
1FDL J0959.2+5045,165.008402407007,49.8738953865857,149.813536128906,50.750001739915,2.518368508611138e-10,0.0981252401690818,0.159102489785888,True,4FGL J0958.4+5042,165.149139404297,49.7663536071777,fsrq,1.6965408244917768e-10,7C 0955+5054
1FDL J0111.4-6634,299.805805825627,-50.4310920172337,17.8725338048569,-66.575272368933,2.5172289626771e-10,0.128865706933818,0.208945810965627,True,4FGL J0112.0-6634,299.712249755859,-50.4237213134766,fsrq,1.830130075264336e-10,PKS 0110-668
1FDL J1304.2+0541,311.627678599133,68.3379135364678,196.074532701601,5.68356268524569,2.5161923637428987e-10,0.0851205630025843,0.138016439191923,True,4FGL J1304.6+0539,311.861968994141,68.3087158203125,,1.6932552582282767e-10,
1FDL J0715.8+1752,199.444710615279,13.3089195047759,108.974639257854,17.8763498380416,2.5121885970793925e-10,0.102408186072772,0.166046986243953,False,,,,,,
1FDL J2030.6-6032,336.186734599786,-35.499038602778,307.668806369344,-60.5392179711983,2.5114607775246623e-10,0.124647527817352,0.202106352194943,False,,,,,,
1FDL J0603.0+6036,153.196284724277,17.8014849160293,90.7570996249617,60.6089489966082,2.508996179465399e-10,0.0941428603579473,0.152645377244093,True,4FGL J0602.8+6041,153.105087280273,17.8216915130615,bcu,1.1198236782306026e-10,NVSS J060324+604009
1FDL J0551.0-1630,221.472422466488,-20.58848792007,87.7716671101286,-16.5037046183704,2.508461500922966e-10,0.0986271506999064,0.15991632074186,True,4FGL J0551.0-1622,221.343231201172,-20.558500289917,bcu,2.929705922305459e-10,PMN J0550-1621
1FDL J0806.0+4459,174.795614848805,31.5783654137262,121.510122954442,44.9912519420826,2.5071643279124706e-10,0.125869580133391,0.204087824351404,True,4FGL J0806.5+4503,174.728973388672,31.6709060668945,fsrq,1.4868922759703196e-10,B3 0803+452
1FDL J0232.4+3734,144.186534108339,-21.0951443756361,38.1192361981078,37.5712033664853,2.505717810863845e-10,0.10314035204687,0.167234134010153,True,4FGL J0233.0+3740,144.255752563477,-20.9443645477295,bcu,1.8602022699987228e-10,NVSS J023308+374201
1FDL J1532.7-0319,1.25348341174431,40.6203636746217,233.177894512622,-3.31890688269927,2.5021261397023104e-10,0.139599799661661,0.226350281662514,True,4FGL J1532.9-0313,1.38660132884979,40.6418838500977,,3.05003577949492e-10,
1FDL J2218.0+6141,105.778871959112,4.04572300238772,334.508222703263,61.6971007768227,2.5017906206894865e-10,0.145761898527563,0.23634168423065,False,,,,,,
1FDL J1301.6+5107,119.004745977634,65.9182431485642,195.411910548724,51.1320873375224,2.5012814367293135e-10,0.099055629321662,0.16061106038005,False,,,,,,
1FDL J1916.0+4214,73.6952641885657,13.6392612191978,289.021381527802,42.2403890263244,2.4986533006504743e-10,0.179543607648397,0.291116124329169,False,,,,,,
1FDL J0404.1-1719,210.891046122674,-44.610404165512,61.0381706221231,-17.3174684311834,2.498258421099662e-10,0.0864473865085162,0.140167768702807,True,4FGL J0404.1-1715,210.818939208984,-44.5797691345215,bcu,1.2917755753960591e-10,PMN J0404-1718
1FDL J0712.9+5729,159.269175692436,25.4261937556258,108.237454687435,57.4857441724773,2.497121995017445e-10,0.12389975209917,0.200893891753475,True,4FGL J0713.0+5738,159.110076904297,25.466625213623,bcu,3.697867567709068e-10,GB6 J0713+5738
1FDL J0928.5-0417,237.588886599863,31.843343345777,142.126083404598,-4.29154097950252,2.4959322924782195e-10,0.0971796997424197,0.157569387473877,True,4FGL J0928.4-0415,237.549102783203,31.8608341217041,bcu,1.7880930069935627e-10,PKS B0926-039
1FDL J2041.0+8112,114.468888902645,22.8336733609115,310.259500127493,81.2120724810639,2.49502395678891e-10,0.159889917730205,0.259249172903889,False,,,,,,
1FDL J1642.5+3223,53.7454434857983,40.1605454681037,250.642523632997,32.3954412043672,2.494551991825267e-10,0.0977934977509686,0.158564603452207,True,4FGL J1643.0+3223,53.7709579467773,40.0645484924316,bll,1.7302506649663482e-10,NVSS J164301+322104
1FDL J0806.6-2724,245.657415351835,2.56016698977378,121.654220833268,-27.4059666470907,2.4943668147749586e-10,0.177285660665089,0.287455036554134,False,,,,,,
1FDL J1433.4-1806,334.423272825007,38.4501881290154,218.352952244157,-18.1070415131111,2.4942354071430815e-10,0.136649976797168,0.22156739724404,True,4FGL J1433.0-1801,334.372436523438,38.5726852416992,fsrq,3.1671562594759445e-10,PKS 1430-178
1FDL J0749.4+1102,209.415813443857,17.8123264637427,117.351903974777,11.0374928030774,2.492300932643888e-10,0.0912398845910828,0.147938446930423,True,4FGL J0749.4+1058,209.481430053711,17.8056201934814,bcu,3.67306240978138e-10,TXS 0746+110
1FDL J1657.4+0856,27.8885456723883,29.365615094392,254.358990866578,8.94115275390367,2.4894020336617457e-10,0.113276060087393,0.183668381235455,False,,,,,,
1FDL J2017.9-2512,17.8275132045265,-29.4121255660963,304.493393543887,-25.2107553121695,2.4868757072455095e-10,0.0835147183518148,0.135412662371274,False,,,,,,
1FDL J2053.8+2224,67.7719238754772,-14.1940506458851,313.470348636505,22.4021968273216,2.4845066299178256e-10,0.12461254116939,0.20204961363451,False,,,,,,
1FDL J2103.9+3353,78.2520549904444,-8.59376149202652,315.979500585533,33.888701510152,2.482193305590284e-10,0.122853765247731,0.199197890178775,False,,,,,,
1FDL J0842.4+0252,223.655478921911,25.9078095193091,130.619189582253,2.88164770865486,2.4817237677046803e-10,0.131390608044868,0.213039726284661,True,4FGL J0842.5+0251,223.677963256836,25.9125061035156,bll,1.4649753632411944e-10,NVSS J084225+025251
1FDL J0742.0+4856,169.563638488387,28.1555999746212,115.512673448751,48.9371025534503,2.47755531775549e-10,0.107537857802007,0.174364347775754,True,4FGL J0742.1+4902,169.448532104492,28.1889610290527,fsrq,1.2779295677223246e-10,GB6 J0742+4900
1FDL J0650.3+3742,178.316529183973,15.9886050402544,102.579611116908,37.7062056074088,2.477068861714398e-10,0.106933265228912,0.173384050552625,False,,,,,,
1FDL J0708.5+0507,210.299094115616,6.13585668933642,107.137738694699,5.12829610876439,2.476019154123927e-10,0.193239090909017,0.3133222880394,False,,,,,,
1FDL J1506.9-2430,338.326997044785,28.888167437069,226.734542790324,-24.515158377866,2.4757701362742527e-10,0.16598461532742,0.269131226031479,False,,,,,,
1FDL J1511.9+4709,78.4819826588124,56.0218047412311,227.9965836605,47.1549824162967,2.475417403857385e-10,0.0800704337016337,0.129828030051331,True,4FGL J1512.2+4704,78.3177490234375,56.0175323486328,bcu,1.3612688753994462e-10,B3 1510+472
1FDL J1542.1+2554,41.0887378468784,51.9898291399985,235.525071444026,25.9145382418717,2.4746617178956713e-10,0.113789129361209,0.184500285386651,False,,,,,,
1FDL J0536.4-2756,231.894477017048,-27.8036716879593,84.1037246211318,-27.9372507407461,2.4716590367705075e-10,0.103455510464224,0.167745112138399,True,4FGL J0536.0-2754,231.836456298828,-27.8643169403076,bcu,1.3636936024852275e-10,PMN J0535-2751
1FDL J0145.8+2327,138.75629565324,-37.7400572579974,26.4548894035954,23.4549399009959,2.4694877717981394e-10,0.121047034268837,0.196268410429683,True,4FGL J0145.9+2319,138.828353881836,-37.8509712219238,bcu,1.7554341313896768e-10,TXS 0143+230
1FDL J2204.7-0615,53.0150425417633,-45.2712481202425,331.183820372037,-6.25080949917548,2.4652690305164606e-10,0.114545868771236,0.185727300489674,False,,,,,,
1FDL J0919.5-2932,257.226547600702,13.9748110686629,139.887869494631,-29.5384637865255,2.4624841284351204e-10,0.106726759868151,0.173049217525029,False,,,,,,
1FDL J2259.9-3546,5.93217004038472,-64.8024398391873,344.983356398854,-35.7755999048822,2.4617117579929217e-10,0.106930626882077,0.17337978008034,True,4FGL J2259.7-3549,5.85222339630127,-64.7504425048828,fsrq,2.6487340099023976e-10,NVSS J225941-354846
1FDL J0425.9+3122,167.651784599362,-12.3210796949678,66.4792777962081,31.3670079812648,2.4610869638143186e-10,0.188831710551105,0.306176067500637,False,,,,,,
1FDL J2337.6+0405,90.3922394999628,-54.0559875992863,354.405722104059,4.08567104601875,2.460603741255131e-10,0.100367170176265,0.162737615581222,True,4FGL J2338.1+0411,90.668212890625,-54.0286102294922,,1.4141920967603028e-10,
1FDL J1941.5+5132,84.2488765251934,13.7085602871769,295.384781586579,51.5368521777124,2.4582479179381883e-10,0.157760525833191,0.255796540680313,False,,,,,,
1FDL J0855.7-3457,257.977946348511,6.61850819061858,133.944211653706,-34.9644928101592,2.4571179240343607e-10,0.172535388201817,0.279752813580671,False,,,,,,
1FDL J1009.3-4652,276.321050631878,7.44889756350145,152.337108915494,-46.8764409288457,2.454800708742059e-10,0.165139944134853,0.26776167780017,False,,,,,,
1FDL J1427.6+1620,12.0517311123122,65.2638300846705,216.902721050115,16.3445654698086,2.4533844030629235e-10,0.122087012787355,0.197954666034466,True,4FGL J1428.1+1629,12.5187177658081,65.2163162231445,bcu,2.741605831246829e-10,MG1 J142813+1629
1FDL J2130.5-4248,358.202513316509,-46.6804051332974,322.629418192862,-42.8124392749532,2.4517810272690603e-10,0.0776955997907216,0.125977433868308,True,4FGL J2130.4-4241,358.382141113281,-46.6689033508301,bcu,2.071420118765488e-10,SUMSS J213017-424319
1FDL J2022.1+0959,52.7503541832321,-15.0078376044052,305.54214859687,9.98394347498035,2.451616637729364e-10,0.15138268451161,0.245455333676484,False,,,,,,
1FDL J1825.9-3815,355.810106979161,-11.8195335743852,276.494318769335,-38.2525608685456,2.4502843150811757e-10,0.133851563599409,0.217029996676386,False,,,,,,
1FDL J0804.8+6746,147.936258461427,31.8802724923538,121.221321427115,67.7789633638467,2.4475046184996177e-10,0.107293479037493,0.173968114476397,True,4FGL J0805.0+6746,147.947937011719,31.8929233551025,bcu,1.0130216110404432e-10,GB6 J0805+6745
1FDL J2030.7-7004,324.76993061885,-33.7791677187225,307.682818692223,-70.0827353229085,2.444025652778449e-10,0.146121359126181,0.236924521865865,True,4FGL J2030.8-6959,324.873107910156,-33.8075561523438,bcu,1.5260243069192822e-10,PKS 2024-701
1FDL J1606.7+1340,26.3935018220832,42.6287647501283,241.676794080366,13.6812862955209,2.4439437166303064e-10,0.130508364399745,0.21160923551874,True,4FGL J1606.6+1324,26.2464866638184,42.5212898254395,bcu,1.4978275564292431e-10,NVSS J160654+131934
1FDL J0436.2-0025,196.366658498993,-29.9008611774531,69.0540660349445,-0.420665451935529,2.4412881327593134e-10,0.106158531616898,0.172127861423903,True,4FGL J0436.2-0038,196.587432861328,-30.0219078063965,bcu,1.5561875399416889e-10,NVSS J043614-003637
1FDL J1646.9-0156,15.6835339213444,26.3746339477495,251.741932079401,-1.94039546771072,2.440896473831054e-10,0.145630653786443,0.236128873734167,True,4FGL J1647.2-0154,15.7540731430054,26.3290367126465,glc,1.9929681516206443e-10,NGC 6218
1FDL J1610.5+2422,41.0311837934937,45.3787098135419,242.627336153708,24.3700796404464,2.438664633475829e-10,0.135439269769749,0.219604321381372,True,4FGL J1610.6+2414,40.8668212890625,45.3241958618164,fsrq,1.8862329753677187e-10,B2 1608+24
1FDL J1014.6+6113,149.451323071025,47.0297280554883,153.655273969735,61.2172221953582,2.437216782593226e-10,0.110645280057927,0.179402799250468,True,4FGL J1014.6+6126,149.184783935547,46.9061737060547,,1.3044910984749691e-10,
1FDL J0245.2-5949,280.067341978452,-51.9601236008838,41.3019535095244,-59.8202333181668,2.43636482078625e-10,0.111873597912148,0.181394408535117,True,4FGL J0245.4-5950,280.0546875,-51.9325180053711,bcu,1.4705951734139688e-10,PMN J0244-5948
1FDL J1544.9+2849,45.9040862981752,51.8696840690349,236.232655845132,28.8185119198776,2.4345335282460585e-10,0.122523366117105,0.198662201246385,True,4FGL J1545.5+2839,45.6709709167481,51.7202491760254,,1.6444118289271614e-10,
1FDL J1433.0-2836,328.482609370908,29.1785944065124,218.259078980275,-28.6039553043411,2.4322026649885836e-10,0.113753486865591,0.184442488056154,False,,,,,,
1FDL J2141.0+1150,66.7267019314197,-29.5897256633596,325.265506664112,11.8476866042381,2.4317134673017713e-10,0.113169463053088,0.18349554751993,False,,,,,,
1FDL J0013.8+4055,115.314967754713,-21.3899753688106,3.45826863373616,40.9249366413943,2.429396939287917e-10,0.108992447513614,0.176722837126685,True,4FGL J0013.6+4051,115.257797241211,-21.4510326385498,agn,1.6368609245809296e-10,4C +40.01
1FDL J1222.8+0824,281.754497496187,70.1029444649309,185.720015045774,8.41423309835636,2.426757161913203e-10,0.124269839322983,0.201493959713486,True,4FGL J1223.5+0818,282.309997558594,70.0482635498047,bll,2.0632254238428518e-10,SDSS J122327.49+082030.4
1FDL J1536.2-6847,316.964485997806,-10.5343379497133,234.069721902864,-68.786980470104,2.425641643507178e-10,0.107635377279969,0.174522469447086,False,,,,,,
1FDL J0551.7-5721,265.804146634137,-30.604488639721,87.9336739661717,-57.3538082018915,2.419979015084211e-10,0.133591487170362,0.216608292960658,True,4FGL J0550.3-5733,265.923248291016,-30.7034912109375,fsrq,1.55624957365319e-10,PKS 0549-575
1FDL J1044.4-1434,262.588335507912,38.1507070390173,161.122083242146,-14.581286193529,2.419199700194151e-10,0.104614953581379,0.169625079567664,True,4FGL J1044.5-1439,262.649017333984,38.0911102294922,,1.6008659675659231e-10,
1FDL J1557.7-0003,9.52769314898866,37.6814662294175,239.43722385132,-0.0602375401225887,2.4167012126574776e-10,0.110948393543511,0.179894259217337,True,4FGL J1557.9-0001,9.59955501556397,37.6630210876465,fsrq,1.863332405038776e-10,PKS 1555+001
1FDL J0820.3+2354,199.432549462096,29.5078973307812,125.081327980059,23.9160569251432,2.414213977414882e-10,0.094151801649174,0.152659883582476,True,4FGL J0820.9+2353,199.509704589844,29.6242904663086,bll,2.4168292367399147e-10,GB6 J0820+2353
1FDL J2354.2+2725,107.646274986222,-33.7410350623227,358.560205084419,27.4272763133135,2.413959614036412e-10,0.0900796636863533,0.146057228444501,True,4FGL J2354.1+2720,107.587051391602,-33.8082809448242,bll,1.8891664621545343e-10,NVSS J235402+272328
1FDL J0502.1+0612,193.922956104624,-20.8965084804148,75.5441511179734,6.21017880184645,2.4124917674360627e-10,0.105889530357929,0.171691686586667,True,4FGL J0502.4+0609,194.007843017578,-20.8595409393311,fsrq,3.4785874181153526e-10,PKS 0459+060
1FDL J1012.7+4224,177.043395160565,54.4160079211264,153.180033345421,42.4092530662967,2.410176235702082e-10,0.100737636914874,0.163338316682552,True,4FGL J1012.7+4228,176.917037963867,54.4101982116699,agn,2.7449711947902244e-10,B3 1009+427
1FDL J1459.5+1531,18.2191968825678,58.103497252839,224.893346242486,15.5274124940332,2.410034835128087e-10,0.125120419784931,0.202873123934524,True,4FGL J1459.5+1527,18.107759475708,58.080135345459,fsrq,1.6921823664528546e-10,MG1 J145921+1526
1FDL J2352.1-4814,327.629543027421,-65.9385060931171,358.037008362412,-48.247911872161,2.408358860524119e-10,0.0902484602711539,0.14633091290812,True,4FGL J2353.1-4806,327.472961425781,-66.1458892822266,bcu,2.082131689284949e-10,2MASS J23531112-4806045
1FDL J0224.7-1849,196.691434017409,-67.0084532175484,36.1992508303769,-18.8166862655372,2.4055864010389806e-10,0.106374821854051,0.172478580499111,True,4FGL J0224.0-1850,196.564758300781,-67.1842422485352,bcu,1.9090992675607763e-10,GALEXASC J022404.29-185029.9
1FDL J1605.3+5424,84.4386708312289,45.568261070921,241.346242215849,54.415312579059,2.4004763966211254e-10,0.098426262243113,0.159590586882565,True,4FGL J1605.5+5423,84.4055938720703,45.5521278381348,bll,1.2550407935130179e-10,RBS 1555
1FDL J1204.6+0400,275.111418357626,64.3254326117677,181.164600438682,4.01044344078618,2.3991144139566784e-10,0.103360073161974,0.167590396511437,True,4FGL J1204.8+0407,275.085754394531,64.4408645629883,fsrq,1.1065150185007866e-10,MG1 J120448+0408
1FDL J1944.6-0905,30.7335860715293,-15.9246637038579,296.171803940929,-9.08725996313131,2.3980230872263383e-10,0.150202214171481,0.243541312222304,False,,,,,,
1FDL J0623.6-2949,237.761540145959,-18.7717750060759,95.9147188826091,-29.8257142211127,2.3976154030857026e-10,0.116748198428475,0.189298188318123,True,4FGL J0623.0-3010,237.864105224609,-18.9215106964111,bcu,2.0371757059045592e-10,PMN J0623-3010
1FDL J2156.7-0855,48.3279683042086,-44.9623607771321,329.187575836281,-8.91857512786773,2.3919838329674217e-10,0.107961801728971,0.175051729727541,True,4FGL J2156.9-0854,48.3761100769043,-44.9950408935547,bll,2.7360672061327307e-10,NVSS J215650-085535
1FDL J0206.7-5745,284.701102365797,-56.6228120858718,31.6816857643375,-57.7604526579822,2.391731811773488e-10,0.102916652611642,0.166871425643388,True,4FGL J0206.8-5744,284.670196533203,-56.626651763916,bcu,2.0635433639615286e-10,SUMSS J020640-574948
1FDL J0521.6+0116,201.077489111773,-19.2535822684497,80.4018856430047,1.27438406687381,2.3892588316019656e-10,0.146474348123824,0.23749685937926,True,4FGL J0521.6+0103,201.286163330078,-19.3544044494629,bll,2.60759053238857e-10,NVSS J052140+010257
1FDL J1647.9+2231,41.8870285796242,36.6263914529446,251.98388529797,22.5331879137414,2.389110076436276e-10,0.143507379000248,0.232686139274528,True,4FGL J1648.0+2221,41.6864128112793,36.5366668701172,bcu,2.5109941903522776e-10,MG2 J164800+2224
1FDL J0055.9-3930,298.83815852093,-77.5861254387287,13.9991877842587,-39.5058677538437,2.3881090806717643e-10,0.0984252544697872,0.159588957039148,True,4FGL J0056.5-3936,298.359161376953,-77.4716339111328,bcu,1.3418667565989748e-10,NVSS J005620-394144
1FDL J0606.1+0934,199.202838576333,-5.52367308262639,91.5495034432241,9.57564470931891,2.3869941794193846e-10,0.127875949016384,0.207340976975911,False,,,,,,
1FDL J0700.4+1548,199.746891066694,9.08072898082105,105.108495885335,15.8086222802604,2.386422637105096e-10,0.0772211676461189,0.125208183559959,True,4FGL J0700.8+1551,199.747650146484,9.18514633178711,,1.998183285500943e-10,
1FDL J1138.9+6337,135.79526966584,51.6489093696959,174.739331052345,63.6311195802985,2.385914079544236e-10,0.152308680161943,0.246956777717619,False,,,,,,
1FDL J1655.3-0744,11.564030850146,21.5021222532924,253.833703814615,-7.73371311854213,2.385022936731269e-10,0.166705097450484,0.270299466268465,False,,,,,,
1FDL J2123.5-0703,45.1649927541173,-36.8835696986529,320.892055358262,-7.05612111521772,2.3844747065988834e-10,0.164898802405091,0.267370674489022,False,,,,,,
1FDL J1257.5-2715,304.604846169581,35.5989915340065,194.389565340983,-27.2528749114337,2.379449434096502e-10,0.125381117207336,0.203295812942587,False,,,,,,
1FDL J2351.1-3929,344.514134482624,-72.389350391076,357.776755904216,-39.4959696389228,2.3785891855694955e-10,0.0915054797460139,0.148369081460762,True,4FGL J2350.5-3930,344.70068359375,-72.2997055053711,,1.0864044386327264e-10,
1FDL J2244.2-3935,359.461472509527,-60.8687165723115,341.061065537395,-39.5870026352253,2.378213280585431e-10,0.0894408046766828,0.145021370062394,True,4FGL J2243.5-3931,359.674743652344,-60.7517738342285,bcu,2.2471659255618448e-10,NVSS J224326-393353
1FDL J0010.7+2032,110.198372058403,-41.3239941120887,2.67798692552262,20.5386052684686,2.3780139611389414e-10,0.118188936318289,0.191634252732988,True,4FGL J0010.6+2043,110.218742370605,-41.1282691955566,fsrq,1.7261257700962318e-10,TXS 0007+205
1FDL J0709.3-2959,241.795896425762,-9.65126733061065,107.349331498863,-29.9993975667038,2.3779911828373263e-10,0.170344019691919,0.276199693649216,True,4FGL J0709.7-3009,241.97297668457,-9.64597892761231,unk,2.5022164895638355e-10,1RXS J070947.9-300901
1FDL J1652.6+4526,70.8972505905042,39.3718282911892,253.15334287008,45.438793405613,2.3778032701739744e-10,0.089848990055413,0.145683220599704,False,,,,,,
1FDL J0934.0-3829,265.871887610696,9.78488811329905,143.504838237164,-38.4907675188109,2.3753219389703206e-10,0.163649026298929,0.265344279995651,False,,,,,,
1FDL J0521.6+7136,140.89658683121,18.9890065664613,80.4006054038496,71.6040789760853,2.374969299469638e-10,0.158265107281238,0.256614633335533,False,,,,,,
1FDL J0801.0-1100,230.90761602784,10.0338250387874,120.26547534502,-11.0120537478539,2.374178894703732e-10,0.101200590217145,0.164088944038358,True,4FGL J0800.7-1059,230.854309082031,9.98952770233155,,2.6695370913820677e-10,
1FDL J1504.7+4339,73.3612536515041,58.5201752007066,226.183516914036,43.6514062339376,2.3730875451868435e-10,0.119429628375269,0.19364593776332,True,4FGL J1504.6+4343,73.4997253417969,58.5113563537598,,8.272063589664924e-11,
1FDL J1615.1-0617,6.52703838589954,30.5052837248941,243.788750412702,-6.28870952423823,2.3728261505336426e-10,0.159387024759954,0.258433754916467,False,,,,,,
1FDL J0739.0+6535,150.589969683059,29.4106862168702,114.759480927129,65.5908078720655,2.372047819625262e-10,0.0931821933482069,0.151087735204047,True,4FGL J0737.4+6535,150.584487915039,29.2513313293457,,1.2180786934656848e-10,
1FDL J0629.5+4608,168.682606875289,15.6693936193206,97.3949078576051,46.1448039189614,2.369776781233887e-10,0.133318231234009,0.216165235268072,False,,,,,,
1FDL J0833.1-8346,296.766510274918,-24.3234143620253,128.288434071295,-83.7789565613937,2.369566820079346e-10,0.126027053885376,0.204343163789339,False,,,,,,
1FDL J0433.1-1346,210.125767847745,-36.798128343947,68.2965013510123,-13.7828890156641,2.368891665728246e-10,0.119360617326514,0.193534047635394,False,,,,,,
1FDL J0315.1+7747,130.391024338652,17.050370300238,48.7844339603954,77.7877128145829,2.366680323034439e-10,0.175004687741402,0.283756619208225,False,,,,,,
1FDL J0450.6-4941,256.408032619934,-39.5832993718137,72.6748305319544,-49.684770076072,2.359708299357028e-10,0.0893599688023747,0.144890291108848,True,4FGL J0450.7-4938,256.360870361328,-39.5779685974121,bcu,1.1611130112942901e-10,AT20G J045102-493626
1FDL J1701.4+3954,63.9800862386074,37.4275572978852,255.36154227501,39.9145832665565,2.359352327931412e-10,0.0952359099653535,0.154417680310457,True,4FGL J1701.3+3956,64.0097808837891,37.4513664245606,bll,2.556460876323996e-10,B3 1659+399
1FDL J0429.2-4324,248.271651405207,-43.5691038941056,67.3130229390614,-43.4139957033449,2.359199785188169e-10,0.0902220832272536,0.146288164470092,True,4FGL J0429.3-4326,248.312301635742,-43.5465469360352,fsrq,1.3783769958752856e-10,PKS 0427-435
1FDL J1350.8-1529,323.39408874151,44.9976124718189,207.724066161608,-15.4987602528462,2.359126342199721e-10,0.108502850719468,0.175929005170358,True,4FGL J1351.4-1529,323.568756103516,44.9713020324707,bll,2.813452248950909e-10,2MASX J13511746-1530155
1FDL J2141.5+0737,63.0451036388493,-32.4066744206444,325.397656746308,7.62012673452455,2.3574095578673745e-10,0.099778152755559,0.161782582773062,True,4FGL J2141.4+0733,62.9779586791992,-32.4231796264648,,1.9222373692784342e-10,
1FDL J1355.2+6940,114.967618654711,46.454735618158,208.809966835537,69.6744469298932,2.356822523768899e-10,0.155265176284664,0.25175050479271,True,4FGL J1354.2+6934,115.025123596191,46.5838508605957,bcu,1.0669862909873372e-10,87GB 135252.8+694626
1FDL J1336.6+2054,4.30136145381303,77.9588938629752,204.163901816817,20.9153842145559,2.3556883817273667e-10,0.0809655762657903,0.131279428686168,True,4FGL J1336.2+2053,3.93179249763489,78.0173950195313,bcu,1.881461514363636e-10,NVSS J133612+205102
1FDL J2317.2-5213,331.603678737004,-59.3459467208176,349.324042654641,-52.221914548701,2.3545604238857875e-10,0.0985501207603098,0.159791430590579,True,4FGL J2316.9-5210,331.746246337891,-59.3517723083496,bll,1.4037149220769152e-10,SUMSS J231701-521003
1FDL J0456.6+0302,196.054170070078,-23.7412297045263,74.1628991136829,3.03476952810149,2.354289794379273e-10,0.110860096940488,0.179751103528796,False,,,,,,
1FDL J0513.7-1808,219.388012979491,-29.4468722783553,78.4390524725331,-18.1383616560178,2.3528610481463316e-10,0.120925106389459,0.196070740700302,False,,,,,,
1FDL J1023.4-4233,275.941613093303,12.4361645450882,155.874072682866,-42.551201522484,2.3511910505932064e-10,0.0999979792506305,0.162139009570933,True,4FGL J1022.4-4231,275.767486572266,12.3565587997437,bll,3.1167654568342584e-10,PMN J1022-4232
1FDL J1943.5+1928,56.1378563780489,-2.13239867448687,295.896353155909,19.4800626195485,2.347506048893526e-10,0.194904174452583,0.316022086700247,False,,,,,,
1FDL J1919.7-1750,19.8691457571424,-14.1286739302741,289.937981850873,-17.8408890561378,2.3468765201968117e-10,0.157273670205513,0.255007136361485,False,,,,,,
1FDL J2142.3+2001,73.7284012568816,-24.2841790191984,325.596456940243,20.0300826060924,2.3466236321035166e-10,0.123135602781872,0.199654900610986,True,4FGL J2142.8+1958,73.7658081054688,-24.3881874084473,bcu,1.4982737273072644e-10,NVSS J214247+195810
1FDL J2043.4-4837,350.876112606718,-38.1994649387807,310.865798357363,-48.6321928140999,2.345286588191281e-10,0.135004403659287,0.21889923621163,False,,,,,,
1FDL J0641.3-1916,229.17534269995,-10.8037876854333,100.33744006843,-19.2691497918937,2.345185498215352e-10,0.141117031770229,0.228810378147206,False,,,,,,
1FDL J1433.8-0406,345.233212167216,50.1598078435709,218.472083936024,-4.10511334982082,2.343276839160269e-10,0.129655260126174,0.21022599638587,False,,,,,,
1FDL J1217.9-0030,285.306783269192,61.2156094232587,184.475717531168,-0.50331262438106,2.341807108729148e-10,0.104247105823975,0.169028643267756,True,4FGL J1218.0-0028,285.371337890625,61.2451705932617,bll,4.2208916917196854e-10,PKS 1215-002
1FDL J0228.1-3051,228.731155931629,-68.5622850360485,37.0454854420434,-30.8638828527576,2.340349508919264e-10,0.13884453045069,0.22512568436997,True,4FGL J0228.2-3102,229.192123413086,-68.5375900268555,bcu,1.2994322284853863e-10,PMN J0228-3102
1FDL J1439.4+5833,99.5406122494874,53.3775594219359,219.868175703117,58.566379703897,2.337034049999962e-10,0.128864720453712,0.208944209739218,False,,,,,,
1FDL J1159.0+0817,267.130553499917,67.4514816923506,179.75707159365,8.29855483127757,2.336933315737016e-10,0.0914481437370679,0.14827611049063,True,4FGL J1158.9+0818,267.108276367188,67.448600769043,bcu,1.6365961363895562e-10,RX J1158.8+0819
1FDL J0652.5-1854,230.009153853564,-8.25955835202679,103.141826590753,-18.9140231904041,2.3337288764764955e-10,0.181398863409247,0.29412426933671,True,4FGL J0652.8-1855,230.047302246094,-8.20863246917725,,2.5692870053717343e-10,
1FDL J1438.1+1209,7.27038954095112,60.8504534291773,219.546149366365,12.1518293107035,2.3329577834840097e-10,0.0997373545010714,0.161716440891042,True,4FGL J1438.6+1205,7.28899383544922,60.7213668823242,bll,1.1131146004927928e-10,RX J1438.3+1204
1FDL J0433.7+2032,177.303759157035,-18.1206816854778,68.4439443897075,20.5427161020573,2.3317848699236443e-10,0.151518324756779,0.245675274017972,False,,,,,,
1FDL J1508.5-4950,324.404604586974,7.2190372647728,227.137282114482,-49.8492419460963,4.651297091346994e-10,0.0901478467299848,0.146167769520311,True,4FGL J1508.5-4951,324.401580810547,7.20576667785645,bcu,8.174196874932703e-10,PMN J1508-4953
1FDL J0533.7-5428,262.186537961237,-32.8852801100035,83.4499531709428,-54.4694156521965,2.330802310876154e-10,0.145738071936045,0.236303049228214,True,4FGL J0535.1-5422,262.089813232422,-32.6884384155273,,2.502731633047261e-10,
1FDL J0456.3+6758,142.844865255344,15.1898915024428,74.0797228186556,67.9747186632173,2.3305009269070084e-10,0.091417284696608,0.148226076623585,True,4FGL J0455.9+6757,142.838180541992,15.1540422439575,,1.7475738911532088e-10,
1FDL J0204.3-2924,225.266215347056,-73.8040328728055,31.085567602786,-29.4007290874922,2.3238803301784059e-10,0.0761573750921299,0.12348329913529,True,4FGL J0204.1-2919,224.990447998047,-73.8421783447266,bcu,8.534564027717906e-11,PMN J0204-2923
1FDL J2325.8+1829,96.1246433036125,-39.8867762396651,351.459169999306,18.4874803087486,2.3225729302525418e-10,0.133157894143422,0.215905249538144,True,4FGL J2325.7+1821,96.0311965942383,-39.988037109375,bcu,3.0073155077303676e-10,MG1 J232550+1822
1FDL J1325.9+3506,82.2606780418706,79.13881342567,201.492168573877,35.1003362978929,2.321572015025066e-10,0.0750939900840646,0.121759096957521,True,4FGL J1326.0+3507,82.3149185180664,79.1186676025391,,1.8909386556575922e-10,
1FDL J0443.7-4145,246.050486659174,-40.8994354600955,70.9370352045349,-41.7665083293332,2.3197992302976165e-10,0.081575669144089,0.132268650672724,True,4FGL J0443.4-4152,246.200317382813,-40.9629554748535,bll,1.6702747518415606e-10,1RXS J044328.4-415151
1FDL J0730.0+2347,195.170702137045,18.697291107209,112.519338129312,23.7869993175695,2.3168013629071722e-10,0.0881757020163026,0.1429701132064,False,,,,,,
1FDL J0726.4+8721,125.882066243015,27.5004074616925,111.615450854162,87.3525737735549,2.3162466275734546e-10,0.163095339975133,0.264446528145183,False,,,,,,
1FDL J2223.5+4539,97.6733231911349,-9.83732080812049,335.881661016838,45.6560912278274,2.3130207030072256e-10,0.162100602291685,0.26283361563205,False,,,,,,
1FDL J2222.3+3126,89.2008412654001,-21.5008074097904,335.592819163937,31.4349764074984,2.3128046934955167e-10,0.128735430001001,0.20873459079653,False,,,,,,
1FDL J2248.9+2111,88.2892393502641,-33.3192896218511,342.232758127581,21.1845408512565,2.3088149186612908e-10,0.103936032655233,0.168524243657879,True,4FGL J2248.9+2106,88.2571487426758,-33.3836975097656,fsrq,3.0825611507800943e-10,PKS 2246+208
1FDL J0313.8-6557,283.219878238065,-45.3315633399892,48.4618111145123,-65.964018899354,2.3066320386711997e-10,0.136695681113556,0.221641487347154,True,4FGL J0314.6-6549,282.988891601563,-45.3705406188965,fsrq,1.6887549691979586e-10,PKS 0313-660
1FDL J0209.5+2633,143.852886245667,-33.1271284652296,32.3892533818992,26.5512607094398,2.3026473980350892e-10,0.114283434397557,0.185301775289133,True,4FGL J0209.8+2626,143.977661132813,-33.2133522033691,,1.6284053272475063e-10,
1FDL J1526.6-2747,340.170290435675,23.6367739924351,231.663422560159,-27.7929730289732,2.3018535011787347e-10,0.114425859618071,0.185532713769671,True,4FGL J1526.6-2743,340.216094970703,23.6805572509766,,5.986628415222127e-10,
1FDL J1212.2+2441,226.164258561522,80.8571561753683,183.057091096709,24.6970647555478,2.3016964082096183e-10,0.104686870486979,0.169741675201439,True,4FGL J1212.2+2442,226.062072753906,80.8579864501953,bcu,1.8526057077306035e-10,NVSS J121219+244130
1FDL J1126.5+5643,144.164471371412,56.7583071759089,171.642227619135,56.7324811970252,2.3015172801881176e-10,0.109358548281834,0.17731645193379,True,4FGL J1127.4+5648,143.908477783203,56.7722625732422,fsrq,1.9111136284610808e-10,S4 1124+57
1FDL J1505.4+7720,114.178536564467,37.4057074485952,226.36024432539,77.3486705865281,2.3008835545027894e-10,0.0908915563681472,0.147373640459042,True,4FGL J1508.4+7717,113.974662780762,37.3476524353027,bcu,1.7441573185728032e-10,NVSS J150811+771819
1FDL J0048.9-6346,303.392136610061,-53.3557761711225,12.237996837414,-63.7702548391362,2.2949020822190008e-10,0.114044365198791,0.184914146764657,True,4FGL J0048.6-6347,303.442962646484,-53.3341102600098,,4.2913955722312375e-10,
1FDL J1439.2-2208,333.450738378409,34.2592843699015,219.805163411681,-22.1466331161869,2.2940009847728393e-10,0.109954733701336,0.178283126586982,False,,,,,,
1FDL J2309.1+1109,86.5918923797176,-44.3795785332337,347.28507387837,11.1550047672046,2.2938966122096667e-10,0.1400262914052,0.227041842074594,True,4FGL J2308.9+1111,86.5823364257813,-44.322811126709,bcu,2.2908012986544435e-10,MG1 J230850+1112
1FDL J1519.7-4142,330.454691888323,13.1049104662125,229.934277110642,-41.7071177360996,2.2934269944379917e-10,0.177067240349792,0.287100889184648,False,,,,,,
1FDL J0215.6+0301,160.196802094737,-53.6446192312489,33.9249320225014,3.017492131018,2.2929464909973126e-10,0.136972331775024,0.222090062907486,True,4FGL J0215.9+0300,160.303344726563,-53.6196136474609,bcu,2.790339626024263e-10,PMN J0215+0300
1FDL J1057.4-3008,275.450820388746,26.5841881683696,164.35951508724,-30.134503809562,2.2901752662249005e-10,0.132917710339702,0.215515814724415,False,,,,,,
1FDL J0608.4+5542,158.181453265805,16.4515279704426,92.1097991732828,55.7089481271133,2.288278499425611e-10,0.135992373821891,0.22050114413011,False,,,,,,
1FDL J1733.6+2237,46.0063805423736,26.6792254145634,263.405324608182,22.6207812215333,2.2878456429490936e-10,0.142007939369995,0.230254914677358,True,4FGL J1733.4+2235,45.9559020996094,26.698637008667,,3.0080771207252605e-10,
1FDL J1434.9+7124,111.894410368028,43.4262129167026,218.727352160188,71.4162592581613,2.287314272934656e-10,0.123495846001529,0.20023899412388,True,4FGL J1435.3+7120,111.790458679199,43.4740791320801,bcu,1.2778948732528048e-10,NVSS J143518+711818
1FDL J2102.7+0341,52.8551814567388,-26.8843570232488,315.689934586787,3.68689367899062,2.2821166524313987e-10,0.1217554419027,0.197417062826871,True,4FGL J2103.0+0342,52.9251441955566,-26.9327735900879,bcu,2.3632193424383274e-10,NVSS J210301+034411
1FDL J1400.7-2934,320.513982702812,30.9194945160453,210.194748754114,-29.5738610165043,2.281755993672387e-10,0.122916625448014,0.199299822548699,False,,,,,,
1FDL J1825.3-5624,338.446959266575,-18.9047732910965,276.342627836274,-56.4162588348295,2.2811659477347066e-10,0.110545798722589,0.179241492820307,True,4FGL J1825.9-5614,338.646545410156,-18.9237785339355,,2.013947619783352e-10,
1FDL J0750.8+2111,199.657996234383,22.180529444643,117.714218154702,21.1844345934652,2.2804832146913552e-10,0.131842841144943,0.213773013640069,False,,,,,,
1FDL J0553.5+1402,193.762884342094,-6.02419329828895,88.3953945985621,14.0497684994283,2.2793803499775433e-10,0.185316227730666,0.300475963564292,False,,,,,,
1FDL J1635.9+3631,58.9313077924743,42.0598501188502,248.995488399575,36.5212996281033,2.2780488879642028e-10,0.097237474457654,0.157663065384135,True,4FGL J1635.6+3628,58.8676872253418,42.1139183044434,fsrq,2.4450599878100826e-10,MG3 J163554+3629
1FDL J0243.0+1735,157.276565427738,-37.7221399792522,40.7735646568937,17.5929515661988,2.276189418122393e-10,0.111135233838335,0.180197197832324,True,4FGL J0242.6+1735,157.155258178711,-37.7750434875488,bcu,2.8678173724649975e-10,NVSS J024248+173700
1FDL J0333.2-2658,222.214334466204,-54.1289182951106,53.3176543998793,-26.9761287626454,2.276162164462481e-10,0.0941952203597621,0.152730285115171,True,4FGL J0333.4-2705,222.4130859375,-54.0993194580078,,1.330728721660179e-10,
1FDL J0517.6+1426,188.820072768656,-13.245388468711,79.4179923240334,14.4437468575285,2.2752684252788626e-10,0.166902720539659,0.27061989024028,False,,,,,,
1FDL J0001.3+3510,111.501341281667,-26.5752402595584,0.335007773747587,35.1820738488787,2.274647374314217e-10,0.122230341060571,0.198187087014733,False,,,,,,
1FDL J0340.7-0259,189.574845282155,-42.9145794886576,55.1791681168083,-2.9847274399842,2.2726709463651504e-10,0.103204695025778,0.167338439965384,True,4FGL J0340.5-0256,189.495162963867,-42.9111022949219,bcu,2.2358835616298478e-10,TXS 0338-030
1FDL J1539.6-0718,358.869028305106,36.6909955412797,234.905979962087,-7.31184999696733,2.2688210349410057e-10,0.139958758440764,0.226932340005861,False,,,,,,
1FDL J0206.2+3832,138.624905129898,-22.0367888223479,31.5567717975738,38.5451812565032,2.266665111417796e-10,0.0940084632957263,0.152427473672997,False,,,,,,
1FDL J1030.5-3006,269.941328275537,23.5836764271312,157.628172819935,-30.1127832053982,2.264923406768698e-10,0.113739255876898,0.184419433590922,True,4FGL J1030.4-3001,269.872589111328,23.6452503204346,bcu,1.7705710508852943e-10,PMN J1030-3004
1FDL J1652.7+3636,59.5568209083824,38.7346248224655,253.176659099226,36.6150912530182,2.262261892828982e-10,0.104776873442026,0.169887612435868,True,4FGL J1653.0+3640,59.6511955261231,38.6839447021484,,8.820955077482039e-11,
1FDL J1133.9-2053,279.610646103447,38.4475895322556,173.477809021026,-20.8879526049575,2.2584215020342965e-10,0.131391192610036,0.213040662652047,True,4FGL J1133.8-2048,279.543884277344,38.5093879699707,bll,1.2571375884729008e-10,NVSS J113350-204852
1FDL J1144.2+5546,141.265096252304,58.9016559055909,176.07154002123,55.7719350315185,2.2574563417742755e-10,0.136536910087459,0.221384079504659,True,4FGL J1145.6+5552,140.842086791992,58.9014320373535,bcu,7.511680166771839e-11,87GB 114248.3+560915
1FDL J1516.7+3651,59.7711576911731,57.9000961658013,229.199833546325,36.8555766976441,2.2512427126307845e-10,0.101370484635059,0.164364414952398,True,4FGL J1516.8+3651,59.7576446533203,57.8833541870117,bll,1.6066327435115824e-10,MG2 J151646+3650
1FDL J1743.3+2152,46.1095349827281,24.3073135171495,265.840602464061,21.8761625938043,2.2501809311697393e-10,0.132797382306344,0.215320720083184,False,,,,,,
1FDL J1804.6-7811,315.616450120554,-24.1674176257267,271.156148649776,-78.1944901474207,2.249825319434764e-10,0.1640757158806,0.266036124888387,False,,,,,,
1FDL J0034.3+3857,119.304347385931,-23.7927283538934,8.58976278742157,38.9586932295431,2.248920379502677e-10,0.0963213933724953,0.156177698745427,True,4FGL J0033.9+3858,119.214904785156,-23.7737712860107,bcu,2.4238752671656977e-10,MG3 J003408+3901
1FDL J1019.5+0515,237.212710502609,47.7736699005794,154.892785145233,5.26138056166916,2.2486026595859852e-10,0.154555786335475,0.250600292602659,True,4FGL J1019.7+0511,237.340744018555,47.7722625732422,bcu,1.896318796434926e-10,NVSS J101948+051327
1FDL J1521.0+0428,7.20138551393222,47.7675004056094,230.257011119237,4.46902849287226,2.2479781207943782e-10,0.161153006380976,0.261297167296773,True,4FGL J1521.1+0421,7.10976600646973,47.6748962402344,rdg,1.3367899842631203e-10,PKS B1518+045
1FDL J0049.8-4159,304.046179485031,-75.1348075176752,12.4749003166323,-41.9901166040089,2.2478435446391085e-10,0.13225360096853,0.214439030937396,True,4FGL J0049.5-4150,304.286773681641,-75.2773895263672,bcu,1.083675510438198e-10,SUMSS J004938-415140
1FDL J0834.0+3259,190.060075650008,34.8515480391405,128.513497392314,32.9864874944902,2.2466865222238726e-10,0.108737976766508,0.176310230370592,False,,,,,,
1FDL J1312.1-1856,309.701805485833,43.653465662341,198.033224153962,-18.94608143763,2.245347273067327e-10,0.162314355318086,0.263180211678978,True,4FGL J1312.6-1900,309.853729248047,43.5702819824219,bcu,1.804275062688987e-10,NVSS J131234-185902
1FDL J1028.3-0238,248.04873803522,44.4634156691966,157.098184932024,-2.63597643885296,2.2447720176901988e-10,0.093339466090926,0.151342742618994,True,4FGL J1028.4-0234,248.016662597656,44.5165824890137,fsrq,2.620970662725597e-10,PMN J1028-0237
1FDL J1448.9-2137,336.105426496585,33.569915817376,222.228760244827,-21.6262742993898,2.2445032572940294e-10,0.138161528974963,0.224018255662449,True,4FGL J1449.6-2137,336.288269042969,33.4748840332031,fsrq,1.9265981865412837e-10,PKS B1446-214
1FDL J2235.1-0628,59.2269364271637,-51.6219094434434,338.791667104769,-6.47012455533086,2.2440195696667605e-10,0.145198423464602,0.235428052917062,True,4FGL J2235.1-0623,59.3307342529297,-51.5835571289063,bcu,1.8946148816478822e-10,PMN J2235-0623
1FDL J1858.1+3039,61.3563200320251,12.1350381314014,284.532145084126,30.6653167799166,2.2437079150951156e-10,0.151369582542949,0.245434097193114,False,,,,,,
1FDL J0608.8-6040,269.894580235097,-28.5633832845253,92.205376387779,-60.6698163031094,2.2421341836695372e-10,0.154698436401029,0.250831584821609,True,4FGL J0610.9-6054,270.001098632813,-28.3313732147217,fsrq,2.227557582834549e-10,PKS 0609-609
1FDL J1504.7+2033,28.0381170863897,58.9039466532812,226.199826665112,20.5636211582319,2.2412591727451536e-10,0.112533198387104,0.182463901413522,True,4FGL J1504.9+2027,27.8583545684814,58.827205657959,bcu,2.4799440279110735e-10,NVSS J150503+202811
1FDL J0500.4+7719,134.90758973471,20.7321942545143,75.1050261359433,77.3327415173584,2.237676804250874e-10,0.156243264920229,0.253336402310544,False,,,,,,
1FDL J0845.6-5558,273.172338295443,-8.04793976275275,131.404494372614,-55.9799564086212,2.2354166430389723e-10,0.098747566488225,0.160111559056476,True,4FGL J0845.7-5556,273.162506103516,-8.01002311706543,fsrq,4.1151798635397085e-10,PMN J0845-5555
1FDL J0113.6+3723,127.802145315232,-25.2715408579649,18.4045936499241,37.3903690864223,2.2348011182474455e-10,0.142483638413814,0.2310262331245,False,,,,,,
1FDL J1031.3-4451,278.437903473417,11.2424913182542,157.848017294173,-44.8661195593935,2.2341590122068638e-10,0.106088617230078,0.172014496765421,False,,,,,,
1FDL J1847.7+5028,79.9061286184987,21.1458590565762,281.945020895837,50.4713356869081,2.2335117420857716e-10,0.105585922337068,0.17119942513257,False,,,,,,
1FDL J0049.6-4453,303.982263389461,-72.2363308281333,12.407196320288,-44.8882318858932,2.2327844556995118e-10,0.097000793015578,0.157279300519659,True,4FGL J0049.6-4500,303.946533203125,-72.1161804199219,fsrq,1.2502658630619834e-10,PMN J0049-4457
1FDL J0352.2+1032,178.462325711768,-32.2170305887999,58.0522513227528,10.5477418007435,2.2321322385407164e-10,0.119663786211601,0.194025620943728,False,,,,,,
1FDL J0542.6+0749,197.858473629698,-11.4567056863391,85.6567330298493,7.83179062688771,2.227972161354247e-10,0.196483461887655,0.318582786151897,False,,,,,,
1FDL J1516.6+4343,72.1670332147519,56.4576734484857,229.16917096309,43.7169328133498,2.225370056009687e-10,0.109777100206225,0.177995107860348,True,4FGL J1516.1+4351,72.4488143920898,56.4989776611328,bll,1.6490750431863432e-10,87GB 151444.4+440102
1FDL J0115.1-0128,136.428155611782,-63.7152470269808,18.793477710063,-1.46720202651477,2.2247945910760989e-10,0.122180031467933,0.198105471252565,True,4FGL J0115.1-0129,136.425018310547,-63.7451896667481,fsrq,2.43999681570628e-10,PKS 0112-017
1FDL J0627.7-5003,258.533325310237,-24.1163255900241,96.9337018549361,-50.0581478682472,2.2231063542065015e-10,0.111230316647656,0.180351389064718,False,,,,,,
1FDL J1014.3+4108,179.074068903422,54.9651394550343,153.580728317017,41.1484181857606,2.2212810929298019e-10,0.114367889307299,0.18543871910445,True,4FGL J1014.3+4112,178.969161987305,54.9610595703125,bcu,1.798330928615144e-10,GB6 J1014+4112
1FDL J0807.2-7627,289.101952946323,-22.0610738672206,121.810919111744,-76.4533616101142,2.2191916007291995e-10,0.0950693974880424,0.154147687884948,True,4FGL J0807.2-7630,289.157073974609,-22.0829086303711,bcu,2.6191826485444375e-10,PMN J0807-7629
1FDL J0251.7+1135,163.896624708751,-41.5228871805302,42.9289594238741,11.587924598028,2.2174969951121455e-10,0.141740629576279,0.229821500519382,False,,,,,,
1FDL J1112.3-3234,279.834354725961,25.8161246465542,168.084289570624,-32.5725602775687,2.217077527841779e-10,0.151495618826904,0.245638468487301,False,,,,,,
1FDL J2210.9-1328,44.7864709106796,-50.1813725620758,332.734010257308,-13.4828378265019,2.2150662500747598e-10,0.126210119943721,0.204639972121578,True,4FGL J2211.2-1325,44.9319267272949,-50.224983215332,bcu,2.4310359281187743e-10,PKS 2208-137
1FDL J0904.2+4103,180.796809498022,41.8418518220757,136.070754397329,41.0604010634713,2.2142283144061306e-10,0.167226541051575,0.271144940068238,True,4FGL J0903.5+4057,180.922744750977,41.7093353271484,,8.451889188521021e-11,
1FDL J0130.8+1433,137.031688666364,-47.2263513230511,22.7013834290321,14.5647702622507,2.2129932028229386e-10,0.139178796922653,0.225667681077865,True,4FGL J0129.8+1440,136.669815063477,-47.1623382568359,fsrq,2.6688967702526156e-10,4C +14.06
1FDL J0511.9+1216,189.92416890807,-15.5919279340588,77.9943995724686,12.2685912571407,2.2126858572641112e-10,0.145711991777269,0.23626075541526,False,,,,,,
1FDL J1215.0-1926,291.247384646418,42.5982287085887,183.762845681679,-19.4464726580465,2.212664662592146e-10,0.1026943570718,0.166510979024645,True,4FGL J1214.6-1926,291.13134765625,42.5798530578613,bcu,2.0200630057587432e-10,PKS B1211-190
1FDL J1343.0+0502,334.31421723861,64.7163393784542,205.760805121219,5.03675779175295,2.2117852627184675e-10,0.084601827148435,0.137175321434863,True,4FGL J1342.7+0505,334.216064453125,64.7988815307617,bll,2.490171124858165e-10,4C +05.57
1FDL J1800.8+1949,45.6921901982413,19.7387080838726,270.224779521684,19.8173863097738,2.2116899271121096e-10,0.167162849148683,0.271041678010916,False,,,,,,
1FDL J0226.3+3920,142.276789973443,-19.9447366647647,36.5991927337065,39.3334674269179,2.2109856302543174e-10,0.162288014850774,0.263137499311377,True,4FGL J0227.2+3928,142.377548217773,-19.757303237915,fsrq,1.6679942149711022e-10,B2 0224+39
1FDL J0600.7+4057,171.114929244508,8.70962285057113,90.1790254186208,40.9657732347911,2.2102815576748282e-10,0.134369007061081,0.217868980612926,False,,,,,,
1FDL J2100.9-7806,314.914114224585,-32.9873225446118,315.236720659663,-78.1005834266805,2.210165116154047e-10,0.173315499714283,0.281017716147401,True,4FGL J2103.4-7816,314.656585693359,-33.0230674743652,bcu,2.2154401924101563e-10,PKS 2059-78
1FDL J1601.8+2925,47.6892666057414,48.3096568871888,240.456751670675,29.4252215337809,2.2097629108246655e-10,0.127737469427393,0.207116456078787,False,,,,,,
1FDL J1354.0+2557,31.7272503226335,75.9515031796015,208.519798373055,25.9638274701396,2.209625331068296e-10,0.112029692633908,0.181647514351159,False,,,,,,
1FDL J0253.0+3838,147.542020437285,-18.3588248797155,43.2557277702487,38.6338201483145,2.2081865485918858e-10,0.121001458964644,0.196194546873354,True,4FGL J0252.9+3834,147.563598632813,-18.4118766784668,fsrq,2.043811508922744e-10,B2 0249+38
1FDL J1206.9-1848,288.503814944244,42.8136703203489,181.726397647571,-18.8070237966023,2.2076763233710622e-10,0.152184179825993,0.246754917225593,True,4FGL J1207.4-1840,288.629150390625,42.9789657592773,,1.3105480589636898e-10,
1FDL J1456.4-3323,330.92070003599,22.5921593901118,224.122789153182,-33.39531473602,2.2020927140948023e-10,0.134199581078003,0.21759427799663,False,,,,,,
1FDL J0042.8+5322,121.637912966404,-9.47926586732636,10.7199141198338,53.3709775636876,2.2014705495237166e-10,0.168242643031748,0.272792460436983,False,,,,,,
1FDL J0515.5-2205,223.843754775875,-30.4316356239334,78.8927000050873,-22.0999589699648,2.201333486049452e-10,0.122140612276289,0.198041590046284,False,,,,,,
1FDL J2311.9+2215,94.5302068555425,-35.0654286254091,347.982726665961,22.2595914338032,2.2006799161011524e-10,0.1521993852843,0.246779577687659,False,,,,,,
1FDL J0715.4-4527,256.683858484523,-15.0454885486951,108.873579844058,-45.4573946270737,2.1999633205653704e-10,0.096106449505546,0.155829204499284,True,4FGL J0715.6-4528,256.716339111328,-15.0261182785034,bll,3.5622016447689475e-10,SUMSS J071544-453031
1FDL J0553.3+4819,163.922948017132,11.0873116244696,88.3479872507492,48.3245653325913,2.1986835138409627e-10,0.17088032815524,0.277069271517425,True,4FGL J0553.5+4810,164.074981689453,11.0435218811035,,1.265311189158069e-10,
1FDL J0908.3-0729,237.232531223896,25.8976467026613,137.075473533157,-7.4876919901103,2.198228124484149e-10,0.0838213879370081,0.135909918785499,False,,,,,,
1FDL J0612.7-3934,246.691559436323,-23.9351038641644,93.1905207868722,-39.5713008123039,2.19469088533022e-10,0.135666863007932,0.21997334466697,True,4FGL J0612.5-3934,246.691650390625,-23.9744110107422,bcu,1.5143221399060988e-10,PMN J0612-3939
1FDL J0405.7-5403,263.921461277344,-45.6271889030939,61.4374728666388,-54.0525576149269,2.1933301067044493e-10,0.134340870587346,0.217823351718023,True,4FGL J0406.0-5407,263.998809814453,-45.5669555664063,bcu,1.6487813891963301e-10,SUMSS J040608-540445
1FDL J0358.3+0633,183.255419107104,-33.6378572013772,59.5886554015786,6.56122179867862,2.1929099595605198e-10,0.111624074894404,0.180989816452815,True,4FGL J0358.6+0634,183.299285888672,-33.5691375732422,bcu,2.5840873885130117e-10,PMN J0358+0629
1FDL J0626.6-0202,211.933400341323,-6.43778205780861,96.673610588296,-2.04676007705844,2.1925844008812964e-10,0.181635146407186,0.294507344010703,False,,,,,,
1FDL J2135.6-1715,34.6781121589446,-43.9176220688721,323.924508200642,-17.262246460317,2.1900236258021118e-10,0.132975539705849,0.215609589929091,False,,,,,,
1FDL J0729.0-3126,245.015025745767,-6.53944537930242,112.25336272851,-31.4376961376751,2.189284286790263e-10,0.121801233784683,0.197491332417709,True,4FGL J0729.1-3131,245.105117797852,-6.55930233001709,bcu,3.1569208358561696e-10,NVSS J072922-313128
1FDL J0327.6-1813,207.404633113961,-53.0490164395987,51.9068643016455,-18.2321767497442,2.1791371267876786e-10,0.0907935877029226,0.147214812096684,True,4FGL J0327.5-1805,207.17268371582,-53.0112991333008,bcu,2.1637779068495175e-10,CRATES J032743.34-180342.0
1FDL J2117.5-1520,34.8814433855124,-39.156061925676,319.385404506534,-15.3340857483644,2.1771185590461954e-10,0.115349276760096,0.187029952849501,True,4FGL J2117.8-1521,34.8877983093262,-39.2299957275391,bcu,1.3424482359081225e-10,TXS 2115-155
1FDL J0640.0-2715,236.508820096709,-14.3632002964073,100.016371097292,-27.2558668099218,2.176743217909439e-10,0.0936355817878745,0.151822873443712,False,,,,,,
1FDL J1136.6-0449,270.635024180741,53.2874814159709,174.163492149935,-4.82928799354101,2.172160940470189e-10,0.143218004618766,0.232216951654227,True,4FGL J1136.3-0501,270.668884277344,53.0706977844238,bcu,1.9767655567992648e-10,NVSS J113607-050156
1FDL J1531.6-0630,357.917473916061,38.6962593903363,232.902864818702,-6.51585635661625,2.1717760525611264e-10,0.134833871001334,0.218622706023824,False,,,,,,
1FDL J0535.4+0101,203.067151685495,-16.3592234828496,83.8525298096456,1.02398543193942,2.1700293110670146e-10,0.150525736920106,0.24406588307531,False,,,,,,
1FDL J0101.6+1648,126.560144246107,-45.9881574623633,15.4196171600235,16.8134245794163,2.166062780849491e-10,0.103293233424484,0.167482008480969,True,4FGL J0102.0+1639,126.615875244141,-46.1431312561035,bcu,1.5810940057203735e-10,TXS 0059+163
1FDL J0103.1+1535,127.06791253515,-47.1844382091886,15.7766074132302,15.5935819249902,2.1649530374615477e-10,0.094648651889442,0.153465477718545,True,4FGL J0103.5+1526,127.22826385498,-47.336181640625,bll,1.743718086588686e-10,TXS 0100+151
1FDL J1120.6-0013,260.863911370194,55.0126638154619,170.174222922132,-0.232545522241996,2.164927115676059e-10,0.128074020272711,0.207662163604917,True,4FGL J1121.3-0011,260.858489990234,55.1566963195801,bcu,1.5750482862397774e-10,MGC 0019706
1FDL J0336.1+3448,157.32272048964,-16.8444539213786,54.0360980749671,34.8045705465994,2.1624659608164288e-10,0.172171055380896,0.27916209749739,False,,,,,,
1FDL J2146.2+0209,58.673051707355,-36.6872951759509,326.569978598931,2.15097532824754,2.16164792326983e-10,0.133056617227325,0.2157410443845,False,,,,,,
1FDL J0642.1-4642,255.769079800779,-20.8889445693932,100.545937141333,-46.7131487219555,2.1608353696994135e-10,0.109363498807957,0.177324472128186,False,,,,,,
1FDL J1055.3-0717,259.503106264254,45.561072723079,163.830898300231,-7.29392789751202,2.1603541922148757e-10,0.125965045205289,0.204242614383915,True,4FGL J1055.6-0719,259.608459472656,45.5865669250488,,1.3486145533647687e-10,
1FDL J0537.8+5324,158.182250321389,11.4511404591692,84.4503836648462,53.4039349345389,2.15979553992314e-10,0.132494881156398,0.214830231229766,False,,,,,,
1FDL J0238.3+1527,157.485333410425,-40.1393225096863,39.5935569293413,15.4506360597288,2.159412843054848e-10,0.123294317173493,0.199912242534136,True,4FGL J0238.2+1531,157.405364990234,-40.0984115600586,bcu,3.4933952952620473e-10,CRATES J023819+153323
1FDL J0645.0-3757,247.215878295422,-17.4543255862708,101.26642874186,-37.9528602291937,2.158942322304224e-10,0.11036495329867,0.178948271206852,False,,,,,,
1FDL J0202.5+2947,140.868951643779,-30.5893144749726,30.6470464013214,29.7921879173348,2.1576243761863638e-10,0.112390533343507,0.182232572983976,True,4FGL J0202.4+2943,140.866455078125,-30.6564140319824,,1.8569107362864656e-10,
1FDL J2236.3-2303,32.9503199061358,-59.2291497072096,339.078292208116,-23.0568553703484,2.1570664298057082e-10,0.10911687641865,0.176924598965806,True,4FGL J2236.4-2309,32.7851676940918,-59.2951889038086,bcu,2.7870319940781485e-10,PMN J2236-2309
1FDL J0830.9+2628,197.431051673952,32.5731831100569,127.731139154823,26.4828497430297,2.155883854091907e-10,0.113477043086256,0.183994274852662,True,4FGL J0831.4+2631,197.42658996582,32.7074241638184,bcu,1.3849105195973266e-10,MG2 J083121+2629
1FDL J1407.2+7925,118.649052763937,37.0673534345148,211.802953378939,79.4228662870832,2.1558683661367494e-10,0.15686804572075,0.254349421657705,False,,,,,,
1FDL J1623.7+0338,17.7277519429151,34.2361537279571,245.93282860372,3.64501511589531,2.1547432058202767e-10,0.108605673003104,0.176095734386923,False,,,,,,
1FDL J2034.9+1200,56.271918348361,-16.5626599586564,308.734261398469,12.0044028060096,2.1521699341460006e-10,0.106442519712735,0.172588337373659,True,4FGL J2034.6+1154,56.1369323730469,-16.5495090484619,fsrq,6.332082080895417e-10,TXS 2032+117
1FDL J2006.5+6424,97.6504887498978,16.7077668675887,301.633581414912,64.4040796555834,2.1521235506565774e-10,0.114197178232562,0.185161925523158,True,4FGL J2005.8+6424,97.6106262207031,16.7704296112061,fsrq,4.4737435977992845e-10,87GB 200541.3+641601
1FDL J1216.0+0535,279.992959750674,66.8730007702475,184.011453454809,5.59070170079433,2.1504750094128007e-10,0.0925961179539075,0.150137442435144,True,4FGL J1216.2+0537,280.080993652344,66.9221954345703,,1.0342873085766867e-10,
1FDL J1920.0+7330,104.978594523189,23.9418255877027,290.000010921791,73.5055499312849,2.1461947096397568e-10,0.146170450996235,0.237004122912912,False,,,,,,
1FDL J2124.9-2429,24.0586381987842,-43.7744649315753,321.23336133672,-24.4932020857368,2.1454085151036278e-10,0.111445395995209,0.180700105349865,False,,,,,,
1FDL J0642.8-6504,275.160650938343,-25.3069586656984,100.724953037498,-65.0694549854241,2.143616246951609e-10,0.110872528516665,0.179771255635855,True,4FGL J0642.9-6501,275.110961914063,-25.298267364502,,1.9394069683542623e-10,
1FDL J1212.8-2623,292.271856320928,35.6792321106001,183.20288776446,-26.391694324338,2.1433288018082014e-10,0.155300521872527,0.251807787005396,False,,,,,,
1FDL J0532.2-5123,258.509277626573,-32.9796139827481,83.0698334508159,-51.3902632908607,2.1406204990036655e-10,0.108090583108073,0.175260539072591,False,,,,,,
1FDL J2152.6+1732,73.6511390098094,-27.757797015045,328.15827764848,17.5421346910799,2.1388885716950273e-10,0.0889589097562873,0.144240009436062,True,4FGL J2152.5+1737,73.6949920654297,-27.690315246582,bll,1.5381991513852e-10,S3 2150+17
1FDL J2343.5+1539,99.8696485534071,-44.1448909027514,355.885161402594,15.6652618267456,2.1331034592376635e-10,0.104955078541001,0.170176564933634,False,,,,,,
1FDL J0126.7+0855,137.521810353315,-52.9493997242746,21.6968942611332,8.91805372892161,2.131586887471675e-10,0.100717387799323,0.163305493355111,False,,,,,,
1FDL J0654.6-4950,259.630878495563,-19.9053219452812,103.659942266968,-49.840276845436,2.130831557312653e-10,0.0986310105484718,0.159922577435878,True,4FGL J0654.6-4952,259.660308837891,-19.910026550293,bcu,2.1533014260555208e-10,SUMSS J065518-495205
1FDL J0102.6+8624,123.122983809072,23.5406043861206,15.6565076989361,86.408200770384,2.127140419260045e-10,0.138698232313321,0.224888480384143,True,4FGL J0054.4+8627,122.982406616211,23.5816440582275,bcu,2.2641805097478598e-10,WN B0046.2+8611
1FDL J0144.3-7437,298.247047399258,-42.0167884807922,26.0911676631566,-74.6265537104277,2.1249232088600145e-10,0.119577887987486,0.193886322310885,False,,,,,,
1FDL J1114.5+1222,241.201223331688,62.945626717557,168.646956889815,12.3784954204007,2.1228862298912109e-10,0.117321741282073,0.190228160095305,True,4FGL J1114.6+1225,241.152572631836,62.9827842712402,,1.05991958265772e-10,
1FDL J2043.2+1040,56.2994634514629,-18.9980658347638,310.819143987224,10.6802017501451,2.1226422286555949e-10,0.131943075060845,0.213935507483097,True,4FGL J2044.0+1036,56.3418350219727,-19.1879596710205,bcu,2.020220102316728e-10,NVSS J204351+103406
1FDL J0102.7+1642,126.829699866827,-46.08468662887,15.6809871156708,16.7016292528233,2.1226193549776654e-10,0.120749820651956,0.195786548527103,False,,,,,,
1FDL J1205.8+6759,129.35862428805,48.5649609647555,181.459686445054,67.9903429299156,2.121976451322102e-10,0.120910024424765,0.196046288494933,False,,,,,,
1FDL J1736.7+3618,61.1376659629623,29.9844988403652,264.176433412919,36.3153864138681,2.1197367047651373e-10,0.105051672075511,0.170333185788841,False,,,,,,
1FDL J2104.5+0115,50.8112140968649,-28.5775101593133,316.143632949265,1.25090496182053,2.1188536457686554e-10,0.137515824320446,0.222971310402477,True,4FGL J2104.7+0108,50.7259140014649,-28.6642589569092,bcu,1.5305015588218396e-10,PKS B2102+009
1FDL J0437.1-3304,234.376715795069,-41.3988348554389,69.2814421380588,-33.0669611716137,2.1179506672192792e-10,0.112358209341321,0.182180155546686,False,,,,,,
1FDL J0050.3+0838,122.480627639145,-54.2267950471761,12.5926298006629,8.64401721851421,2.1166374699860588e-10,0.144932760319582,0.234997288710799,False,,,,,,
1FDL J2208.2+0347,64.6805494035118,-39.9605837109048,332.07456074455,3.7894280216196,2.1164854148259606e-10,0.101334213634614,0.164305613546929,True,4FGL J2208.2+0350,64.7128067016602,-39.9197616577149,bll,1.2186157638538475e-10,SDSS J220812.70+035304.6
1FDL J0639.9+3009,184.531765145313,10.9807585035133,99.9834481804168,30.1594004614011,2.1141856464259937e-10,0.197466624665504,0.320176882902375,False,,,,,,
1FDL J0711.5+5725,159.286327035995,25.227082506224,107.880138914612,57.4314887583204,2.1137249803609038e-10,0.154178847759095,0.249989133522056,True,4FGL J0712.4+5724,159.338562011719,25.3519039154053,bll,9.793021255033452e-11,RX J0712.3+5719
1FDL J1655.4+0341,22.3356297515395,27.3901028849537,253.853936607286,3.69600173644153,2.1135427665509883e-10,0.147423947190209,0.239036557888427,False,,,,,,
1FDL J0325.3-2045,211.113842576531,-54.3982396124604,51.3379688924654,-20.7514763608485,2.1130721202416338e-10,0.109986494395002,0.178334634636244,True,4FGL J0324.8-2043,211.017227172852,-54.496883392334,bcu,1.0742789990914048e-10,NVSS J032451-204324
1FDL J1854.6+4046,70.6619276505928,16.7636072237406,283.652595213913,40.7675799633715,2.1127887708690503e-10,0.16432116094613,0.266434060991713,True,4FGL J1854.9+4054,70.8174362182617,16.7582721710205,,1.2132468640846383e-10,
1FDL J2035.9+0352,49.1442041382223,-21.1124665094166,308.985257551702,3.87370026863608,2.1122930008902142e-10,0.119685635273507,0.194061029501726,True,4FGL J2035.3+0354,49.102165222168,-20.9678478240967,,1.545986949569311e-10,
1FDL J0223.8-0926,178.279473063821,-61.9234996469592,35.9689102254044,-9.44807570550814,2.11190860630541e-10,0.0876905373051047,0.142183447594523,True,4FGL J0223.5-0928,178.233795166016,-61.9963760375977,bcu,1.7998116885742374e-10,PMN J0223-0925
1FDL J1116.8+5853,143.710320098387,54.2634606469553,169.222066160384,58.8841654686409,2.1089016179211319e-10,0.0886794715773951,0.14378691576051,False,,,,,,
1FDL J0131.7-5348,290.086250215862,-62.309110846107,22.9347227162203,-53.8025467081679,2.1087905172739241e-10,0.103771205593337,0.168257003160336,True,4FGL J0131.7-5346,290.056762695313,-62.3352813720703,,1.927084603003948e-10,
1FDL J1145.7+4421,156.076350396493,68.3055186611673,176.439185460346,44.3586724242922,2.1082300532661198e-10,0.117140995800085,0.189935085116536,True,4FGL J1145.5+4423,156.082794189453,68.2642135620117,fsrq,1.1544858125045464e-10,B3 1143+446A
1FDL J0620.5-2512,232.780493198526,-17.5974061464039,95.1426885149456,-25.2074977033563,2.1059745568993128e-10,0.11148941080377,0.180771480124326,True,4FGL J0620.5-2512,232.786376953125,-17.5979423522949,bcu,5.339621522715277e-10,PKS 0618-252
1FDL J0509.4-2918,231.51450145442,-33.8693011065714,77.3625409810198,-29.3147734030542,2.1018985955461455e-10,0.0992634720407613,0.160948081712071,True,4FGL J0509.3-2917,231.484161376953,-33.8740196228027,bcu,1.4890322308502846e-10,NVSS J050927-291339
1FDL J1339.2-0137,326.66431174897,59.0229268876513,204.819573848184,-1.6266910772698,2.099700153584754e-10,0.119662409218425,0.194023369130814,True,4FGL J1339.9-0138,326.938934326172,58.9563751220703,fsrq,2.8378216443414317e-10,PKS 1337-013
1FDL J1227.5+7450,125.037431378048,42.1840655571183,186.881712434611,74.8462919841818,2.0980967933011155e-10,0.111810671591787,0.181292376759196,False,,,,,,
1FDL J1807.9+4650,74.2423237228912,26.5777328406676,271.990339133915,46.8397694282041,2.0979460700675285e-10,0.114359919164637,0.185425778647145,True,4FGL J1807.9+4650,74.2409362792969,26.5741348266602,bll,1.3705900303584428e-10,RGB J1808+468
1FDL J1531.9+0405,9.08464443753485,45.3436424840112,232.987329964749,4.09756331143144,2.094226640895739e-10,0.161635747722737,0.262079902075426,True,4FGL J1531.6+0406,9.05152320861816,45.4054336547852,,1.5197298974811702e-10,
1FDL J1723.3+2809,51.1606353239797,30.6265616996838,260.833166207088,28.1550801085139,2.0940812103526338e-10,0.120327861082674,0.195102326160502,False,,,,,,
1FDL J1225.0-3440,296.805063099928,27.8797999702716,186.271932546265,-34.6782757291088,2.0870299429401574e-10,0.193380070832862,0.313550895333984,True,4FGL J1225.3-3446,296.889678955078,27.7847366333008,bcu,1.3402245979676763e-10,1RXS J122534.0-344737
1FDL J0126.2-2220,183.621112863193,-80.7524703449819,21.5729567506731,-22.3362829452341,2.0868200464586491e-10,0.100165855556076,0.162411200634706,True,4FGL J0126.0-2221,183.585403442383,-80.8067016601563,fsrq,3.170725348944359e-10,PKS 0123-226
1FDL J1841.5+7116,101.96347237174,26.3721661647098,280.384496344618,71.2820013123864,2.085923226749086e-10,0.11149806785527,0.180785512313561,True,4FGL J1841.6+7113,101.904258728027,26.3538551330566,,1.0445692921745575e-10,
1FDL J1558.5+1752,30.9457548520514,46.0661427742666,239.627610723071,17.8768032164158,2.0832475512152798e-10,0.147899325172891,0.239807328198205,False,,,,,,
1FDL J0610.4-4417,251.58712840573,-25.5693102930231,92.6244359414337,-44.2887611280526,2.082359746691572e-10,0.131292386805128,0.212880467127693,False,,,,,,
1FDL J0328.9-1129,197.807044123845,-49.9146215836973,52.2314792322901,-11.4980331112467,2.0783493979968775e-10,0.118112276966764,0.191509933599444,True,4FGL J0328.6-1129,197.751388549805,-49.9739799499512,,1.9947697660338548e-10,
1FDL J1216.2-3538,294.937601762611,26.6892629817338,184.065173995536,-35.6358364951604,2.0775084552762628e-10,0.164081633506154,0.266045721314521,False,,,,,,
1FDL J0800.7+6633,149.402008730963,31.587202684848,120.187477392303,66.5627617709247,2.0762451931630353e-10,0.14035758990384,0.227579005732769,True,4FGL J0801.3+6631,149.431793212891,31.6463871002197,bcu,1.3934051135144898e-10,GB6 J0801+6639
1FDL J0036.9+1835,118.13975250572,-44.1489434138428,9.23351280377801,18.5878073672704,2.0750820803203305e-10,0.125802975918549,0.203979826657138,True,4FGL J0036.9+1832,118.135414123535,-44.1942481994629,bcu,2.7618743403401425e-10,CRATES J003659.39+183203.7
1FDL J1425.1-1442,334.29735382807,42.3817883530518,216.281914133393,-14.7127415672746,2.0745131877577704e-10,0.161525280878839,0.261900782092244,False,,,,,,
1FDL J0457.1+0652,192.605303431314,-21.5997296513472,74.2832038006068,6.86844362029934,2.0736067599923302e-10,0.149069217875382,0.241704230016073,True,4FGL J0457.0+0646,192.668319702148,-21.6713695526123,fsrq,3.1578548109756355e-10,4C +06.21
1FDL J0900.7-1528,243.058256216429,19.7041253052491,135.198079297946,-15.4736976621696,2.0733088428601084e-10,0.153201086924403,0.248403727407792,False,,,,,,
1FDL J0343.6-1343,203.290498015321,-47.732391181559,55.9043113757036,-13.7200787080301,2.0725195694447906e-10,0.121459093446124,0.19693654879326,False,,,,,,
1FDL J0712.5+1654,200.001134852419,12.1697022151374,108.129032041223,16.9061907963313,2.0721424128197024e-10,0.111175715064301,0.180262830375787,False,,,,,,
1FDL J0705.4+4515,171.84657710552,21.2303862617997,106.358111378769,45.2601413784107,2.071241980902607e-10,0.134007605933179,0.217282992731363,True,4FGL J0704.7+4508,171.934768676758,21.0792407989502,bcu,1.6937323765731094e-10,B3 0701+451
1FDL J1302.4+4409,116.258352898969,72.820672306172,195.602167601337,44.1651449537613,2.0703270668419126e-10,0.106023745028553,0.171909332808552,True,4FGL J1301.5+4413,116.777526855469,72.7788009643555,bll,1.4839124373722254e-10,GB6 J1301+4416
1FDL J1154.7-1112,281.019536141566,49.2702894184565,178.677616110561,-11.2062376005267,2.0693704347611967e-10,0.1693453811529,0.274580489725128,True,4FGL J1153.3-1104,280.784423828125,49.2843475341797,bcu,4.3554568285308893e-10,PKS B1150-108
1FDL J0038.7+2602,119.370182753463,-36.743010725997,9.68329214634335,26.0408588245062,2.0686222898992702e-10,0.122696139297592,0.198942331103601,True,4FGL J0037.9+2612,119.158325195313,-36.5717506408691,bll,1.526797577255934e-10,WISE J003719.15+261312.6
1FDL J0729.7+6850,146.840854610526,28.6000202521188,112.436493214163,68.8468670284988,2.068176504399131e-10,0.109291444173614,0.177207650479282,True,4FGL J0730.1+6852,146.804306030273,28.6330661773682,bcu,1.7334737811847134e-10,NVSS J072949+685305
1FDL J1325.6-0226,319.849000162964,59.2948598949213,201.412219312387,-2.44857288365941,2.0654494001606592e-10,0.0945361277411272,0.153283044949701,True,4FGL J1325.6-0227,319.849731445313,59.2878952026367,bll,1.390119963584624e-10,1RXS J132542.1-022800
1FDL J0208.1+2203,145.469923288429,-37.4357733378053,32.030256594672,22.0570599613463,2.0653282240713698e-10,0.112846466540695,0.182971836584558,True,4FGL J0207.9+2203,145.421035766602,-37.4489250183106,bcu,1.7010771957703952e-10,NVSS J020801+220241
1FDL J0300.3-1657,200.825913577531,-58.5410410529095,45.0988344079063,-16.950816384327,2.0652762936379797e-10,0.204235260526252,0.331151745074589,True,4FGL J0301.0-1652,200.814514160156,-58.3567886352539,bll,1.4193930752970374e-10,PMN J0301-1652
1FDL J0057.9+4059,124.261633044505,-21.8622553286106,14.4945384328778,40.9926058289192,2.0631754431940827e-10,0.12353356695475,0.200300152830961,True,4FGL J0057.0+4101,124.064933776855,-21.8415832519531,bcu,1.224340351324571e-10,87GB 005415.3+404404
1FDL J1526.2+1459,22.2729943609611,52.0845822109648,231.553135889814,14.9857721424388,2.0621752015781257e-10,0.116615156887788,0.189082489690189,True,4FGL J1525.7+1503,22.2919044494629,52.2133522033691,,1.0515749382378203e-10,
1FDL J2317.1+1436,91.3307881377022,-42.4025368239288,349.28953203397,14.6109085815678,2.0612050603376908e-10,0.118254075983691,0.191739870126108,True,4FGL J2317.3+1433,91.3530044555664,-42.4638290405273,PSR,2.0615538443014003e-10,PSR J2317+1439
1FDL J1147.0-3327,287.813415971799,27.5158552482793,176.762745422616,-33.4585825891859,2.059448613056856e-10,0.105219809626323,0.170605805804759,True,4FGL J1146.4-3327,287.672576904297,27.4768657684326,bcu,1.6070859920613856e-10,PKS 1143-331
1FDL J0830.1+5813,159.028917072077,35.6872835190542,127.543171598773,58.2213508292547,2.0570088490929095e-10,0.135450523802765,0.219622553508971,False,,,,,,
1FDL J0427.6-6558,277.836870275903,-38.989090979617,66.9184041633597,-65.9726995854822,2.0560239058892374e-10,0.115732878721675,0.187651943869507,False,,,,,,
1FDL J2117.0-3517,8.87446569697812,-43.9828546991225,319.252617071652,-35.2897047765592,2.0542521964368636e-10,0.17117465684066,0.277546503336988,False,,,,,,
1FDL J0407.9-5700,267.751192138881,-44.3862421663877,61.996674012953,-57.0138326132679,2.0532980750257062e-10,0.144069660584857,0.233597813640255,True,4FGL J0407.7-5702,267.796691894531,-44.4115982055664,,1.0070729666855628e-10,
1FDL J1438.3-2210,333.207795581827,34.3369115035023,219.575041993892,-22.1763911671904,2.050958912034294e-10,0.106396610493211,0.172513891381292,False,,,,,,
1FDL J1418.6+4606,86.4371496566269,64.3535461113998,214.657621596424,46.1147124714229,1.027621542491889e-10,0.151806903300052,0.246143183421336,True,4FGL J1417.9+4613,86.8272171020508,64.3696212768555,fsrq,6.422498644020891e-11,4C +46.29
1FDL J1411.6+3839,72.5374084788126,69.6657198991095,212.911412100453,38.6620102234553,2.0494025865797043e-10,0.086763336355035,0.140680059974194,True,4FGL J1412.0+3836,72.2978134155273,69.6206130981445,bcu,1.4795514813314978e-10,FIRST J141208.2+383521
1FDL J0946.0-1011,246.192193152907,31.5923078295423,146.500767270022,-10.1887767382225,2.0491228678649985e-10,0.0844662483537343,0.136955505139497,False,,,,,,
1FDL J1024.4-0945,253.835867979953,38.7164329160353,156.105645519885,-9.75844713429748,2.0476169691134143e-10,0.138606015786859,0.22473897105435,False,,,,,,
1FDL J0144.8-7213,297.277710742688,-44.3154389158472,26.2083487595374,-72.2219137837829,2.0471266873392008e-10,0.142265999959795,0.230673370190053,False,,,,,,
1FDL J1809.6+4255,70.0800581222363,25.3783755259028,272.422184334477,42.9227081686219,2.045842705720614e-10,0.147865690328924,0.239752814975487,False,,,,,,
1FDL J2315.4-5602,327.130698859439,-56.3391571169955,348.856800092922,-56.045614814088,2.043825248838194e-10,0.126721729858238,0.205469515218421,False,,,,,,
1FDL J2329.9-4736,335.372427889959,-64.0668251586435,352.497486910393,-47.607477507112,2.0413257784540426e-10,0.0984800042222518,0.159677741647208,True,4FGL J2329.3-4733,335.627807617188,-64.0274658203125,fsrq,2.6125479557492776e-10,PKS 2326-477
1FDL J0110.5-1247,141.236620154269,-74.9848135935723,17.6458351189508,-12.7976572185758,2.0410471621261507e-10,0.0858947998111922,0.139271768323036,True,4FGL J0110.7-1254,141.53157043457,-75.0767669677734,bll,2.18112847227836e-10,1RXS J011050.0-125455
1FDL J1329.9+5642,112.473541727516,59.6246527698217,202.487495918406,56.7147630626302,2.03994284707229e-10,0.151642947845532,0.245877339116527,True,4FGL J1331.0+5653,112.300231933594,59.4095191955566,bll,1.1230372881643191e-10,RX J1331.0+5655
1FDL J1848.0-4410,351.862056482877,-17.9492922211808,282.003220858125,-44.1683127738007,2.0384217283594682e-10,0.165601314310302,0.2685097567048,False,,,,,,
1FDL J0228.9-2248,207.2699028095,-67.5144820113659,37.2455991353273,-22.8137412089644,2.0370383253389995e-10,0.105575664926572,0.17118279177038,False,,,,,,
1FDL J1858.0+4330,73.5700221518492,17.0723211842536,284.516069074714,43.5050751983179,2.036506684851984e-10,0.132443738678446,0.214747310585067,True,4FGL J1858.3+4321,73.4501266479492,17.0644378662109,bll,2.191171549759119e-10,NVSS J185813+432452
1FDL J1815.3+3507,62.2479789659695,22.1265173823782,273.827158702715,35.1288911982904,2.035399952283091e-10,0.174648221384331,0.283178622351289,False,,,,,,
1FDL J0452.8+1225,187.056424340233,-19.3772394501767,73.2166445305173,12.4222943377172,2.032024968328467e-10,0.167285433238465,0.271240425984881,False,,,,,,
1FDL J1111.1-1627,270.845663261454,40.0901096638365,167.789105084528,-16.4522869159919,2.0305219098513276e-10,0.127993014279123,0.207530824785984,False,,,,,,
1FDL J2124.8-0448,47.786206780902,-36.0502078331847,321.208495988319,-4.81145046704695,2.0245886601114794e-10,0.120784406656687,0.195842582609364,False,,,,,,
1FDL J0250.5-1821,201.486353961757,-61.2532804025703,42.6369201812585,-18.351690900066,2.0238712448920555e-10,0.174468588406288,0.282887356370507,True,4FGL J0251.1-1830,201.900680541992,-61.1870574951172,,1.4263508429923633e-10,
1FDL J0440.9-5434,262.973461131063,-40.5106096451467,70.2489773321478,-54.5732700219431,2.0216382222049828e-10,0.153102311974551,0.2482435818589,True,4FGL J0442.0-5432,262.901794433594,-40.367359161377,,1.4346603072201702e-10,
1FDL J2150.5+1124,68.1473980091207,-31.6248897938812,327.648757867452,11.4144035523236,2.0197558746899474e-10,0.145889000704682,0.236547751016816,True,4FGL J2150.8+1118,68.102783203125,-31.7312793731689,bll,1.8779698629511896e-10,NVSS J215051+111915
1FDL J0337.8-1159,200.052139751941,-48.2186341086565,54.4671928894482,-11.9959553393122,2.0183150563719648e-10,0.124008961423763,0.20107097651139,True,4FGL J0337.8-1157,200.008712768555,-48.1957168579102,fsrq,1.3704024026672812e-10,PKS 0335-122
1FDL J0412.7+7237,136.72436571113,15.3991869785434,63.1910795495749,72.6265814519451,2.0159047120904293e-10,0.127794244178169,0.207208527748269,False,,,,,,
1FDL J1342.2+1049,341.640119327571,69.7745990692472,205.574912584146,10.8227465831322,2.0152868914129606e-10,0.103495341664726,0.167809718694545,False,,,,,,
1FDL J0849.8+2655,198.011025956612,36.7522381083464,132.453040856842,26.9259977305991,2.013048878278988e-10,0.131580346852243,0.213347377088653,True,4FGL J0849.5+2710,197.994903564453,36.7544822692871,,1.1108223368916369e-10,
1FDL J0723.3+1032,207.03563527207,11.8134514455455,110.831606695885,10.5353425616537,2.0128030414166173e-10,0.12069172217792,0.195692322758242,False,,,,,,
1FDL J1138.2+4121,164.783758750649,69.3264782480784,174.572039025057,41.3504929499856,2.0096387674196735e-10,0.14811276183998,0.240153422141014,True,4FGL J1138.2+4115,164.996810913086,69.3834762573242,bll,1.574312069596573e-10,NVSS J113812+411353
1FDL J0931.0+3507,189.421129808167,46.8267790658844,142.75980248238,35.1319514886207,2.0096339549666012e-10,0.0996007445692491,0.161494931051485,True,4FGL J0930.7+3502,189.558547973633,46.7561569213867,bll,1.3565951140215304e-10,B2 0927+35
1FDL J1506.5-0314,355.247192615559,45.4623745953038,226.635723274595,-3.24316080114609,2.0088015740129358e-10,0.192136498671806,0.311534480945597,False,,,,,,
1FDL J1358.0-0226,334.048347344947,56.3518173077822,209.5141682978,-2.44131257930171,2.008171503369193e-10,0.165457853013811,0.268277144610483,False,,,,,,
1FDL J0955.1+3601,188.248056437911,51.7595388257037,148.798481338724,36.0285472207744,2.0051201437463054e-10,0.106687842449289,0.17298612454694,True,4FGL J0955.1+3551,188.52311706543,51.7475700378418,bll,8.639018667100372e-11,1RXS J095508.2+355054
1FDL J2010.1-1958,22.7102562749124,-25.9429238868552,302.543618579432,-19.9683695042455,2.0049088827981074e-10,0.150109601965,0.243391144462468,False,,,,,,
1FDL J1428.9+7424,114.474671074053,41.0764475372941,217.226323375257,74.4119378858845,2.00355062267087e-10,0.131942262551664,0.213934200068262,True,4FGL J1428.8+7429,114.529174804688,41.0157165527344,bcu,9.126949196414104e-11,RX J1428.4+7429
1FDL J1104.5+2609,209.148155627105,66.1410008696868,166.138863233897,26.1532252667987,1.9999506531524995e-10,0.0910529508008188,0.147635333902033,True,4FGL J1104.0+2611,209.022598266602,66.0288543701172,bcu,1.4119123925571128e-10,SDSS J110357.29+261119.1
1FDL J1344.8-4028,313.797384808644,21.2595408465912,206.213555742384,-40.4825231786628,1.9992180307725387e-10,0.1321508969268,0.214272487611145,False,,,,,,
1FDL J1110.1-1332,268.626635118174,42.4834925497316,167.548445154564,-13.5448766110609,1.9962280785690328e-10,0.124517350096383,0.201895273658609,False,,,,,,
1FDL J2101.3+0914,57.7260512749832,-23.4941075139754,315.348005839997,9.23618007854022,1.996213737587294e-10,0.158294229377801,0.256661910353157,True,4FGL J2101.3+0912,57.6950454711914,-23.5153675079346,bcu,1.8898417553092628e-10,RX J2101.3+0913
1FDL J2040.7-2508,19.7324025428565,-34.3009815598145,310.183075986827,-25.1408445774805,1.995826570021886e-10,0.12803559913379,0.20759984844566,True,4FGL J2040.2-2506,19.7328586578369,-34.1969146728516,fsrq,2.0747080442529156e-10,PKS 2037-253
1FDL J0536.2-1205,215.579951336508,-22.0924043554344,84.0533928010571,-12.0986177854274,1.9953678019958637e-10,0.142872254884739,0.231656347028986,True,4FGL J0536.1-1205,215.565856933594,-22.1091117858887,,1.5061822622453036e-10,
1FDL J0109.5-8545,302.540779640087,-31.3550159720045,17.3814157759621,-85.7594913241715,1.9945174486328947e-10,0.123265288280106,0.199865167905524,False,,,,,,
1FDL J2355.7+4159,111.992564154472,-19.6883882667297,358.947818663958,41.9982927999125,1.9935194625646317e-10,0.144376913225582,0.234096029843695,False,,,,,,
1FDL J1538.7+0424,10.801082329812,44.1185590492748,234.693630234034,4.40085940671324,1.9926078641546068e-10,0.0980944227384688,0.159052552120295,True,4FGL J1538.9+0425,10.8689613342285,44.1024208068848,,1.9751814073210028e-10,
1FDL J1030.0-0829,254.035065265173,40.5957985943071,157.514367269292,-8.48526364395973,1.9911387300711826e-10,0.135941283825663,0.220418307340446,True,4FGL J1029.4-0828,253.872634887695,40.5067024230957,,1.4536498393891148e-10,
1FDL J0813.3+7848,135.124625613751,30.5167909976459,123.343235829167,78.8005175820225,1.9894086411435366e-10,0.0907472511772512,0.147139668839104,True,4FGL J0811.9+7847,135.162399291992,30.455228805542,bcu,9.432763597994054e-11,NVSS J081307+784308
1FDL J1011.1-0417,245.792655529459,40.1650783547967,152.789532648305,-4.29697364629264,1.9892323804347407e-10,0.119843407746504,0.194316844431325,True,4FGL J1011.3-0427,245.980987548828,40.0852890014649,fsrq,1.0842896025486935e-10,PKS B1008-041
1FDL J1329.2-0533,319.955377518859,56.0573609110783,202.312597983945,-5.55953735341203,1.988979926085015e-10,0.143457012918526,0.232604472643621,True,4FGL J1329.4-0530,320.085876464844,56.0930137634277,bcu,4.5467643539076614e-10,HE 1326-0516
1FDL J2335.4+1915,99.2341761478057,-40.0972891802403,353.854421682026,19.2504829934249,1.9886846427903612e-10,0.118074875904136,0.191449290340253,False,,,,,,
1FDL J1219.9+6055,129.721229677441,55.7805000652896,184.994822027951,60.9311381211098,1.9880513603722938e-10,0.146582861113629,0.237672799671131,True,4FGL J1219.9+6056,129.729110717773,55.7755584716797,bcu,1.6663090351975995e-10,87GB 121716.0+611442
1FDL J0006.8-0616,93.9927428346533,-66.613826505869,1.71846240164638,-6.27930976964834,1.986942411829281e-10,0.126238557979392,0.204686082736623,True,4FGL J0006.3-0620,93.6470184326172,-66.6251831054688,bll,1.3976847457186636e-10,PKS 0003-066
1FDL J0003.9+2204,108.617234452111,-39.476816086307,0.975205230424198,22.0699358765875,1.986723550909572e-10,0.106719102054886,0.173036791248912,True,4FGL J0003.2+2207,108.438545227051,-39.3807945251465,bll,1.3514474261899778e-10,2MASX J00032450+2204559
1FDL J1149.3-1815,282.87412377574,42.1907137593175,177.339811775035,-18.2503978574913,1.986666460721459e-10,0.145226543072627,0.235473642446741,False,,,,,,
1FDL J0015.4+0745,107.620019113893,-54.0385050324454,3.85522548941545,7.75901707787389,1.9864952000001165e-10,0.134230746889887,0.217644807202253,False,,,,,,
1FDL J0107.3+0338,130.661353056594,-58.9849424118852,16.84136364141,3.64756370551851,1.9857104439094577e-10,0.0925058785813449,0.149991154846205,True,4FGL J0107.4+0334,130.697830200195,-59.0617065429688,bll,1.8217710673340548e-10,PMN J0107+0333
1FDL J0257.5-1205,192.194456100914,-56.8583253630316,44.3862581588097,-12.0941281721578,1.977875177202819e-10,0.13710572422084,0.222306366924386,True,4FGL J0257.9-1215,192.557693481445,-56.8588485717773,fsrq,2.3044197106081301e-10,PMN J0257-1211
1FDL J0107.7-0040,132.024315567204,-63.2559436795364,16.9376779460122,-0.672541566343013,1.9754989355117426e-10,0.133222445695048,0.216009914570628,True,4FGL J0108.1-0039,132.217620849609,-63.2294654846191,fsrq,1.9586937627380507e-10,PKS 0105-008
1FDL J2331.5-0300,81.0957783143325,-59.232355658211,352.880017356284,-3.01483976234394,1.9733594510693596e-10,0.117006651072495,0.189717273225415,True,4FGL J2331.5-0258,81.1429138183594,-59.2025146484375,bcu,1.4499196288042526e-10,GALEXASC J233112.94-030129.9
1FDL J1623.2+1114,25.9425256038757,37.933627668829,245.815003646117,11.2387308864957,1.9725727986390581e-10,0.151920463976985,0.246327326543237,False,,,,,,
1FDL J2139.0-1459,38.0075204836871,-43.789994448003,324.752468134627,-14.9935116430382,1.970995714491352e-10,0.105321117170694,0.170770054736241,False,,,,,,
1FDL J0621.6-4651,254.859728508065,-24.301149873807,95.4175296635068,-46.8566089354954,1.962048235577899e-10,0.130997635656953,0.212402553922852,True,4FGL J0621.2-4648,254.785369873047,-24.3656768798828,bcu,1.1520238929474401e-10,IVS B0619-468
1FDL J2053.9-3245,11.3644488115192,-38.9116202432347,313.496800457915,-32.7502904193387,1.9615878371577448e-10,0.198847932855062,0.322416568212536,False,,,,,,
1FDL J1033.7-4019,276.395377449714,15.3422101198976,158.444519528822,-40.3312953738879,1.9594704570387528e-10,0.129711657774442,0.210317450087217,False,,,,,,
1FDL J0302.5-1147,192.898327144374,-55.650764174216,45.6475048860871,-11.7967154517837,1.9587526633734762e-10,0.178499039178799,0.289422382356338,False,,,,,,
1FDL J1629.9+3627,58.6998524717591,43.2630497794127,247.485925872031,36.4595915053183,1.9560714754737534e-10,0.193349000948231,0.313500471046153,False,,,,,,
1FDL J1407.7-2704,323.169820053308,32.7747053403794,211.926163531228,-27.0822385590641,1.9545801323531794e-10,0.110259946627065,0.178777993617718,True,4FGL J1407.5-2706,323.126190185547,32.7649154663086,bll,1.0400259126130962e-10,ESO 140425-2655.2
1FDL J1602.1+2443,40.8592339385548,47.3080426622562,240.539856639317,24.7323546915384,1.952496032241021e-10,0.140874491094397,0.228417127646006,False,,,,,,
1FDL J1028.8+6902,139.545226744904,43.1927504801626,157.207610628403,69.045598076463,1.952327717183866e-10,0.101330404797557,0.164299425778464,False,,,,,,
1FDL J2324.0+2511,99.0798131385891,-33.5955756463599,351.005250225742,25.1952692779693,1.9480779021721657e-10,0.122923115291394,0.199310359476849,True,4FGL J2323.9+2519,99.1180953979492,-33.4601745605469,,1.9557323815977407e-10,
1FDL J1909.4+5058,81.6040108184443,18.0760168570791,287.356451372498,50.9709594729384,1.9479985981107635e-10,0.142866743213122,0.231647406435645,False,,,,,,
1FDL J0938.4-7133,288.850756975948,-14.1915249968458,144.618744972039,-71.566571371639,1.9467301720986054e-10,0.143076441952313,0.231987405421378,False,,,,,,
1FDL J1324.5+6436,117.156361900386,52.1549743305758,201.135466572146,64.6004646519553,1.9453554230968343e-10,0.126410218739485,0.204964425972807,False,,,,,,
1FDL J1354.5+0402,338.798948719205,62.4450087437173,208.626024713212,4.0496333753886,1.9441818301375964e-10,0.179919458625147,0.291725520328718,True,4FGL J1354.2+0353,338.524688720703,62.3450431823731,,1.1543047073736544e-10,
1FDL J1605.6+5904,90.5791551153273,43.6400312585154,241.419087088828,59.0682718099575,1.9441771744333032e-10,0.131655140981871,0.213468664527668,True,4FGL J1606.9+5919,90.8187255859375,43.6959800720215,bll,1.1939288446782823e-10,1RXS J160709.7+592115
1FDL J0329.0-0557,190.691236034477,-46.9918165509431,52.2628495084109,-5.95046632075043,1.9439816449203114e-10,0.136400484530701,0.221162856844932,False,,,,,,
1FDL J1518.7+0153,3.6796838614744,46.6396925481362,229.683103149543,1.88706951847396,1.9438373381317418e-10,0.158640795878734,0.257223798961788,True,4FGL J1518.8+0203,3.88600039482117,46.7304534912109,glc,2.0889939778001576e-10,NGC 5904
1FDL J2156.1-1731,36.8993028083708,-48.5475580629593,329.02892044081,-17.5175883743656,1.9434044820364424e-10,0.185213546011378,0.300309461898347,False,,,,,,
1FDL J1648.6+4835,75.0032272041333,39.9805991983443,252.160120709575,48.5848192336346,1.9433021000694955e-10,0.104119104727017,0.168821097640046,True,4FGL J1648.7+4834,74.978759765625,39.9607658386231,,1.0818052703642778e-10,
1FDL J1000.8-2038,257.643224038026,26.8529477468494,150.206264682005,-20.6495819340461,1.940261025561649e-10,0.0988504322726816,0.160278333846889,True,4FGL J1001.3-2040,257.753479003906,26.9149036407471,,1.2086741330019635e-10,
1FDL J1629.0+0500,19.9462682623784,33.7658669799787,247.264545368889,5.00162284860787,1.939174091068333e-10,0.163099608723068,0.264453456818684,False,,,,,,
1FDL J2256.3-3746,1.87780756363196,-63.6294612564814,344.085416616867,-37.7671517560107,1.937981022736482e-10,0.143475283778232,0.232634097694393,False,,,,,,
1FDL J1042.1-1155,259.91742503556,39.705827726473,160.525839359141,-11.9265876637763,1.936756222667643e-10,0.186475157985077,0.302355078210779,True,4FGL J1041.1-1201,259.766906738281,39.6791381835938,bcu,1.9143280016731268e-10,NVSS J104108-120332
1FDL J0048.7+4216,122.403933225027,-20.5886866634919,12.191417208599,42.2803213823803,1.936700568333125e-10,0.146549259918358,0.237618321741538,False,,,,,,
1FDL J1002.2-1004,249.287571295995,34.6445196191532,150.566460371868,-10.0681311311806,1.9356388045295774e-10,0.117396687333101,0.190349664825003,False,,,,,,
1FDL J0156.0+3203,138.549117698977,-28.8378062883725,29.0170618803277,32.0664057474363,1.9349390080108735e-10,0.12926274535794,0.209589571022816,False,,,,,,
1FDL J0751.3+2645,194.018066684509,24.2455041116973,117.833432083102,26.7622063567536,1.9341699872243215e-10,0.121830521956983,0.197538785426594,True,4FGL J0751.4+2655,193.85774230957,24.3281707763672,bcu,1.1307541708527323e-10,MG2 J075139+2657
1FDL J1741.8+2547,50.0402799857685,25.9737913430228,265.463995945195,25.7900134579329,1.9329614821941748e-10,0.126008250122086,0.204312661056746,True,4FGL J1741.9+2555,50.1986236572266,25.9905548095703,bcu,1.3890982808462127e-10,NVSS J174147+255443
1FDL J0121.9-0445,142.278353530461,-66.4787154793551,20.4832410930307,-4.75919813880693,1.9306253305375153e-10,0.0874818378071353,0.141845057951897,False,,,,,,
1FDL J2352.8-2119,53.273829101828,-75.4406177930493,358.203151727659,-21.3195054344317,1.92970552371085e-10,0.128712870224458,0.208697994476044,False,,,,,,
1FDL J2151.2-2754,21.0289909331319,-50.2751423055491,327.815614403979,-27.906060744631,1.929349736155157e-10,0.20541065555384,0.333057478052961,True,4FGL J2151.7-2749,21.1823902130127,-50.3564109802246,fsrq,1.3287822231422552e-10,PMN J2151-2742
1FDL J2137.9-5601,339.213227780227,-45.1149334689693,324.492334019739,-56.033288402691,1.9287330391554457e-10,0.156821657375405,0.254274200137279,False,,,,,,
1FDL J0558.0-1831,224.151427709498,-19.8526352098287,89.5181605723404,-18.5254127668896,1.9279734101959328e-10,0.148596186972566,0.240937247404296,False,,,,,,
1FDL J0356.1-1331,204.919133513317,-44.8955559140864,59.038156010585,-13.5302155062904,1.9270917847449027e-10,0.128767310701514,0.208786241431864,True,4FGL J0356.1-1329,204.858581542969,-44.8829154968262,bcu,1.4196950559597354e-10,NVSS J035611-132908
1FDL J0330.4+0806,176.193023575119,-37.8214468743674,52.6067745931032,8.10091665279363,1.92667649889051e-10,0.154521444199423,0.250544618508923,False,,,,,,
1FDL J1033.4-1900,263.240850588111,33.0216998142542,158.361921819104,-19.0096025538159,1.9265657711112674e-10,0.145008072889962,0.235119385354152,False,,,,,,
1FDL J0526.5-1546,218.22375070317,-25.7108195702765,81.6468068206819,-15.769907905724,1.9263604801921221e-10,0.157097862528455,0.254722078723225,False,,,,,,
1FDL J0037.3-2649,37.7384297151857,-86.8447501615298,9.33589572827406,-26.8199270744628,1.9254219566179556e-10,0.12335030358414,0.200003003619228,True,4FGL J0037.2-2653,36.3899650573731,-86.8325881958008,,7.956406367082279e-11,
1FDL J0212.9-7403,295.555587858488,-41.8820882071566,33.2265235477116,-74.0590527973071,1.9239562848634744e-10,0.11912445046826,0.193151106899247,False,,,,,,
1FDL J2120.0-7130,321.398922682692,-37.0804806677599,320.022736124543,-71.5120662777061,1.923527855905639e-10,0.148536919895995,0.240841153288455,False,,,,,,
1FDL J1319.8-0045,317.828206095632,61.2854834418607,199.954724825054,-0.762735183654471,1.9234127031018707e-10,0.15618934517105,0.253248990016729,True,4FGL J1319.5-0045,317.671905517578,61.3045043945313,bcu,2.510109620157408e-10,PKS B1317-005
1FDL J0240.2-1630,195.704034545641,-62.6847889025514,40.0625186404475,-16.5099416387675,1.9223121902088637e-10,0.14078052319165,0.228264757499113,False,,,,,,
1FDL J1722.2+6102,90.1199579905042,34.2279510962067,260.559995793619,61.0367651144976,1.921939355919317e-10,0.11884502163537,0.192698032330033,True,4FGL J1722.6+6104,90.15869140625,34.1753044128418,fsrq,1.7184254019753098e-10,GB6 J1722+6105
1FDL J0211.7-6236,288.009797901711,-52.1354922333111,32.9482504941942,-62.6021069159816,1.921874922754465e-10,0.145962612144542,0.236667119873377,False,,,,,,
1FDL J0236.3-2942,225.545248604785,-66.8481323664972,39.076311939689,-29.7141299785801,1.9211939042609004e-10,0.0987573847301768,0.160127490029228,True,4FGL J0235.6-2939,225.385498046875,-67.0005416870117,bll,1.4851322949205326e-10,PHL 1389
1FDL J0728.5-6439,276.11445686799,-20.5308493471623,112.130311957964,-64.6538507128301,1.9181231194994947e-10,0.202527984252116,0.328383496380817,False,,,,,,
1FDL J0727.7+5323,164.184824056629,26.7306992884518,111.941453595838,53.3880354926824,1.918012883290428e-10,0.135838892032719,0.220252294084928,True,4FGL J0727.4+5325,164.129150390625,26.6956405639648,bcu,1.2123646531136956e-10,GB6 J0728+5325
1FDL J0956.0+3936,182.458123484374,51.7417487811475,149.015494553724,39.6080126557377,1.9168925080554548e-10,0.0934176612992308,0.151469533699037,True,4FGL J0956.0+3936,182.463027954102,51.7362327575684,fsrq,1.5118158114280078e-10,WISE J095608.57+393515.8
1FDL J1259.6+1745,314.845401119975,80.4440953631937,194.9217597939,17.7637123285709,1.9152131721744723e-10,0.132615023699137,0.215025019293996,True,4FGL J1300.0+1753,315.536743164063,80.5588226318359,bll,1.6694255700056004e-10,SDSS J130008.52+175538.0
1FDL J0114.0+0725,132.749987838935,-55.0082091993365,18.5188791175701,7.43141903929421,1.9140990160094535e-10,0.117047225992094,0.189783061399529,False,,,,,,
1FDL J2353.5-3916,344.028198064646,-72.8966370575571,358.397756390918,-39.2769042225545,1.9136819474027357e-10,0.101591568806927,0.164722880299869,True,4FGL J2353.8-3911,344.114532470703,-72.9883804321289,bcu,1.4856742225344275e-10,NVSS J235342-391442
1FDL J1035.1+5538,154.150607497092,52.4116359945797,158.782705028965,55.6488681717316,1.9105133643711183e-10,0.102661944331982,0.166458438222433,True,4FGL J1035.3+5541,154.053314208984,52.4103202819824,bcu,1.3395982934039094e-10,GB6 J1035+5542
1FDL J0325.1-0228,185.776695689932,-45.7488510763115,51.2828571884866,-2.47435626325718,1.9093059238065584e-10,0.122554347202289,0.198712421010994,False,,,,,,
1FDL J1915.4-5520,341.671106958581,-25.3410151760166,288.862632551729,-55.3417478047689,1.9079530342380657e-10,0.158891101282253,0.257629663617207,False,,,,,,
1FDL J0614.9-3123,238.425986236061,-20.9787092368919,93.7338761571919,-31.3943952565069,1.9065463154939535e-10,0.173340706233718,0.281058567878531,True,4FGL J0615.3-3117,238.348785400391,-20.8569526672363,bll,3.2698252439011805e-10,PKS 0613-312
1FDL J1706.0+2230,43.4537463033879,32.6563251251897,256.502510374925,22.5120725295383,1.9057703240864456e-10,0.155548885754532,0.252210531786384,False,,,,,,
1FDL J0913.4+0814,222.408944063593,35.2365209861958,138.366726227301,8.24417959236044,1.9051953813194276e-10,0.16476222856233,0.267149231739488,False,,,,,,
1FDL J1259.3+2113,320.403039141983,83.8314326575041,194.842839037625,21.2306128872498,1.9049855248027604e-10,0.113170942073613,0.183497955250295,False,,,,,,
1FDL J0032.3-2851,9.52679525593475,-85.4458724158939,8.08705768003348,-28.8563152809464,1.9036402551880183e-10,0.106393593400308,0.172508993364457,True,4FGL J0032.4-2849,9.84528636932373,-85.4748306274414,bll,1.6424299420503274e-10,PMN J0032-2849
1FDL J0031.8-4021,318.727044561386,-76.1672395178795,7.96045682885227,-40.3541873508542,1.9034442443868627e-10,0.0963146675290611,0.156166791229719,False,,,,,,
1FDL J2021.8-2602,17.2140177829142,-30.4919864038683,305.452075559812,-26.048341178769,1.8970735110486025e-10,0.14621956429664,0.23708375555161,False,,,,,,
1FDL J1431.4+5031,90.8018452342228,59.6563344219768,217.850960959388,50.5305900758265,1.8966919458169392e-10,0.160479507985616,0.260205131846227,True,4FGL J1432.2+5051,90.9087524414062,59.535083770752,bcu,1.5026616062563392e-10,NVSS J143217+505603
1FDL J1823.7-3553,357.786684493573,-10.3918333049445,275.937152063147,-35.8856138127639,1.896560232785314e-10,0.192607082569671,0.312297503495836,True,4FGL J1823.8-3544,357.930541992188,-10.3501596450806,,3.5524197472547314e-10,
1FDL J1628.2+2530,43.9550683699592,41.7694595856907,247.067729341612,25.5097904991666,1.8927128036017687e-10,0.142578337546081,0.231179772983676,False,,,,,,
1FDL J1231.6+4242,136.135946742771,73.916973982069,187.919895220461,42.7009943091262,1.8903528656774284e-10,0.118647460280457,0.192377704912811,False,,,,,,
1FDL J0820.4-0643,229.618900631633,16.3341566774105,125.103173803751,-6.71891349038276,1.8875257279520089e-10,0.162567629532531,0.263590865533716,False,,,,,,
1FDL J0057.7+2215,124.851817330951,-40.5877944153141,14.4347788979656,22.2604625595344,1.886992439036684e-10,0.106030968729282,0.171921031421743,True,4FGL J0057.3+2216,124.737686157227,-40.5779647827149,bcu,1.4953945026707769e-10,87GB 005452.5+220227
1FDL J1618.5+5138,79.930667458774,44.3660438694717,244.641997698945,51.6421107831873,1.886183754493474e-10,0.130020196572842,0.210817721515698,True,4FGL J1618.0+5139,79.9853744506836,44.437873840332,fsrq,1.5731581315403529e-10,TXS 1616+517
1FDL J0003.6+2513,109.485832464067,-36.3976127592849,0.918981266295431,25.2239512586172,1.8854657164168177e-10,0.134322687564731,0.217793878596627,True,4FGL J0003.3+2511,109.381637573242,-36.4114837646484,,2.0099635844594843e-10,
1FDL J0906.7+1840,209.706284635678,37.9780215222108,136.689060631321,18.6670215991567,1.8826278544050263e-10,0.157291478288044,0.255035989524528,False,,,,,,
1FDL J2322.4+2241,97.452459445918,-35.7360142404851,350.618755262624,22.6957296462181,1.8815687002457964e-10,0.136212887578488,0.220858687563574,False,,,,,,
1FDL J1732.3+1614,39.2884412394479,24.6227759744395,263.079718774189,16.2337752657078,1.881154214980523e-10,0.200829643528052,0.325629780091696,False,,,,,,
1FDL J2354.2-0955,82.1365146648521,-68.1328939589041,358.55712847557,-9.91746670383618,1.8809019643065202e-10,0.132026443580532,0.214070714591141,True,4FGL J2354.1-0958,81.9853057861328,-68.1659545898438,fsrq,1.2030555718300914e-10,PMN J2354-0957
1FDL J2143.8+0555,61.897957454812,-33.9088970797097,325.971806612646,5.93081119619571,1.8721482660079575e-10,0.136528834882067,0.221370989360551,False,,,,,,
1FDL J0643.8+6635,148.684473387843,23.9980785043502,100.950363764084,66.5999646491979,1.871744820412707e-10,0.151113221500621,0.245018416994178,False,,,,,,
1FDL J0609.1-2223,228.996198237432,-18.945185812689,92.289416328507,-22.3940297888932,1.8713459430447077e-10,0.166392683440094,0.269792926509236,True,4FGL J0609.0-2219,228.924957275391,-18.9449119567871,fsrq,1.7956726383605568e-10,PKS 0606-223
1FDL J2350.6-1413,72.2398159700413,-70.8409147940808,357.672508097339,-14.2228380223044,1.867970098551244e-10,0.101164907287545,0.164031083689346,True,4FGL J2350.9-1416,72.2803497314453,-70.9292678833008,bcu,1.1013371464807519e-10,NVSS J235111-141557
1FDL J0646.6-7418,285.365563611681,-26.3591147659581,101.667028482796,-74.3066188723778,1.8649687541592917e-10,0.171332155117508,0.277801875780257,False,,,,,,
1FDL J0843.7-0845,234.664913927536,20.1649429553218,130.944084632846,-8.75200108247937,1.8631809709048859e-10,0.114262299347746,0.185267495441483,True,4FGL J0843.0-0853,234.687759399414,19.9498538970947,bcu,1.4639243983705086e-10,PMN J0843-0848
1FDL J1258.5-2451,304.98747618096,37.9808532175217,194.645102981887,-24.862385731152,1.8628686754176997e-10,0.169665202087102,0.275099040845136,False,,,,,,
1FDL J1743.5-6514,327.80217008705,-17.7788769654882,265.892439927752,-65.2471809212964,1.86213721666878e-10,0.14191820702623,0.230109415658757,False,,,,,,
1FDL J1431.8+2132,24.661488594575,66.4944690713836,217.966633157919,21.5361050478537,1.8614550781383495e-10,0.170966291181746,0.277208622454024,False,,,,,,
1FDL J0149.3-0735,160.686678229549,-66.1148896151679,27.343196551317,-7.58625701980771,1.8613347266924544e-10,0.0976130230933159,0.158271984706943,True,4FGL J0149.6-0734,160.808059692383,-66.0785598754883,bcu,1.0139901418515508e-10,PMN J0149-0733
1FDL J0813.2+6519,150.730041966787,32.9693220920862,123.312273652069,65.3180774870367,1.856762686695226e-10,0.183495643397397,0.297524018451103,True,4FGL J0812.8+6507,150.962875366211,32.9504241943359,bll,2.4729618353092064e-10,GB6 J0812+6508
1FDL J0106.4-4835,296.177957398859,-68.3337930608434,16.6238207847147,-48.5965241586408,1.8567360086774038e-10,0.118307186436842,0.191825980971228,True,4FGL J0106.9-4832,295.938690185547,-68.3820419311523,bcu,9.77262853973926e-11,PMN J0106-4831
1FDL J2330.5+1058,92.9964059226373,-47.1344225599774,352.628430551201,10.9792848108622,1.8564425757786128e-10,0.147705577164469,0.239493194330568,True,4FGL J2330.5+1102,93.0423202514648,-47.0733413696289,fsrq,2.353685302214359e-10,4C +10.73
1FDL J1820.2-8710,306.066277327037,-26.7100913205454,275.061510243857,-87.1742383096589,1.856160301534106e-10,0.153563338920251,0.248991086171593,False,,,,,,
1FDL J1014.2-2107,260.657715477481,28.5563763650902,153.556152968047,-21.1277863447822,1.852743080636217e-10,0.106292608566288,0.17234527551119,False,,,,,,
1FDL J0106.1-4638,295.455370836741,-70.2747186461481,16.5269018798893,-46.6399966897399,1.8520821239219037e-10,0.10777033217988,0.174741260383205,False,,,,,,
1FDL J1635.5+1619,33.3321442682706,37.259728464551,248.886106229477,16.3207151126916,1.8511199442733383e-10,0.190252472113428,0.308479718383924,False,,,,,,
1FDL J2314.8-0031,77.8519069764888,-54.7175737883016,348.716348936265,-0.52921989422017,1.8485838732435197e-10,0.117434565425212,0.190411087046657,False,,,,,,
1FDL J1519.4+2207,32.7176760568056,56.1077452203934,229.869890905533,22.1263764336688,1.8469842838226817e-10,0.152313323810101,0.246964312939989,False,,,,,,
1FDL J0130.6-2132,182.994107415381,-79.4753662778691,22.6573274216866,-21.5420247904159,1.8460512766813002e-10,0.097833348315924,0.158629247323325,True,4FGL J0130.4-2129,182.703460693359,-79.4784240722656,bcu,1.3245539387529703e-10,2MASS J01302573-2128389
1FDL J0650.6-3311,243.077519235997,-14.5983670456959,102.673773068847,-33.1921728297184,1.8459628644433837e-10,0.118882469271201,0.192758748252135,False,,,,,,
1FDL J1516.4+3457,56.2122365119398,58.1616586907723,229.103921343176,34.9550121992743,1.8453065360027103e-10,0.103826593254131,0.16834679200294,False,,,,,,
1FDL J2328.5-0032,82.6829669900306,-56.7803314189791,352.128100007623,-0.534139943181728,1.8430608754404403e-10,0.141140391924946,0.228848278149191,False,,,,,,
1FDL J0708.7+1108,204.882272402639,8.85235540524447,107.17724514991,11.1461548480198,1.841900475484432e-10,0.154736630652394,0.250893494127903,False,,,,,,
1FDL J0244.9+1550,158.946776857293,-38.9638082165057,41.2347416237285,15.8429673890577,1.8418872431983256e-10,0.166657009296592,0.270221467182438,False,,,,,,
1FDL J1919.6+6028,91.5599021514443,20.0498257317132,289.923940247741,60.4763228882751,1.841410944203811e-10,0.164416805895425,0.266589158318375,False,,,,,,
1FDL J1724.6-7455,317.912272006872,-20.8783825897178,261.172552341327,-74.9248830330816,1.841309526067855e-10,0.237327533711921,0.384808310246529,True,4FGL J1728.6-7448,318.153594970703,-20.9498691558838,bcu,2.39702591109392e-10,MRC 1722-748
1FDL J0534.4-3737,242.509238257284,-30.7097087873457,83.6178016637145,-37.6298122879623,1.8408642342831067e-10,0.165496411769675,0.26833968713637,True,4FGL J0533.8-3749,242.710433959961,-30.8624610900879,fsrq,2.080287192507413e-10,PKS 0532-378
1FDL J0606.8-2709,233.505322095321,-21.1761414065897,91.7086988841545,-27.151662310725,1.839652351851425e-10,0.16462456108804,0.266926033347936,False,,,,,,
1FDL J2330.1-6245,317.878278403526,-51.9415327837984,352.531350992158,-62.7626575112469,1.837807417364153e-10,0.105519033377537,0.171090963446391,False,,,,,,
1FDL J2330.5+1233,94.0380037339953,-45.7248767778628,352.641756579115,12.5610346548044,1.836346873908347e-10,0.147057744527632,0.238442800069589,False,,,,,,
1FDL J1628.4+5318,81.7481651788399,42.5543213524764,247.117026830575,53.3004795856918,1.8356829746589176e-10,0.178112081727375,0.288795022309341,False,,,,,,
1FDL J0516.6-1907,220.731267664006,-29.1765919421154,79.1530315057197,-19.1319512942869,1.835617037509624e-10,0.133287534474935,0.216115473637528,False,,,,,,
1FDL J1131.3+4656,156.083683656991,64.6967889694064,172.838238683165,46.9456855694261,1.832152080139382e-10,0.126496335938808,0.205104060555304,False,,,,,,
1FDL J2334.0-2529,33.9613349171023,-72.5913568279029,353.50647854989,-25.4874793832458,1.8296091350848414e-10,0.126869454724015,0.205709038122777,False,,,,,,
1FDL J0144.0+0901,144.16490426707,-51.6699208106494,26.0048217636852,9.02096892332547,1.8281901302045575e-10,0.173367030997332,0.281101257628129,False,,,,,,
1FDL J2342.0-2921,20.5363004025966,-74.5671415397383,355.508444043862,-29.3656467945737,1.8276429688668757e-10,0.135251864013499,0.219300451860246,True,4FGL J2341.8-2917,20.8152008056641,-74.5225524902344,rdg,1.6752033094036278e-10,PKS 2338-295
1FDL J0525.3-1246,215.051166920752,-24.7898343336858,81.332799932334,-12.771790749924,1.82505383627821e-10,0.123503165872767,0.200250869405189,False,,,,,,
1FDL J1118.3+2440,214.375995564257,68.9436991679619,169.577047751178,24.6754960827573,1.8217571386262702e-10,0.120553921051456,0.195468880119529,False,,,,,,
1FDL J0904.3+2726,198.700251882296,40.0194882352956,136.096945725997,27.4374738715123,1.8208455957138034e-10,0.149979882205229,0.243180798966193,True,4FGL J0904.0+2724,198.718566894531,39.9356727600098,bcu,1.7384534090059134e-10,B2 0900+27
1FDL J1139.5+4548,155.580368967635,66.5007486904324,174.885921844318,45.8046592225492,1.8190325899842204e-10,0.149796443719932,0.242883363366951,False,,,,,,
1FDL J1230.9+3717,144.739642800509,78.9566358168393,187.727980459951,37.2877875036673,1.817430282059171e-10,0.128863009060173,0.208941404061473,True,4FGL J1230.9+3711,144.913940429688,79.0522689819336,bll,8.334042483904014e-11,WISE J123124.08+371102.2
1FDL J2249.8+0451,75.7574893194404,-46.571064516604,342.460527576322,4.86177583728711,1.8156467642013194e-10,0.0987822440791923,0.16016777561971,True,4FGL J2249.9+0452,75.7912521362305,-46.581356048584,bcu,1.6372921074481184e-10,WISEA J225007.35+045617.3
1FDL J0212.7-2721,218.359828120605,-71.9421952831502,33.1916322057958,-27.3625832807728,1.814820849507505e-10,0.106088107374186,0.172013690805109,True,4FGL J0212.8-2721,218.363540649414,-71.9301071166992,bcu,1.8805398904753187e-10,PMN J0212-2719
1FDL J2333.8+3502,105.446262339,-25.1792079690162,353.46144009406,35.0441287927417,1.8145992205802486e-10,0.196802374667182,0.319099849562795,False,,,,,,
1FDL J1033.5-2550,267.885450648148,27.497418577229,158.392417872111,-25.8348363331267,1.8144536555231166e-10,0.140052724609786,0.227084686195914,True,4FGL J1034.0-2547,267.956481933594,27.5916061401367,bcu,1.4864230679645374e-10,PMN J1033-2544
1FDL J2038.7+2146,65.0964001173476,-11.7568688111502,309.679050531922,21.7733597847011,1.8130485757437198e-10,0.162532654485782,0.263534171062658,True,4FGL J2039.3+2150,65.2414398193359,-11.8306541442871,bcu,1.9967427711264918e-10,TXS 2037+216
1FDL J1626.3+3518,57.0236553427537,43.8911359504412,246.581055164166,35.3056835230302,1.8125753936656993e-10,0.126919821119883,0.205790690507571,False,,,,,,
1FDL J1635.8+3459,56.8867900005653,41.9305147638162,248.952251973976,34.9967580312641,1.8092449121378327e-10,0.126520175956421,0.205142691296665,True,4FGL J1635.6+3500,56.9031791687012,41.9745063781738,bcu,1.537149435515417e-10,MG2 J163505+3458
1FDL J1044.8+2751,204.02736264297,62.0025484892191,161.22020952839,27.8584319378186,1.8086038042124524e-10,0.11290201534995,0.183061917505771,True,4FGL J1045.3+2751,204.065765380859,62.1076812744141,bll,1.2668739668431073e-10,NVSS J104516+275136
1FDL J1143.2+5058,146.817318261094,62.8798330953177,175.815248164729,50.9695927354346,1.8083742735141816e-10,0.149792644488419,0.242877225051275,False,,,,,,
1FDL J2037.6-6840,326.237013500939,-34.7061850845988,309.401921487446,-68.6812826786294,1.807573309729662e-10,0.167202344564753,0.271105675356492,False,,,,,,
1FDL J2317.2-3148,14.4111292311049,-69.009337919575,349.302231677026,-31.8025156686392,1.8067553941591112e-10,0.113939215653194,0.18474365513769,True,4FGL J2316.7-3144,14.5888195037842,-68.9249420166016,,1.2076341315836459e-10,
1FDL J1032.8-4035,276.388424882886,15.0269612314787,158.220420915362,-40.5965455468176,1.8063011565511037e-10,0.177953550139979,0.288537963435824,False,,,,,,
1FDL J0520.1+1943,184.64628089333,-9.86161676882693,80.0251539267228,19.7191003298877,1.8045588093943553e-10,0.164935529084493,0.267430223331413,False,,,,,,
1FDL J0227.6-2728,219.417314440961,-68.6642313562245,36.9041022996322,-27.471449939248,1.802317418652165e-10,0.113522042638589,0.184067241797965,False,,,,,,
1FDL J0818.9+1435,209.118574661708,25.8443193447097,124.74234300194,14.5985972588338,1.801350896412614e-10,0.120358454633857,0.19515195006593,False,,,,,,
1FDL J1005.1+1603,220.224240247476,49.9876464887658,151.28096179424,16.0578542422315,1.7984242915481794e-10,0.128917210355143,0.209029344977112,False,,,,,,
1FDL J0056.8-5023,300.745556941075,-66.7180633644584,14.2146388687389,-50.3871712721074,1.798286483517541e-10,0.0863276979791193,0.139973703357674,False,,,,,,
1FDL J0913.1+1727,211.845284389652,38.9704537129332,138.28824971799,17.4515547510729,1.7970036531820034e-10,0.135620360637951,0.219897969682459,False,,,,,,
1FDL J0649.0-6935,280.200220785004,-25.5056558081379,102.259672822832,-69.5875010517186,1.796095893838202e-10,0.152528664414738,0.247313480852903,True,4FGL J0648.4-6941,280.30615234375,-25.5719013214111,bcu,6.812597708183432e-11,1RXS J064850.3-694519
1FDL J0109.9-5243,296.492876616505,-64.1789852607122,17.4847425342517,-52.717350084641,1.7921217885445808e-10,0.12677077732047,0.205549035864704,False,,,,,,
1FDL J0841.4+4700,172.936929387486,37.870578140053,130.372784414468,47.0094884816707,1.7920745818585848e-10,0.120475736692487,0.195342115772558,False,,,,,,
1FDL J1555.9+1415,25.8295348331262,45.2569335015198,238.976034935073,14.2652392482385,1.7885633201583975e-10,0.184436126917973,0.299048954432129,False,,,,,,
1FDL J0315.6-5625,271.739361484528,-51.0643134836494,48.910888917116,-56.4226598307013,1.787214667502164e-10,0.150233277625603,0.243591672015586,True,4FGL J0316.0-5626,271.717102050781,-51.0039520263672,bcu,9.447498339199e-11,1RXS J031613.4-562545
1FDL J0515.6-5124,258.433717341713,-35.5732957400475,78.9109364717647,-51.4070773222336,1.784016225765682e-10,0.15335906949391,0.248659896476012,False,,,,,,
1FDL J0646.6+4213,173.665227954438,17.0150722130382,101.656796541129,42.2274610864341,1.7836531288544792e-10,0.195127046730923,0.316383444865546,False,,,,,,
1FDL J1428.0+0707,356.256006316774,59.5893195073542,217.010790258702,7.13263738408236,1.7836317725141833e-10,0.136060454465558,0.220611526057666,False,,,,,,
1FDL J0829.7+0143,223.089089186602,22.5673951976173,127.441382622357,1.72269670757418,1.7832943762730139e-10,0.141366808225326,0.229215395958534,False,,,,,,
1FDL J1209.2+4234,149.313157341345,72.3271130177374,182.304874254887,42.5715661406824,1.783290105843602e-10,0.142192923834039,0.230554853647189,False,,,,,,
1FDL J1101.9-1455,267.344596144377,40.256042059856,165.495486125479,-14.9331870839809,1.7819411622156597e-10,0.140785853079427,0.228273390458734,False,,,,,,
1FDL J0059.7+3802,124.728042591426,-24.8007254861198,14.9298697252478,38.0421388836795,1.7815998193928594e-10,0.119508660669387,0.193774068352844,False,,,,,,
1FDL J1434.5-3804,324.369588801282,20.467989033021,218.642460024396,-38.0729973553914,1.77925059609959e-10,0.146006399047407,0.236738114266617,False,,,,,,
1FDL J1721.8+2529,48.0998439281984,30.1602622094286,260.457435430519,25.4952024588011,1.7771002173848664e-10,0.143006244192244,0.231873598680077,True,4FGL J1721.4+2529,48.0608901977539,30.2486476898193,,1.0999304939085519e-10,
1FDL J0124.5-3143,247.378700491415,-81.4473025505701,21.1492039951508,-31.7207775312806,1.7764704999674488e-10,0.0878641864764357,0.14246500693056,False,,,,,,
1FDL J2016.5-1942,23.5968631655941,-27.255430921476,304.149209908262,-19.7037183627952,1.7746549304524622e-10,0.190444853244248,0.308791664334143,False,,,,,,
1FDL J2137.7-0941,44.3172565199918,-41.2206493998698,324.437773625695,-9.69049296743707,1.7736182953745524e-10,0.141034144273113,0.228675986371786,False,,,,,,
1FDL J1004.0-0607,246.052937870549,37.6351664603695,151.019756810231,-6.12329761766152,1.7731044509603696e-10,0.139247740315103,0.225779471861015,False,,,,,,
1FDL J2219.0-1745,39.7493998562117,-53.7116026590506,334.75695016276,-17.7592081642027,1.772480393980505e-10,0.137855575429991,0.223522186615276,False,,,,,,
1FDL J0214.6-1233,180.220854945302,-65.6809791037924,33.6529650920552,-12.5598085221392,1.7718777719915982e-10,0.108149156915587,0.175355506402247,False,,,,,,
1FDL J0932.4+7230,139.713968378726,37.4275678221107,143.124858848864,72.5132218603623,1.7683002160905847e-10,0.226785633133182,0.367715385007448,True,4FGL J0934.5+7223,139.733657836914,37.6206893920898,,8.293302850015394e-11,
1FDL J1349.9+0805,341.283513407778,66.4487804779333,207.492086762936,8.08674590013921,1.7669922308682826e-10,0.146903367921435,0.238192487878027,True,4FGL J1348.9+0756,340.977416992188,66.4675750732422,bll,1.4516740587389163e-10,1RXS J134853.8+075704
1FDL J0727.3+0531,212.074767260553,10.4996808069305,111.845855999106,5.51952488228864,1.7663026479179973e-10,0.148831151382036,0.241318209327493,False,,,,,,
1FDL J1301.4+3346,105.490431866821,83.0165760572403,195.37199976968,33.7680931106052,1.7660996318436965e-10,0.102306749852991,0.165882519851751,True,4FGL J1301.6+3336,104.762321472168,83.1538467407227,fsrq,1.911375363539136e-10,MG2 J130126+3337
1FDL J2224.9+3522,92.0691593587016,-18.5656791814641,336.243733362853,35.3820487091444,1.7643495864778482e-10,0.15470463006989,0.250841626983463,False,,,,,,
1FDL J0115.0-1029,142.546760553547,-72.4538300540532,18.7669971287394,-10.4880348157421,1.7641256721016602e-10,0.133989136554287,0.217253042888935,False,,,,,,
1FDL J1514.3+1535,21.1578954378931,54.923636004015,228.597107412504,15.5934147698939,1.764079202867709e-10,0.148793425114733,0.241257043995714,False,,,,,,
1FDL J0138.7+0255,145.55182241522,-57.8505685070911,24.6850570674178,2.92874436935906,1.7636737051427124e-10,0.177749680177314,0.288207408003282,True,4FGL J0138.5+0300,145.414337158203,-57.7966918945313,,1.1198435928561068e-10,
1FDL J0439.6-3206,233.225853534666,-40.7262527466242,69.9036495270703,-32.1023575797983,1.7631036316621457e-10,0.159323567296043,0.258330872592417,True,4FGL J0439.4-3202,233.137725830078,-40.7493171691895,bcu,2.7561039561696527e-10,1RXS J043931.4-320045
1FDL J1535.6+4055,66.0091564956565,53.6834189256834,233.917204902702,40.9259221774008,1.758372811755962e-10,0.134262447741221,0.217696194063902,False,,,,,,
1FDL J0054.8+1252,124.209940363714,-49.9831696544314,13.7024293574783,12.8802107391683,1.756455858465107e-10,0.167568186397749,0.271698912915415,False,,,,,,
1FDL J2259.3+1031,83.3377760388533,-43.5745265377403,344.84895421881,10.5179042045825,1.7560878576150952e-10,0.109720136479234,0.177902761467831,False,,,,,,
1FDL J1557.6+2814,45.6959480039822,49.0214808487481,239.411069369356,28.2417660696489,1.7529115394170083e-10,0.151132124385276,0.245049076798966,False,,,,,,
1FDL J1036.4-1811,263.321949083377,34.099747105797,159.100579060942,-18.1870161106558,1.7518729221520037e-10,0.129663402761452,0.210239198779885,True,4FGL J1036.5-1809,263.339660644531,34.1488265991211,,1.5404398590046495e-10,
1FDL J0806.8+2410,198.016920850733,26.6788159845126,121.70638603389,24.1680593197772,1.750126496620833e-10,0.109814332105031,0.17805547343833,False,,,,,,
1FDL J0342.8-3011,228.032240054086,-52.4826216377009,55.7218881243908,-30.1900317091105,1.7478564438924808e-10,0.125770307040114,0.203926850545696,True,4FGL J0342.8-3007,227.929962158203,-52.4869956970215,bcu,1.170331331845631e-10,PKS 0340-302
1FDL J2326.7+0447,87.0808498488496,-52.0899672593032,351.69073637464,4.78792046084196,1.7435756691706124e-10,0.126099541226641,0.204460672177062,True,4FGL J2327.4+0444,87.2665786743164,-52.2120018005371,bcu,1.6133831770570595e-10,NVSS J232733+044740
1FDL J0051.9-3439,302.113283574431,-82.4674434296834,12.9899415821256,-34.6599794702825,1.7397885968214046e-10,0.130905165760181,0.212252638977019,False,,,,,,
1FDL J0346.8-5845,271.60338665945,-46.286318434431,56.7028229572824,-58.7536925755222,1.7383601591987902e-10,0.123831175200206,0.200782713039048,False,,,,,,
1FDL J0943.3+4209,178.850179979098,49.0940842250101,145.835369981438,42.1599103239136,1.7372989613151833e-10,0.158885027842943,0.257619805641167,True,4FGL J0943.6+4207,178.90657043457,49.1537322998047,,9.754086427449238e-11,
1FDL J2319.7-0453,74.3761078388766,-58.8331363262454,349.944680059945,-4.89349866725675,1.7350497018150292e-10,0.121467224046001,0.19694974619695,True,4FGL J2319.6-0456,74.2492828369141,-58.8435363769531,bcu,1.6475937281157369e-10,NVSS J231929-045640
1FDL J2249.2+2853,93.0297940203522,-26.7976148451423,342.314483923865,28.8866622311477,1.734970760443239e-10,0.175424065824308,0.284436598209327,False,,,,,,
1FDL J0900.4+0248,226.212794049673,29.7911590722393,135.117512342252,2.81542679780414,1.7335172195816495e-10,0.106513869510916,0.172704026070962,False,,,,,,
1FDL J2206.7+3320,87.6013982759748,-18.0004767621666,331.685680588362,33.3416032752567,1.7332972181546031e-10,0.195350870752557,0.316746339995466,False,,,,,,
1FDL J1017.1-0851,251.392394064621,38.1269146974609,154.294520218177,-8.85418913324528,1.7317579897402614e-10,0.141597329990606,0.229589147212064,False,,,,,,
1FDL J0009.2+1751,108.941929607671,-43.8692146025056,2.30896727117971,17.8531487545379,1.7304563146130509e-10,0.142509523481608,0.231068218518523,True,4FGL J0009.2+1745,108.909271240234,-43.9651298522949,,1.5812645637325318e-10,
1FDL J2148.2+3058,82.8673197428253,-17.2936823981609,327.066005493451,30.9829903427979,1.7290893665335172e-10,0.170365905508513,0.27623520342917,False,,,,,,
1FDL J1352.8+2835,43.2441661046579,76.3585720989285,208.211260787831,28.5894907761001,1.7284435488256735e-10,0.129298576619833,0.209647674168578,True,4FGL J1351.9+2847,43.5681762695313,76.5363922119141,bll,9.522170552056508e-11,FIRST J135154.4+285007
1FDL J1341.7+0235,331.191190316413,62.6713148515424,205.426774692541,2.59063759204009,1.7275704227310693e-10,0.15687290074366,0.254357311997281,False,,,,,,
1FDL J0222.1-0132,167.120884265512,-56.4162389607784,35.5468989260192,-1.53958669158577,1.726652254361292e-10,0.141793660883521,0.229907481408515,False,,,,,,
1FDL J2139.0-2055,30.1802816440408,-45.9047326998774,324.773577141116,-20.9290026558093,1.7262305568472145e-10,0.142914702290111,0.231725165630674,True,4FGL J2138.8-2055,30.1587944030762,-45.8440170288086,bll,1.3783983676685096e-10,1RXS J213852.9-205354
1FDL J1019.3-3347,270.101420023259,19.2007687941861,154.826029764386,-33.7984459677204,1.7248628163277208e-10,0.155242792673201,0.251714216176756,False,,,,,,
1FDL J1141.3+2622,211.692249828714,74.347486515734,175.33674645437,26.3765739937017,1.7248339030060425e-10,0.120959981521514,0.196127291560142,False,,,,,,
1FDL J1031.5-2614,267.719942405042,26.9025301771171,157.880431376232,-26.2397324361854,1.7233723468617417e-10,0.142843123715514,0.231609105128805,True,4FGL J1031.8-2609,267.730255126953,27.0033378601074,bcu,1.1232172830721864e-10,NVSS J103137-260715
1FDL J1017.6+0700,234.459869371263,48.3668556118288,154.412066297683,7.0029289239159,1.7228194256282165e-10,0.137835243831731,0.223489218928707,True,4FGL J1017.8+0715,234.381896972656,48.5610504150391,bcu,1.2381524971960545e-10,GB6 J1018+0715
1FDL J0402.8-1102,202.816890677783,-42.330430557764,60.7195092195068,-11.0409384022778,1.722547156497983e-10,0.147860719730248,0.239744754947303,False,,,,,,
1FDL J2213.5-5429,338.313385541021,-50.3716607992656,333.381616351254,-54.4888353327187,1.721693500575141e-10,0.116841374844652,0.189449264332997,False,,,,,,
1FDL J0255.6-6351,282.995577926335,-48.1860410965051,43.914274057902,-63.8520618448763,1.7203664321674173e-10,0.203155801140829,0.329401508640951,False,,,,,,
1FDL J1059.6+0230,250.747565949707,53.6490118531433,164.909560556591,2.51114291866944,1.719855660034411e-10,0.218964414445543,0.355033925595724,True,4FGL J1059.4+0226,250.782440185547,53.5709381103516,,4.6216966365086876e-10,
1FDL J1356.8+5105,99.9753297007343,63.0286338268237,209.215455851691,51.084105250232,1.7160790126599364e-10,0.158579947035042,0.257125161006163,False,,,,,,
1FDL J1326.3+0201,322.816605522071,63.5337428934506,201.583725742824,2.01733524568956,1.7159228597273599e-10,0.134244414551707,0.217666967362492,False,,,,,,
1FDL J0010.1+2814,111.983418453795,-33.7539627350406,2.5338087083999,28.2381818135861,1.71529633627252e-10,0.114806779191493,0.186150327740898,False,,,,,,
1FDL J2213.5-4130,358.500014820024,-54.7570169013657,333.394446489083,-41.5129909285945,1.7150971292213006e-10,0.111438163720359,0.180688376518686,False,,,,,,
1FDL J0403.4-2442,220.91914909578,-47.0162931539137,60.8623421241394,-24.7013241043649,1.711798178837363e-10,0.143694005946449,0.232988750001617,True,4FGL J0403.5-2437,220.810806274414,-46.9634971618652,bll,2.3110537095138994e-10,TXS 0401-248
1FDL J0922.5+1356,217.155122841001,39.7286005656214,140.646538046106,13.9477508318099,1.7117530879737655e-10,0.137230384395974,0.222508477631478,False,,,,,,
1FDL J1107.9+0903,244.520869220375,59.6060089578988,166.983789445985,9.0588155658231,1.7112079924310327e-10,0.134361221289843,0.217856343037123,False,,,,,,
1FDL J0509.2-0156,202.484519778637,-23.5074277686734,77.3247564053408,-1.94194043478979,1.7078183672608454e-10,0.155771120319639,0.252570831085237,False,,,,,,
1FDL J1452.2+2349,32.7974527289553,62.6023340969395,223.058968525094,23.8207613047851,1.705697135047295e-10,0.171793328796423,0.278549635025612,False,,,,,,
1FDL J1410.5+5943,105.767026364843,54.6784770592979,212.646887059518,59.7331057766459,1.7054643279778507e-10,0.127224268251231,0.206284328822816,False,,,,,,
1FDL J1026.2+3155,195.396402523729,58.2060799062709,156.565440041264,31.9272618272656,1.7040865159966256e-10,0.123415729498979,0.200109091443043,False,,,,,,
1FDL J0132.3-0947,153.96411529932,-70.1582272310237,23.0875110142002,-9.7916183082556,1.7039498161412344e-10,0.139481772180097,0.226158923553488,True,4FGL J0132.1-0956,154.019989013672,-70.3144073486328,,1.3882699156919642e-10,
1FDL J0909.5+1118,218.507133401723,35.7430179936136,137.390946629714,11.3139517316159,1.701161087235391e-10,0.133056476831461,0.215740798430213,False,,,,,,
1FDL J0251.9-0304,178.299281311898,-52.4865626220923,42.9768794756,-3.07773261729827,1.7008718755094452e-10,0.142204793767634,0.230574104123123,False,,,,,,
1FDL J0143.6-3153,238.773224176816,-77.6886559264069,25.9213891595336,-31.8848077584026,1.7000778145515558e-10,0.131583199166192,0.213352007887457,True,4FGL J0143.5-3156,239.07829284668,-77.6869125366211,bcu,1.169568331071957e-10,PKS 0140-322
1FDL J0605.7-3506,241.582639109511,-23.9854682589803,91.4343311196541,-35.1159628256856,1.6985233437600927e-10,0.157359817360519,0.255146780928463,False,,,,,,
1FDL J0925.2+1909,211.061070887862,42.2526672198821,141.30978098398,19.1541241468747,1.6959912214780752e-10,0.100251926624983,0.162550760547084,False,,,,,,
1FDL J0741.9+3032,189.366379235944,23.5294029020385,115.479391975689,30.5485915675278,1.6925790458456699e-10,0.162851464082492,0.264051099530374,False,,,,,,
1FDL J0347.6-6402,278.056410872798,-43.6255860767939,56.9246871135071,-64.0352747940582,1.6914364294157806e-10,0.1863846996307,0.302208402452488,True,4FGL J0347.0-6400,278.070465087891,-43.7036399841309,,2.1880103284743768e-10,
1FDL J1437.7+2938,45.3695024735345,66.5375044106244,219.433549948626,29.6434685297295,1.6908046751415646e-10,0.157813359728714,0.255882224509795,False,,,,,,
1FDL J1628.2+4806,74.7323088554082,43.3915804509255,247.070053601268,48.1010364696885,1.6885306954784495e-10,0.169132820356889,0.274235834855974,True,4FGL J1627.3+4758,74.5929641723633,43.5518951416016,bcu,1.3796142006583523e-10,MG4 J162750+4802
1FDL J1034.1-2237,265.909788172561,30.2122245089849,158.547942496701,-22.6187639005233,1.6872736335686004e-10,0.148956411511232,0.241521340756656,False,,,,,,
1FDL J0252.9+4325,145.181214016437,-14.1301034054973,43.2320276626326,43.4313254969855,1.6858600528749063e-10,0.1666924094672,0.27027888976135,False,,,,,,
1FDL J2055.8-1524,32.2863638638253,-34.3647126957079,313.969768202122,-15.406251221682,1.684939843103907e-10,0.151983292417756,0.246429193540992,False,,,,,,
1FDL J1103.6+0013,254.584623870941,52.6719113412831,165.917913717424,0.224359227790922,1.681638493484811e-10,0.131400302177312,0.21305544160086,True,4FGL J1104.0+0020,254.585098266602,52.8205833435059,bll,1.4473498788358796e-10,NVSS J110356+002238
1FDL J0341.7+2134,167.46277808633,-26.225543928282,55.4284567488479,21.5699761556467,1.681638493484811e-10,0.164062170023391,0.266014142931768,False,,,,,,
1FDL J0150.7-4601,274.964735896201,-67.746052019679,27.6810649060124,-46.0303123455731,1.6811029877195654e-10,0.115034969200872,0.186520343987209,False,,,,,,
1FDL J0745.2-6554,278.045508205225,-19.3750473954968,116.312363179922,-65.9089048615133,1.6792401132051222e-10,0.149226745745618,0.241959653559939,False,,,,,,
1FDL J0542.6-2322,227.597387731066,-24.9830376308458,85.6715194333966,-23.3798137929082,1.6776203283613108e-10,0.134233327445875,0.217648991912116,False,,,,,,
1FDL J1118.9+2242,219.758799131063,68.6053214119259,169.741352786134,22.7039544825539,1.6755967911702395e-10,0.119880117616327,0.194376371748383,False,,,,,,
1FDL J0759.3+3208,188.927733993968,27.5490662677687,119.829762241904,32.1336078533252,1.6706766392665482e-10,0.126698908996743,0.20543249752726,False,,,,,,
1FDL J1818.7-8259,310.642799931855,-25.9243148685618,274.699615688332,-82.9978364660493,1.6692809607690572e-10,0.178778089060064,0.289874852646559,False,,,,,,
1FDL J0225.5+1142,156.474842468415,-44.9486649825441,36.3984450495251,11.7035152266232,1.6673193869104834e-10,0.172992044638508,0.280493275866408,False,,,,,,
1FDL J2330.8-3725,356.657482794332,-70.1537108785336,352.700358089347,-37.4211536179514,1.666405306849311e-10,0.0934130262534096,0.151462019328994,True,4FGL J2330.6-3726,356.661834716797,-70.1192016601563,bll,2.6938853925351225e-10,PKS 2327-376
1FDL J1217.4+2656,212.343529140805,82.421294313347,184.351492617863,26.9495655667351,1.665627336789813e-10,0.114745782526963,0.186051436026639,False,,,,,,
1FDL J0557.3-2604,231.62272046127,-22.7824235076968,89.3450133581849,-26.0737023554629,1.664821822588142e-10,0.133169769557192,0.215924497599321,False,,,,,,
1FDL J2056.7-6416,330.875620068912,-37.7107546353576,314.194490091368,-64.276893954813,1.6643594261728004e-10,0.150850261194309,0.244592068626632,False,,,,,,
1FDL J1023.2+2854,200.975108918898,57.3884396325113,155.823295799178,28.9120476863251,1.6604024288637645e-10,0.132536569578626,0.214897839905042,True,4FGL J1023.2+2859,200.841247558594,57.3923416137695,fsrq,1.4972832695914207e-10,TXS 1020+292
1FDL J0119.1-5012,291.858188229878,-66.3247160196878,19.780484424687,-50.2041086424644,1.658292436816836e-10,0.141183929293031,0.228918864417587,False,,,,,,
1FDL J1423.2+4516,83.7508012987266,64.241054367887,215.823849575813,45.2742697392197,1.6572721796875696e-10,0.137758661957314,0.223365026881853,True,4FGL J1423.5+4524,83.936653137207,64.1339111328125,bcu,1.3046989877363302e-10,87GB 142138.0+453705
1FDL J1203.5+2302,230.960967042405,78.4214899990211,180.88922749829,23.0428239813861,1.653834929031922e-10,0.15185236907673,0.246216917836474,False,,,,,,
1FDL J0714.3+1533,201.437759999658,12.006928293782,108.594831595679,15.564599006483,1.6488562697895702e-10,0.165510269967591,0.268362119712386,False,,,,,,
1FDL J0753.7+5215,166.081384499679,30.4578882876445,118.439256348759,52.2647735657881,1.646887146451559e-10,0.125208774604463,0.203016375545247,False,,,,,,
1FDL J0108.7-1927,151.138675556605,-81.3625607803538,17.1768532171926,-19.4524826692757,1.6462207821920986e-10,0.13485009700853,0.218649039661938,False,,,,,,
1FDL J2353.4-4808,327.325512895328,-66.1406499989881,358.359347339885,-48.1481990236366,1.6427671129632362e-10,0.142162911778683,0.230506167805168,False,,,,,,
1FDL J0605.4-2217,228.547494675016,-19.706393362854,91.3544096762602,-22.2900463442602,1.6427592451510615e-10,0.146631438158182,0.237751552241513,False,,,,,,
1FDL J0228.3-2236,206.633284138487,-67.6033078848287,37.079021290767,-22.6055707459335,1.6424760290074367e-10,0.132349451926819,0.214594434266046,True,4FGL J0228.5-2234,206.610305786133,-67.5503158569336,bcu,9.948642604173939e-11,NVSS J022832-223350
1FDL J0422.1-2109,217.809745475848,-41.8954280940734,65.5375524219538,-21.1508634153943,1.6411196290251908e-10,0.119726319902687,0.194126992353898,False,,,,,,
1FDL J2328.2+2923,101.996455714226,-30.0765397145405,352.072833924881,29.3928342129633,1.639685816577924e-10,0.161833621989602,0.262400737655959,False,,,,,,
1FDL J1122.0-1447,272.871371812969,42.7976456665537,170.51600884621,-14.7972642359187,1.6393972415225694e-10,0.163329274285178,0.264825849273134,True,4FGL J1122.5-1440,272.941925048828,42.9600639343262,,1.8422656455907569e-10,
1FDL J1618.3+3636,58.6915282725359,45.6003865592561,244.583063272571,36.6130604913664,1.6362732856259375e-10,0.111749644084822,0.181193420498858,False,,,,,,
1FDL J0025.0-1421,95.8909604218424,-75.82963726528,6.26242506364421,-14.3622999908626,1.6341978695961568e-10,0.114542173861571,0.185721303149937,False,,,,,,
1FDL J2132.5+0513,59.1717568654133,-32.1056867706389,323.135151215621,5.21916862922277,1.633008630491709e-10,0.139272934089075,0.225820333479636,False,,,,,,
1FDL J0011.2-2147,61.0227470041622,-79.4219150209412,2.81459175286346,-21.796053193195,1.6325316134439824e-10,0.135254185399169,0.219304217887763,True,4FGL J0010.8-2154,60.2811813354492,-79.400505065918,bcu,1.1858326820490817e-10,PKS 0008-222
1FDL J1637.3+3010,50.6147333885942,40.8510338182255,249.339223215727,30.1813540243319,1.6322657955693878e-10,0.107681218048592,0.174596806027645,True,4FGL J1637.5+3005,50.5055084228516,40.7850379943848,,8.969702064431928e-11,
1FDL J2054.0+0310,51.0830646435271,-25.3334668402637,313.522540903382,3.18049168067173,1.6282798181117142e-10,0.142549116509177,0.231132402321057,False,,,,,,
1FDL J1113.0+1806,229.664428911357,65.6198937793649,168.255776524075,18.1063631819699,1.6237163356876245e-10,0.101847590009021,0.165138008450258,True,4FGL J1112.4+1751,229.87126159668,65.3849563598633,bll,1.531622884076711e-10,1RXS J111224.2+175131
1FDL J0353.1-3614,237.954214912608,-50.6619369388689,58.2776331152659,-36.2485600270963,1.6208803599998052e-10,0.149579409564954,0.242531469258222,True,4FGL J0352.9-3623,238.179244995117,-50.6976013183594,bll,1.4063795961138936e-10,XRS J0353-3623
1FDL J2331.5+2451,100.825511617756,-34.5642013836166,352.88885000136,24.8551925036453,1.6201469218165195e-10,0.133439914093911,0.216362518620647,False,,,,,,
1FDL J1341.9+4010,87.4089162158334,73.2777315982991,205.498044118277,40.1745626042712,1.618611270168375e-10,0.164811241223191,0.267228723360869,True,4FGL J1341.2+3958,87.282600402832,73.5172653198242,bll,2.1378131209726087e-10,SDSS J134105.10+395945.4
1FDL J0102.4-6228,300.735766975704,-54.6124444593007,15.6113103912596,-62.4688461253584,1.6136459042932398e-10,0.115013865484852,0.186486125527089,True,4FGL J0102.0-6240,300.843139648438,-54.403247833252,,1.1040592051703155e-10,
1FDL J1632.2+7457,107.865786021918,34.9056124776204,248.05574468395,74.9529474949379,1.613379297949344e-10,0.181503712826429,0.294294255959503,False,,,,,,
1FDL J0243.5-4223,254.042375558939,-62.5783123245373,40.8840471626575,-42.3955949811056,1.612494789642812e-10,0.107210457912819,0.17383349751818,False,,,,,,
1FDL J2159.1-3211,14.5364763847039,-52.4764801722838,329.786397982373,-32.1886432769641,1.61019502324263e-10,0.166007454793409,0.269168295110925,False,,,,,,
1FDL J1408.4+1938,14.0447557233634,70.8518093022267,212.100382846301,19.6490108521356,1.608110323640676e-10,0.162625533389712,0.263684745443024,False,,,,,,
1FDL J1520.2+4725,77.9662328075909,54.6272254362945,230.060873532458,47.4202349837671,1.6067861515111247e-10,0.12405785628637,0.201150239795789,False,,,,,,
1FDL J0924.4+2002,209.836991106127,42.3637805057966,141.103612400678,20.0452390390036,1.6036225698196225e-10,0.16695161651401,0.270699180945275,False,,,,,,
1FDL J2359.5-3139,7.9710038933445,-77.8446465848937,359.899714800556,-31.657675424231,1.6020795616771314e-10,0.163284413485956,0.264753075137418,True,4FGL J2359.2-3134,8.41157627105713,-77.8009719848633,fsrq,1.742480326694107e-10,PKS 2357-318
1FDL J1436.6-0047,349.386065945633,52.3262308925808,219.156760848069,-0.791805519018418,1.6017765083056374e-10,0.160060622910521,0.25952595222886,False,,,,,,
1FDL J1705.0+5634,84.9243982835419,36.8723805567069,256.265733869226,56.572796554402,1.598955878449632e-10,0.161643207494371,0.262092006814435,False,,,,,,
1FDL J0951.4+2012,212.501952595928,48.4277092899213,147.859505120451,20.2161066510415,1.598833355104211e-10,0.113794249334908,0.184508590712142,False,,,,,,
1FDL J0055.7+3632,123.888993054856,-26.3251288082242,13.9271442717397,36.5386824949931,1.5942874962262958e-10,0.138189198691338,0.22406312563202,False,,,,,,
1FDL J0449.8-6152,271.921896264319,-37.9106947353755,72.4568900525514,-61.8831121681679,1.5908018230013687e-10,0.141685990660654,0.22973290253061,False,,,,,,
1FDL J2215.0-0250,59.0816554043829,-45.4305063071617,333.75622675022,-2.84206764304815,1.5848321764795944e-10,0.133059353790459,0.215745474412035,False,,,,,,
1FDL J1511.0+3203,50.6927899889989,59.3794475283433,227.770975738604,32.0515962310253,1.5819428867116005e-10,0.159267082455877,0.258239266298244,False,,,,,,
1FDL J0033.6-2043,89.6054307143771,-82.420641020218,8.41566162803719,-20.7269821758054,1.5819163691108225e-10,0.111650868553642,0.181033272601509,True,4FGL J0033.3-2040,89.4205093383789,-82.3356018066406,bll,6.935674257135814e-11,RBS 0075
1FDL J1004.9+4131,178.969772691149,53.1659004877729,151.23754954852,41.530746114926,1.581730758351135e-10,0.157690676500041,0.255683265670731,False,,,,,,
1FDL J0509.9-0012,200.930081006558,-22.5174182773203,77.4917306682413,-0.210132075727735,1.5805456360359738e-10,0.179098254373498,0.290394017097562,False,,,,,,
1FDL J0028.9+2955,117.130366059214,-32.6966409437181,7.22695327059189,29.9211809963105,1.5779702098446035e-10,0.160658031562517,0.260494587322076,False,,,,,,
1FDL J1403.5+4322,85.6933846693774,68.1673519769929,210.895491880619,43.3758925894135,7.905063447318309e-11,0.140157619802891,0.227254781309429,True,4FGL J1403.4+4319,85.6224517822266,68.2177963256836,bll,3.7791145213184045e-11,NVSS J140319+432018
1FDL J0330.4-2409,217.27843366718,-54.1875751004786,52.6102854021562,-24.1572083125973,1.576701061472343e-10,0.134695194294826,0.218397869072028,True,4FGL J0330.7-2408,217.291748046875,-54.1110916137695,bcu,1.1012782352715078e-10,NVSS J033050-240612
1FDL J2351.7-0443,87.8640618840261,-63.4472413912424,357.925364195376,-4.71870509110314,1.5749274770369062e-10,0.131006465771454,0.212416866639898,False,,,,,,
1FDL J1326.2+1233,333.859653826439,73.3127311500293,201.556134818793,12.5656920405643,1.573803982664724e-10,0.108735036427971,0.176305455073641,True,4FGL J1326.1+1232,333.788787841797,73.2885589599609,bll,1.0653572468655169e-10,LEDA 1410672
1FDL J0112.9-6441,299.181438390102,-52.2849422739937,18.2294301713009,-64.6866109671081,1.5689760707789549e-10,0.145110991452135,0.235286281264638,False,,,,,,
1FDL J1114.8-0249,261.294495803081,52.0649434549072,168.720116594255,-2.82421010918493,1.5688708724552865e-10,0.142535254682005,0.231109902062517,True,4FGL J1114.7-0248,261.239196777344,52.0676422119141,fsrq,1.4412707138866662e-10,PMN J1114-0248
1FDL J0045.9-5100,305.07115330773,-66.0986474046704,11.4822080705403,-51.0067161863775,1.5674776603736984e-10,0.134478582979748,0.218046636708268,False,,,,,,
1FDL J0139.3-2945,229.732849119171,-79.1428836008429,24.8472497870067,-29.7540019983881,1.5668059062481663e-10,0.123200075192806,0.199759411645996,False,,,,,,
1FDL J0006.2-0015,99.0879539234851,-61.0256320603199,1.56644665798088,-0.262504813898837,1.5662994664834053e-10,0.138632481017978,0.22478188165649,False,,,,,,
1FDL J1337.0+0042,327.344790685046,61.4032194072478,204.270304876871,0.713878091157278,1.5655007499468088e-10,0.138476465973292,0.224528898424522,False,,,,,,
1FDL J1254.3+1141,305.592322228676,74.545016948016,193.583194379978,11.6882248732468,1.563927009101731e-10,0.139799805797314,0.226674619155364,True,4FGL J1254.9+1138,306.136199951172,74.4994964599609,fsrq,2.3115702407761063e-10,ON 187
1FDL J1125.4+1158,245.644461192419,64.7805653634128,171.360230147947,11.9808873817238,1.563062126076523e-10,0.143334954587091,0.232406577075424,False,,,,,,
1FDL J1232.0+0831,288.193197771531,70.846370080822,188.017556489928,8.53089432593596,1.5613151002261498e-10,0.155483824471261,0.252105040326697,False,,,,,,
1FDL J0115.3-3352,267.89706225378,-81.5163455609828,18.8309263301658,-33.8788257281789,1.561072093024082e-10,0.160674469378091,0.260521252032631,True,4FGL J0114.9-3400,268.032409667969,-81.4633636474609,bll,1.300256985414805e-10,1RXS J011501.3-340008
1FDL J0343.7-1353,203.540306008802,-47.7855163444956,55.928850257332,-13.8945955246489,1.5574576275343147e-10,0.145533164550307,0.235970779626208,False,,,,,,
1FDL J1157.7+3252,183.373488111409,77.0544781361729,179.443721558359,32.8710555731217,1.556231063863883e-10,0.134600181471096,0.218243809345925,False,,,,,,
1FDL J0029.3+0046,111.269292406926,-61.5955309343984,7.34084509662509,0.775349770565565,1.5554076835737598e-10,0.145316048797015,0.235618763674468,False,,,,,,
1FDL J1321.5+5417,113.463429924652,62.279722577009,200.392808725956,54.2910958582178,1.5526463975774463e-10,0.144319933047704,0.234003623080468,False,,,,,,
1FDL J2138.6-1952,31.5613663436222,-45.4651649102017,324.653229938022,-19.8747956272203,1.551479351599282e-10,0.145239645009556,0.235494868007864,False,,,,,,
1FDL J0835.1+2411,200.357409138135,32.8059131686452,128.782728285727,24.1989214228623,1.542373944378491e-10,0.144910659617134,0.234961458733941,False,,,,,,
1FDL J1450.2-2537,333.988234727192,29.9792472375508,222.570544970184,-25.6302847054449,1.5423074627187671e-10,0.211383803140159,0.342742534847892,False,,,,,,
1FDL J1115.8+1817,229.764138217711,66.3039451003771,168.958699683555,18.2985657718091,1.5416907972613664e-10,0.140983551052944,0.22859396321039,False,,,,,,
1FDL J0122.8-1343,153.147453830725,-74.7183901927001,20.706851968641,-13.7190799004337,1.5403586083837656e-10,0.118361632864436,0.191914248721508,False,,,,,,
1FDL J1116.8+3018,198.580357017264,69.0604915159277,169.21513133488,30.3120475585155,1.5402442635777832e-10,0.123758882211716,0.200665484963299,False,,,,,,
1FDL J1035.6+0934,235.168288048833,53.5083898901708,158.9246281608,9.57222399010189,1.5364940400550623e-10,0.126472241605999,0.205064983446855,False,,,,,,
1FDL J0207.6-8129,299.545686961253,-35.1305637886438,31.9137037884822,-81.4906090518821,1.5353906090776462e-10,0.201884839188291,0.327340724952313,False,,,,,,
1FDL J0320.8-3831,242.624678685047,-56.8722091790848,50.2177481076628,-38.5205998725602,1.533880194990825e-10,0.166678144230771,0.270255739413877,True,4FGL J0319.9-3821,242.377670288086,-57.0675849914551,bcu,1.5481797788208238e-10,NVSS J031957-381527
1FDL J0017.7+2239,112.8481583354,-39.5598849660141,4.44871799195639,22.6522242486878,1.5326061360635496e-10,0.152272791087945,0.246898601350921,False,,,,,,
1FDL J1140.7+0027,267.532942100258,58.3896123829077,175.183900362241,0.463291990819206,1.5321364334255247e-10,0.167428583678474,0.27147254870714,False,,,,,,
1FDL J0059.4-4312,297.684961079736,-73.8351328517545,14.8613420938535,-43.2114461700954,1.5315018297045656e-10,0.136592420138233,0.221474078129593,False,,,,,,
1FDL J0223.3-3441,239.599350880022,-68.9426291241831,35.8431013074616,-34.6841640988882,1.5300868404294945e-10,0.111144765970306,0.180212669017664,True,4FGL J0223.0-3447,239.947448730469,-68.9842834472656,fsrq,1.2327559806291075e-10,PKS 0220-349
1FDL J1116.8+1819,229.976512606317,66.5397383566132,169.221028596937,18.3267089587266,1.525053361924081e-10,0.173548710671113,0.281395853826511,False,,,,,,
1FDL J2332.8-5243,327.358524831658,-60.5087597516756,353.214494453069,-52.7326448290948,1.5248707714683463e-10,0.147650220587123,0.23940344240202,False,,,,,,
1FDL J0915.6+0628,224.630359162597,34.88855275357,138.920873841291,6.47639412919585,1.5247575763645812e-10,0.127943159825042,0.20744996242898,False,,,,,,
1FDL J1023.3+1726,220.919308549178,54.546804148764,155.839900862031,17.4400288723868,1.5226048190389834e-10,0.191115034811222,0.309878296077323,False,,,,,,
1FDL J0146.9-2316,198.904777451544,-76.8705952936342,26.7396471091205,-23.2699578775697,1.5216753309792192e-10,0.126539399785663,0.205173861307899,False,,,,,,
1FDL J1016.7+2048,214.572469967606,54.2481000691847,154.194114557743,20.8037846602641,1.521132481008531e-10,0.11057281174821,0.179285290541044,False,,,,,,
1FDL J0130.4-4308,279.15753693408,-72.1313619853479,22.6208313934748,-43.1487525639846,1.5207099936306483e-10,0.150781781124391,0.244481029180249,False,,,,,,
1FDL J0154.3-0244,157.305618589403,-61.34562441433,28.5859422387014,-2.74512659824435,1.5184211346583996e-10,0.155591159523761,0.252279073271015,True,4FGL J0154.3-0236,157.148208618164,-61.234546661377,bcu,1.9349603863627607e-10,TXS 0151-028
1FDL J0825.1-1032,233.641167546297,15.3321328621634,126.284199303976,-10.5418107896879,1.5175051023839763e-10,0.14194814941034,0.230158015388534,False,,,,,,
1FDL J0050.7-4647,303.29355946301,-70.3416331191785,12.6818045646563,-46.7861202664709,1.5164116769467942e-10,0.128710114405796,0.208693509540341,False,,,,,,
1FDL J1011.6+3605,187.954527551749,55.0745384017912,152.90441631991,36.0870253412088,1.5156347706415923e-10,0.167535161226835,0.271645350763011,True,4FGL J1011.6+3600,188.081634521484,55.0793495178223,bll,1.4452924967933709e-10,NVSS J101147+360019
1FDL J1140.4+3621,176.980608836106,72.3548292292102,175.118077080309,36.3641069488023,1.515384357683088e-10,0.154015673868527,0.249724527709607,False,,,,,,
1FDL J0451.7-3529,238.090706212474,-38.7674151105922,72.9399973408753,-35.4873651889567,1.5101605465797727e-10,0.145018101173549,0.235135669899883,False,,,,,,
1FDL J0010.9-3152,2.24825093188713,-79.9949566741963,2.72677407501724,-31.8672298331913,1.5093904574446556e-10,0.206430040513581,0.334710359913488,True,4FGL J0011.8-3142,2.55854558944702,-80.2352600097656,bcu,1.228835089239766e-10,SUMSS J001141-314220
1FDL J1208.0+1211,266.56870222771,71.9250930140113,182.011959394514,12.1881770191143,1.5056937233460195e-10,0.157404556118691,0.25521933089504,True,4FGL J1208.2+1158,267.091400146484,71.7740859985352,,1.3213301286452148e-10,
1FDL J0632.0-4418,252.734739207908,-21.8657294968544,98.0042428302811,-44.3116265804623,1.5036470964499027e-10,0.159038000835727,0.257867853340386,False,,,,,,
1FDL J2245.2+0409,73.825097651354,-46.3309031740082,341.30284738837,4.15594377804303,1.5030242928786287e-10,0.171587978353876,0.278216651817211,False,,,,,,
1FDL J1149.6+2825,203.930384747527,76.2869935970298,177.419166041315,28.4242322757182,1.5029667055821132e-10,0.148539874789755,0.240845947917741,True,4FGL J1149.1+2819,204.338439941406,76.1644744873047,bcu,1.3559682543462515e-10,7C 1146+2841
1FDL J1723.5+3557,60.0529983724322,32.4958912171519,260.891404259845,35.956404589616,1.502347781476183e-10,0.176036926040344,0.285430298283369,False,,,,,,
1FDL J1213.6-0937,287.668118780739,52.1206907914561,183.423016437319,-9.62886377314497,1.4984816877411274e-10,0.15065323169682,0.244272592029002,False,,,,,,
1FDL J2247.5-2121,37.7076173565536,-61.2534069228056,341.888800045697,-21.3553283617706,1.4971724951278194e-10,0.18328018026769,0.297174650601756,False,,,,,,
1FDL J2239.5-2904,21.2623038608122,-60.9341831715224,339.876357562028,-29.0788365885124,1.494815250544008e-10,0.131769559948846,0.213654186228786,False,,,,,,
1FDL J0959.8+4550,171.789908827342,51.3799259542129,149.955791942998,45.8346369065743,1.4947114452588097e-10,0.162632440470702,0.263695982547702,True,4FGL J0959.6+4606,171.976303100586,51.2868995666504,bcu,9.310992254984995e-11,2MASX J09591976+4603515
1FDL J2345.0-4223,340.189286045452,-69.6028362325918,356.257767078317,-42.3979513617429,1.4942962961990842e-10,0.125058741295883,0.202773107706749,False,,,,,,
1FDL J2338.9-2651,29.7679348982634,-73.8740448860146,354.74947004972,-26.8519101594953,1.4895945682437364e-10,0.135488060073058,0.219683443352444,True,4FGL J2339.3-2656,29.4460582733154,-73.9607162475586,bcu,9.941873713170679e-11,NVSS J233917-265638
1FDL J2247.9-3706,4.15186658897561,-62.1586247470489,341.977523877522,-37.1075866987933,1.488703056387674e-10,0.179061678751193,0.290334718003801,True,4FGL J2247.5-3700,4.39660692214966,-62.1166000366211,fsrq,8.924901095941351e-11,PKS 2244-37
1FDL J0922.6+1341,217.46582878223,39.6376446424825,140.660930494849,13.692302659121,1.4882004790484775e-10,0.217893636823769,0.353297697641885,False,,,,,,
1FDL J2353.7-1507,71.8140386630248,-71.993527781175,358.425070332887,-15.1266744072286,1.4866403632368406e-10,0.133637198985546,0.216682409610137,True,4FGL J2353.5-1457,72.140739440918,-71.8540344238281,bll,1.2921030911883236e-10,1REX J235320-1458.9
1FDL J0300.5-1502,197.60399368533,-57.6806439442745,45.1301480017698,-15.0441472579638,1.4838448031057774e-10,0.164623349142594,0.266924070358782,False,,,,,,
1FDL J2240.0-2917,20.8294031027428,-61.0660618258164,340.010325724265,-29.2973762234189,1.4798314060691913e-10,0.159695411314758,0.258933802733104,False,,,,,,
1FDL J0145.9-2509,206.82504665191,-77.6182924897688,26.4833175884733,-25.1554976218731,1.4791865867816385e-10,0.141924953168324,0.230120371262265,False,,,,,,
1FDL J0054.1-4859,301.75186949729,-68.1241064449911,13.5296111856161,-48.9980037197175,1.477929643288354e-10,0.136054812694719,0.220602401684959,False,,,,,,
1FDL J0321.1-1616,203.391698985589,-53.7210344418708,50.2975917878738,-16.2785345992609,1.4777314624344511e-10,0.157479983637372,0.255341663321074,True,4FGL J0321.3-1612,203.304672241211,-53.6671829223633,bll,1.0879448730793939e-10,PMN J0321-1612
1FDL J2101.7-2356,22.862470510554,-38.5343836117498,315.434695040054,-23.9407660483787,1.476341404969344e-10,0.171975197188609,0.278844539240429,False,,,,,,
1FDL J1416.7+6054,105.726068760469,53.278940494841,214.18980333915,60.90606461087,1.4762919105100984e-10,0.160152577531915,0.259675056873333,False,,,,,,
1FDL J1041.6+5313,156.595853472969,54.5737682166429,160.404052106253,53.2196942746218,1.4732758841401636e-10,0.168576802280891,0.27333430092591,True,4FGL J1043.0+5316,156.31330871582,54.7180252075195,,8.312889959727343e-11,
1FDL J1528.4+2335,36.1573124913156,54.4848963776432,232.124040356113,23.5933495549841,1.4694494139385684e-10,0.143982064787448,0.233455801040687,False,,,,,,
1FDL J0041.8+0705,118.729211494038,-55.7069404120084,10.4747804941182,7.08694960094031,1.4678281082912295e-10,0.12117946387639,0.196483136375324,False,,,,,,
1FDL J0725.5+3952,178.589132960406,23.184081545228,111.394663045932,39.8701216029876,1.467585593942587e-10,0.209507254067642,0.339699862322235,False,,,,,,
1FDL J0611.5-4726,255.047546213226,-26.1031337735545,92.8994119030668,-47.4427962426982,1.4656434112885946e-10,0.134279454528574,0.217723778923932,True,4FGL J0611.4-4722,254.974853515625,-26.1202373504639,,9.467797379425491e-11,
1FDL J1630.7+3735,60.2723183150735,43.1818302163773,247.69486020563,37.5961320169934,9.244949857769557e-10,0.0776468161645375,0.125898327348012,True,4FGL J1630.6+3734,60.251335144043,43.2062721252441,PSR,1.177471342650449e-09,PSR J1630+3734
1FDL J2301.2-2643,27.5187662548636,-65.4851223950478,345.311867524432,-26.7254300615415,1.4636407081885495e-10,0.149206787276016,0.241927295725184,True,4FGL J2300.7-2645,27.4245796203613,-65.3734512329102,fsrq,1.6179239892277764e-10,PKS 2257-270
1FDL J0323.6-6031,276.045304003043,-47.8773579269478,50.9234255814101,-60.5300929363507,1.4625860942839804e-10,0.137892558067529,0.223582142305598,False,,,,,,
1FDL J0033.0+3137,118.362040384948,-31.0753191291981,8.26234140367405,31.6332096240984,1.4622989225562364e-10,0.178434523317034,0.289317792972722,False,,,,,,
1FDL J0839.9+2815,196.032020862628,34.984009785669,129.989129744773,28.2558621914367,1.4586756055300226e-10,0.189966819139318,0.30801653142718,False,,,,,,
1FDL J1340.7-1757,319.148406980214,43.3529931126522,205.185191720196,-17.9608891129187,1.4577292896532842e-10,0.188769930474555,0.306075894520133,False,,,,,,
1FDL J0159.5-4302,266.373081675186,-68.9319654701996,29.8944859638184,-43.0381545630101,1.45653592220814e-10,0.158449981012061,0.256914419779114,False,,,,,,
1FDL J1144.6-0232,271.833226214585,56.2385174753466,176.161331880407,-2.54642566309286,1.4535219682537448e-10,0.130831305720221,0.212132859202218,False,,,,,,
1FDL J0003.2-1531,76.5051696803788,-73.8761316070839,0.80607770607445,-15.5263934602424,1.4527424932880954e-10,0.149540878571445,0.242468970796724,False,,,,,,
1FDL J1113.7+1531,235.014654540178,64.5278008685449,168.426567286207,15.5311847228895,1.4371544368574207e-10,0.125533458197044,0.203542801931896,True,4FGL J1113.8+1528,235.150955200195,64.5271530151367,bll,1.59465177174134e-10,2MASS J11135586+1528058
1FDL J0827.4-0059,225.328966660411,20.7452710751606,126.866708956857,-0.983431549901448,1.437009899563789e-10,0.139162956468095,0.225642008867886,True,4FGL J0827.6-0059,225.360382080078,20.7703037261963,,1.505481433961009e-10,
1FDL J1443.3+2023,24.2101316942623,63.5785082866924,220.842269814036,20.3835498736132,1.434266451231856e-10,0.159043346806788,0.257876532549856,False,,,,,,
1FDL J1421.8+3123,50.5694908012568,69.8683867981666,215.457013351746,31.3951133895837,1.4294283787737455e-10,0.174881943571742,0.283557584100812,False,,,,,,
1FDL J1244.2+7100,123.772185990727,46.114342355229,191.069909632803,71.0022296072884,1.4260777369641852e-10,0.177772432702175,0.288244267965448,False,,,,,,
1FDL J2232.5+3342,92.4819220297567,-20.8244215514842,338.148750004113,33.7113152253546,1.4213523765623942e-10,0.180455695123545,0.292594974582761,False,,,,,,
1FDL J0450.2-3033,231.819745004406,-38.198454764116,72.5678106639292,-30.5564871534803,1.4181191444854903e-10,0.173788447095702,0.281784521915405,False,,,,,,
1FDL J2247.2-2959,19.519554207275,-62.6585498405475,341.806384102365,-29.9907300369179,1.4177388486829522e-10,0.146679813784852,0.23783000934718,False,,,,,,
1FDL J0955.4+2333,207.992161878845,50.2773883508101,148.864674165166,23.5590674507182,1.4173416843032855e-10,0.14936763446007,0.242188105424937,False,,,,,,
1FDL J0841.2-0056,227.155748724057,23.7435822955347,130.30908797944,-0.949456616905753,1.416503591507313e-10,0.150354187160279,0.243787714112292,False,,,,,,
1FDL J0959.3-1757,255.268303356367,28.5737566921316,149.827249549844,-17.9564521413679,1.4151541848870125e-10,0.164111675263025,0.266094442788763,False,,,,,,
1FDL J0909.4+3108,194.205917348671,41.8680139604015,137.374036008411,31.1383107301857,1.413978741179855e-10,0.12581212913494,0.203994686545158,True,4FGL J0909.7+3104,194.295425415039,41.9202766418457,bll,1.2140430327711726e-10,B2 0906+31
1FDL J0318.9-3033,227.910189121653,-57.6508117194509,49.7450208465341,-30.5503165270424,1.4091483615003095e-10,0.149162257473583,0.24185509473202,False,,,,,,
1FDL J0908.6+5319,164.307146669601,41.7077327521885,137.16551213322,53.3175213873441,1.4061886881371248e-10,0.168504996955252,0.273217840636068,False,,,,,,
1FDL J1302.9+4744,117.453675791786,69.2688320771357,195.739718002749,47.7366869711495,1.403147865684825e-10,0.146929057719787,0.238234125905609,True,4FGL J1302.7+4750,117.592399597168,69.1613235473633,bll,6.178081657370882e-11,TXS 1300+481
1FDL J1559.9+6230,95.3076527925627,43.1535745609992,239.991099684824,62.5145496386027,1.3999325774430633e-10,0.184501029599716,0.299154146316562,False,,,,,,
1FDL J0948.0+1456,219.300735329656,45.7757596977321,147.016359450671,14.9459584425228,1.39292688236557e-10,0.120880510651329,0.195998427690248,False,,,,,,
1FDL J0547.1-3353,239.083836694956,-27.3044062763584,86.7959847980316,-33.8987609735702,1.3901011416139107e-10,0.17561026020443,0.284738510273669,False,,,,,,
1FDL J0249.4-3157,230.770350081471,-63.9722384088199,42.3550901907428,-31.9630311200185,1.3852561278787815e-10,0.158119407137717,0.256378422297443,False,,,,,,
1FDL J1033.0+2920,200.522500318176,59.5458422013064,158.258779370395,29.3413236391708,1.381972623918789e-10,0.160994896177076,0.261040789165729,False,,,,,,
1FDL J0500.9-5308,260.690717892711,-37.7602713635332,75.2368844277252,-53.1416347588204,1.379621646806113e-10,0.142377520248843,0.230854161101925,False,,,,,,
1FDL J1016.9-0559,248.701769497172,40.0870583672357,154.238715761977,-5.99121836659855,1.3725039405113475e-10,0.22582607404133,0.366159555873829,False,,,,,,
1FDL J0855.4-0425,232.437149230569,24.957224359711,133.862669432462,-4.41695988757226,1.365341214073086e-10,0.192668169522397,0.312396558823557,False,,,,,,
1FDL J1220.3+6609,127.888602010065,50.6732078244573,185.075131935642,66.15432164751,1.3646155631240883e-10,0.145823496627182,0.236441558876107,False,,,,,,
1FDL J0928.0+4619,173.221783573301,46.0863405087464,142.02429610784,46.3179409339783,1.3618603005785334e-10,0.193343234163162,0.313491147707072,True,4FGL J0929.6+4621,173.119018554688,46.1409339904785,bcu,1.0376229736541731e-10,SDSS J092922.75+462046.4
1FDL J0856.1+3718,185.594025705191,40.0117089627701,134.045886123937,37.3161644609612,1.3596770276122669e-10,0.168411840860508,0.273066793900672,False,,,,,,
1FDL J0219.0+3642,141.875589182193,-22.9169151011016,34.7599912327445,36.7114140780871,5.402974029264396e-10,0.101349811537272,0.164330880847944,True,4FGL J0218.9+3643,141.862854003906,-22.9148120880127,bcu,6.881658576318728e-10,MG3 J021846+3641
1FDL J0111.3-2550,197.893978064574,-85.3628056429164,17.8361114443524,-25.8376510338434,1.3535306045244348e-10,0.118451172256523,0.192059430039806,True,4FGL J0111.5-2546,197.394546508789,-85.2928619384766,bcu,1.175209790593712e-10,NVSS J011130-254531
1FDL J0106.1-5009,296.952691151929,-66.7927314795817,16.5334745952359,-50.1645624646767,1.3520210085563418e-10,0.14771904234558,0.239515048869896,False,,,,,,
1FDL J0030.2-3609,328.10987905085,-79.9160260571461,7.56613735936712,-36.1544441235873,1.3488711935819902e-10,0.167262183620168,0.271202732746908,True,4FGL J0030.9-3618,327.037231445313,-79.8380508422852,,7.814508068415549e-11,
1FDL J1111.0-1159,267.759145753851,43.925750163559,167.76364252517,-11.9841668931273,1.3485191557585694e-10,0.155083272883498,0.251455555714472,False,,,,,,
1FDL J0247.5-0817,183.910738744428,-56.7076362523336,41.8756329657865,-8.28797843489302,1.3476055781811553e-10,0.157858880863629,0.25595601213699,False,,,,,,
1FDL J0156.7-1550,179.598840068166,-71.1124193787512,29.1881898513657,-15.8499535064723,1.3471086970884635e-10,0.179191602615629,0.290545338951509,False,,,,,,
1FDL J2303.4-1832,46.2662608746218,-63.7431709796761,345.855106255918,-18.5498162672498,1.3442777177879332e-10,0.154817333464502,0.251024364941654,True,4FGL J2302.8-1841,45.8381614685059,-63.6820068359375,rdg,2.1587757970120689e-10,PKS 2300-18
1FDL J2259.8-6214,322.894496053478,-50.3332088722145,344.954715063938,-62.247525328542,1.3432110008474817e-10,0.144929284003247,0.234991688265645,False,,,,,,
1FDL J0222.4-2319,207.520742383602,-69.1010617938741,35.6122626914122,-23.3312391658021,1.3398506769070765e-10,0.185442719636658,0.300681051039499,False,,,,,,
1FDL J0348.0-5831,271.201027379674,-46.2439360298049,57.0148348635109,-58.5239059809404,1.3396228909967973e-10,0.174780674527014,0.283393369184568,False,,,,,,
1FDL J1004.8+2400,208.154276771467,52.4769282952079,151.221342511616,24.0035588786677,1.3363035433895589e-10,0.151861358866591,0.246231474546494,False,,,,,,
1FDL J1438.9+4504,79.9612895327322,62.0600552412429,219.744568531796,45.068716324137,1.3288602786692895e-10,0.205939850973442,0.333915559611562,False,,,,,,
1FDL J0038.6-1302,110.324493178068,-75.6056720609901,9.66653538621651,-13.0474757908766,1.3219965445892124e-10,0.160039558719018,0.259491760575823,False,,,,,,
1FDL J2340.7+0025,88.3811086388135,-57.6303907473431,355.183040710168,0.418915282950743,1.310901438405593e-10,0.16336346063027,0.264881229424662,False,,,,,,
1FDL J1017.7+0202,240.782971810524,45.4911642766959,154.444626891635,2.0424003854959,1.3094566333104025e-10,0.163248357663781,0.26469462359987,True,4FGL J1018.2+0145,240.994552612305,45.4016990661621,,1.4995429897801668e-10,
1FDL J1155.0-0208,275.793765583535,57.7324848463639,178.755112561334,-2.13580631221115,1.3046864740826747e-10,0.174568904968823,0.283050037542719,False,,,,,,
1FDL J1006.8-0448,245.37287946678,39.0278689105262,151.717978649069,-4.80379474564292,1.2894420830005154e-10,0.149474786501036,0.242361833657966,False,,,,,,
1FDL J0846.8-0414,231.011816110997,23.2348407291936,131.705328491824,-4.23884289471413,1.2660293094094008e-10,0.162791516948722,0.263953917222692,False,,,,,,
1FDL J0229.7-1526,190.820007134644,-64.3689697144268,37.4266545285554,-15.4382145762767,1.2609945222341324e-10,0.142943052845643,0.231771149333489,False,,,,,,
1FDL J2257.1-6207,323.380611237254,-50.2238870909612,344.29947758013,-62.1251078992974,1.2585901252458227e-10,0.164957340403956,0.267465596093145,False,,,,,,
1FDL J1152.9+0505,268.033813816694,63.916800322989,178.231601704339,5.08346895060361,1.255029690112702e-10,0.167145291333308,0.271013198615348,False,,,,,,
1FDL J0012.9-1220,89.6534583021826,-72.6666653948367,3.22633556494026,-12.3336281924147,1.2524447020828215e-10,0.198560916290022,0.321951212142267,False,,,,,,
1FDL J2214.8-3212,14.7683841993377,-55.8030550450556,333.721052071164,-32.2137355008733,1.2386202045355632e-10,0.167567135124869,0.271697150101491,False,,,,,,
1FDL J1258.6+2808,65.7196006840958,88.1008782928918,194.670106181049,28.1450420448876,1.2385875777601745e-10,0.130136188786059,0.211005803917324,False,,,,,,
1FDL J2305.8-4221,350.758868322581,-63.6716415553328,346.450307795137,-42.3524444295388,1.2258961468425663e-10,0.175169416500465,0.284023669477406,False,,,,,,
1FDL J0945.8+2605,203.429581558658,48.7432026369864,146.462401391636,26.0834313056698,1.2244761204574848e-10,0.183112974283255,0.296903563755902,False,,,,,,
1FDL J1105.1+3000,199.571376922501,66.5293247958263,166.276304799847,30.011011578516,1.2229933061377876e-10,0.160571092895037,0.260353627695469,False,,,,,,
1FDL J0440.2-4343,248.651894914604,-41.5771551483767,70.0545604013783,-43.7326655408693,4.855271499286623e-10,0.15600031230178,0.252942454860763,True,4FGL J0440.3-4333,248.411911010742,-41.553524017334,fsrq,5.439781958216372e-10,PKS 0438-43
1FDL J1131.9+1540,240.695706129226,68.2905919943627,172.984508155681,15.6814391743769,1.2194167605897356e-10,0.196747118941975,0.319010247136118,False,,,,,,
1FDL J0336.8-3607,237.874193330777,-53.9532063662161,54.2019375494577,-36.1237027115256,1.2061618834899183e-10,0.138797079284481,0.225048764184702,True,4FGL J0336.8-3612,238.024154663086,-53.9347648620606,fsrq,1.687686379536757e-10,PKS 0335-364
1FDL J0844.3+1536,210.782149039888,31.8682409801877,131.075589683761,15.6105701951914,1.2040494398797807e-10,0.192341200759156,0.311866394022389,False,,,,,,
1FDL J0959.2-1921,256.348285488902,27.5462707092068,149.810351344611,-19.357772149688,1.19238844831634e-10,0.177538027356628,0.287864221206382,False,,,,,,
1FDL J0143.7+0457,146.38543197487,-55.5055657274076,25.9358661570368,4.96628398790646,1.168147489603788e-10,0.222771900746717,0.361207408571803,False,,,,,,
1FDL J0215.2-3301,236.055587019167,-70.9716909781811,33.8139403561067,-33.0261303789662,1.1659285044537308e-10,0.138824008908385,0.225092412178963,False,,,,,,
1FDL J0239.6-1358,190.841911214855,-61.5573895335152,39.9103954644277,-13.9773250085554,1.1527856455006311e-10,0.175890328877912,0.285192604691632,True,4FGL J0239.5-1353,190.66291809082,-61.525016784668,bcu,6.40720601574607e-11,CRATES J023939.13-135409.6
1FDL J2219.8-1336,46.1544429991821,-52.1716785157461,334.959307717789,-13.6099371524194,1.1496869453708641e-10,0.189675938131608,0.30754488843987,False,,,,,,
1FDL J1402.5+0316,341.499577305433,60.7075542181734,210.649447554124,3.28017400977052,1.1266297107927698e-10,0.150359438880708,0.243796233911224,False,,,,,,
1FDL J1346.7+2330,19.8095320132733,76.9887349845819,206.692793735088,23.5022727192511,1.1260498057401398e-10,0.173847346971337,0.281880077353755,False,,,,,,
1FDL J0231.7-1656,194.420657739494,-64.692499499191,37.9312777028225,-16.943730830581,1.1035776082540364e-10,0.163349820598426,0.264859100621089,False,,,,,,
1FDL J1111.7-2803,277.541455165973,29.8445546245329,167.93152818289,-28.0648814383466,1.102977872790146e-10,0.205183511604729,0.332689271355199,False,,,,,,
1FDL J0916.0+0046,230.584227335413,32.0880533895635,139.015388541671,0.777960183502826,1.0949276927008972e-10,0.220476273649129,0.357485245803024,False,,,,,,
1FDL J0244.6-2736,220.620365476,-64.9112582347354,41.1674942023597,-27.6099658662432,1.0891587880481155e-10,0.195465992677057,0.316932995634666,False,,,,,,
1FDL J0322.6-2325,215.292754378332,-55.7477273384303,50.6566784970456,-23.4242013029091,1.0848455703223629e-10,0.188278619494076,0.305279222592413,False,,,,,,
1FDL J2345.9-3640,354.30597515971,-73.1777080805793,356.486237023657,-36.6733682934155,1.0762935062630453e-10,0.210515704663752,0.34133500717488,False,,,,,,
1FDL J0026.7-3000,3.5850950344816,-83.8560204768529,6.67510703434809,-30.003156392705,1.0569863041653496e-10,0.198158639326345,0.321298941147721,False,,,,,,
1FDL J1114.0+3135,195.181059956238,68.3718627173213,168.521724768928,31.5935989490081,1.0531358574654423e-10,0.188583202118502,0.305773124411209,False,,,,,,
1FDL J1334.4+1504,344.783908855772,74.3394304534897,203.609541351257,15.0764565882114,1.0501868114755006e-10,0.201134095163444,0.326123423642235,False,,,,,,
1FDL J0957.5+4342,175.857100249076,51.4460153783582,149.395402810657,43.7082113443096,9.941373713774271e-11,0.206778703192557,0.335275692560637,False,,,,,,
